precipitation_sum (mm),rain_sum (mm),snowfall_sum (cm),precipitation_hours (h),weather_code (wmo code),temperature_2m_mean (°C),wind_speed_10m_max (km/h),date,minimum_traffic_index,maximum_traffic_index,average_traffic_index
0.0,0.0,0.0,0.0,1,7.0,19.6,2018-01-01,1,44,11.7942238267148
0.1,0.1,0.0,1.0,51,8.7,20.9,2018-01-02,1,51,17.814035087719297
10.7,10.7,0.0,14.0,63,8.9,9.4,2018-01-03,1,57,25.46341463414634
2.4,2.4,0.0,9.0,55,8.1,14.0,2018-01-04,1,57,23.6411149825784
1.3,1.3,0.0,5.0,53,7.8,16.6,2018-01-05,1,61,26.433566433566437
0.0,0.0,0.0,0.0,3,6.4,12.0,2018-01-06,1,49,21.477351916376303
0.0,0.0,0.0,0.0,1,7.7,16.3,2018-01-07,1,40,14.651567944250871
0.0,0.0,0.0,0.0,3,9.5,10.5,2018-01-08,1,54,21.56445993031359
0.1,0.1,0.0,1.0,51,8.4,17.6,2018-01-09,1,64,25.975524475524477
0.0,0.0,0.0,0.0,3,8.7,21.6,2018-01-10,1,61,25.07317073170732
1.4,1.4,0.0,7.0,51,8.4,16.1,2018-01-11,1,71,29.713286713286717
5.4,5.4,0.0,21.0,53,8.3,19.1,2018-01-12,1,69,27.772727272727273
3.2,3.2,0.0,13.0,55,7.2,35.7,2018-01-13,1,49,24.986062717770036
2.3,2.3,0.0,10.0,51,4.6,36.2,2018-01-14,1,36,14.121951219512196
0.0,0.0,0.0,0.0,3,3.4,14.3,2018-01-15,1,54,20.65853658536585
6.7,6.7,0.0,10.0,61,6.0,19.0,2018-01-16,1,61,27.75261324041812
4.0,4.0,0.0,13.0,53,10.2,28.3,2018-01-17,1,67,28.76306620209059
11.6,11.6,0.0,19.0,61,6.8,33.7,2018-01-18,1,61,31.23344947735192
0.0,0.0,0.0,0.0,3,5.1,23.6,2018-01-19,1,67,27.7972027972028
0.2,0.2,0.0,1.0,51,8.6,32.1,2018-01-20,1,53,25.304195804195803
12.3,12.3,0.0,15.0,63,9.2,36.3,2018-01-21,1,51,20.354166666666664
11.4,11.4,0.0,22.0,61,7.6,33.9,2018-01-22,1,75,33.36713286713287
4.6,4.6,0.0,13.0,55,3.9,37.5,2018-01-23,1,59,28.469964664310957
2.6,1.6,0.7,13.0,73,2.7,35.3,2018-01-24,1,76,31.846153846153847
0.0,0.0,0.0,0.0,3,2.8,32.1,2018-01-25,1,71,29.611888111888113
0.0,0.0,0.0,0.0,3,2.7,23.3,2018-01-26,1,76,30.07773851590106
0.0,0.0,0.0,0.0,3,2.7,13.8,2018-01-27,1,62,25.70175438596491
0.0,0.0,0.0,0.0,3,3.7,11.6,2018-01-28,1,58,21.027972027972027
0.0,0.0,0.0,0.0,3,3.9,16.8,2018-01-29,1,67,25.447552447552447
0.0,0.0,0.0,0.0,1,7.0,19.1,2018-01-30,1,72,29.02097902097902
0.0,0.0,0.0,0.0,2,6.5,12.8,2018-01-31,1,74,30.049295774647888
0.0,0.0,0.0,0.0,2,8.0,28.4,2018-02-01,1,74,30.68771929824561
0.0,0.0,0.0,0.0,3,11.6,32.9,2018-02-02,1,74,28.674825174825173
0.3,0.3,0.0,2.0,51,12.8,41.0,2018-02-03,1,56,24.814035087719297
16.9,16.9,0.0,6.0,63,12.6,43.5,2018-02-04,1,62,21.743859649122808
3.0,3.0,0.0,2.0,61,6.9,18.4,2018-02-05,1,62,23.714788732394368
0.0,0.0,0.0,0.0,3,6.5,17.4,2018-02-06,1,63,25.696864111498257
0.4,0.4,0.0,2.0,51,8.6,15.3,2018-02-07,1,69,26.143356643356643
4.8,4.8,0.0,11.0,61,10.6,23.5,2018-02-08,1,69,30.61754385964912
0.0,0.0,0.0,0.0,2,9.2,15.5,2018-02-09,1,63,27.414035087719295
4.2,4.2,0.0,7.0,61,8.1,29.5,2018-02-10,1,62,25.686411149825783
13.3,13.3,0.0,18.0,63,7.9,29.7,2018-02-11,1,56,20.199300699300696
1.2,1.2,0.0,4.0,51,4.7,17.1,2018-02-12,1,65,23.646853146853143
0.0,0.0,0.0,0.0,3,5.6,11.5,2018-02-13,1,65,25.08041958041958
3.3,3.3,0.0,6.0,55,8.9,31.9,2018-02-14,1,80,31.083623693379792
0.5,0.5,0.0,3.0,51,7.5,27.8,2018-02-15,1,62,26.23776223776224
0.2,0.2,0.0,2.0,51,7.0,29.1,2018-02-16,1,74,31.853146853146853
0.0,0.0,0.0,0.0,3,6.6,19.3,2018-02-17,2,45,23.28421052631579
0.0,0.0,0.0,0.0,3,6.3,17.9,2018-02-18,1,45,16.489510489510486
0.0,0.0,0.0,0.0,3,6.3,29.5,2018-02-19,1,58,23.16083916083916
0.2,0.2,0.0,2.0,51,6.9,28.4,2018-02-20,2,62,28.359154929577464
3.0,3.0,0.0,9.0,53,7.6,26.3,2018-02-21,1,63,25.72027972027972
0.0,0.0,0.0,0.0,3,8.6,23.7,2018-02-22,1,58,25.242957746478876
0.0,0.0,0.0,0.0,3,7.2,25.6,2018-02-23,1,69,29.024475524475523
2.8,2.8,0.0,3.0,61,6.8,24.4,2018-02-24,1,47,22.66315789473684
15.9,15.9,0.0,19.0,63,4.8,28.0,2018-02-25,8,47,21.129370629370626
3.4,3.4,0.0,4.0,61,5.6,40.7,2018-02-26,1,63,25.972125435540068
1.1,1.1,0.0,8.0,51,4.6,23.1,2018-02-27,2,69,31.45804195804196
15.2,15.2,0.0,8.0,63,3.9,30.6,2018-02-28,1,71,28.245421245421245
0.4,0.0,0.28,4.0,71,-0.0,21.3,2018-03-01,4,62,27.729824561403507
0.1,0.1,0.0,1.0,51,7.2,16.6,2018-03-02,1,65,27.659340659340657
12.9,12.9,0.0,11.0,63,11.0,34.8,2018-03-03,6,60,24.299638989169676
34.8,34.8,0.0,18.0,63,9.8,26.3,2018-03-04,4,47,19.472027972027966
0.0,0.0,0.0,0.0,3,7.2,30.7,2018-03-05,1,58,23.850174216027877
8.2,8.2,0.0,11.0,63,11.4,26.4,2018-03-06,4,60,31.07017543859649
5.9,5.9,0.0,9.0,61,14.1,30.4,2018-03-07,1,63,27.781690140845072
25.8,25.8,0.0,18.0,63,10.5,16.9,2018-03-08,1,71,34.098245614035086
0.2,0.2,0.0,2.0,51,8.7,12.9,2018-03-09,2,63,28.540069686411147
0.0,0.0,0.0,0.0,3,8.6,8.5,2018-03-10,1,53,26.49128919860627
0.0,0.0,0.0,0.0,3,9.8,12.0,2018-03-11,1,47,20.526132404181183
0.0,0.0,0.0,0.0,3,11.9,11.8,2018-03-12,1,58,25.477351916376303
3.1,3.1,0.0,8.0,55,12.7,26.6,2018-03-13,1,62,29.493006993006997
0.0,0.0,0.0,0.0,2,11.7,23.8,2018-03-14,1,62,28.235087719298242
1.2,1.2,0.0,1.0,55,10.4,14.3,2018-03-15,1,65,30.121951219512194
0.0,0.0,0.0,0.0,3,11.2,18.0,2018-03-16,1,63,30.153310104529616
0.0,0.0,0.0,0.0,3,14.8,26.1,2018-03-17,1,51,24.02097902097902
0.3,0.3,0.0,2.0,51,16.4,30.7,2018-03-18,1,40,18.467857142857145
4.2,4.2,0.0,12.0,53,9.9,25.5,2018-03-19,4,62,25.540069686411147
0.4,0.4,0.0,2.0,51,12.1,37.7,2018-03-20,1,63,28.6411149825784
0.0,0.0,0.0,0.0,3,12.5,18.9,2018-03-21,1,62,26.765734265734263
0.7,0.7,0.0,7.0,51,7.9,38.2,2018-03-22,1,69,33.94736842105263
2.2,2.2,0.0,6.0,55,9.1,31.9,2018-03-23,1,60,29.05923344947735
2.0,2.0,0.0,7.0,53,6.7,23.4,2018-03-24,1,51,26.586715867158674
7.4,7.4,0.0,8.0,63,7.6,21.1,2018-03-25,1,45,19.797909407665504
0.1,0.1,0.0,1.0,51,13.1,19.2,2018-03-26,1,54,22.104529616724736
3.1,3.1,0.0,6.0,61,12.7,22.7,2018-03-27,2,71,31.835087719298244
0.5,0.5,0.0,4.0,51,9.4,26.8,2018-03-28,2,63,27.50871080139373
6.7,6.7,0.0,16.0,53,7.1,28.2,2018-03-29,6,58,30.79298245614035
0.0,0.0,0.0,0.0,3,8.5,11.5,2018-03-30,1,67,29.619718309859156
0.0,0.0,0.0,0.0,3,12.9,12.7,2018-03-31,1,49,24.332167832167833
0.5,0.5,0.0,2.0,51,15.4,27.0,2018-04-01,1,49,20.97909407665505
10.7,10.7,0.0,9.0,63,11.2,16.7,2018-04-02,2,62,28.53703703703704
0.0,0.0,0.0,0.0,1,10.9,12.1,2018-04-03,2,60,28.37979094076655
0.0,0.0,0.0,0.0,1,11.6,10.8,2018-04-04,1,60,28.625
0.0,0.0,0.0,0.0,3,14.4,9.2,2018-04-05,1,63,28.944444444444443
0.0,0.0,0.0,0.0,3,13.8,26.2,2018-04-06,1,67,30.898954703832754
1.9,1.9,0.0,4.0,55,11.4,27.9,2018-04-07,1,54,27.416666666666664
1.5,1.5,0.0,2.0,55,11.2,32.8,2018-04-08,1,49,22.48780487804878
0.0,0.0,0.0,0.0,3,11.4,15.2,2018-04-09,1,60,26.37979094076655
0.0,0.0,0.0,0.0,3,12.9,8.0,2018-04-10,1,58,28.256944444444443
0.0,0.0,0.0,0.0,3,15.1,10.2,2018-04-11,1,63,28.548951048951047
0.1,0.1,0.0,1.0,51,16.5,20.0,2018-04-12,1,62,28.65156794425087
0.0,0.0,0.0,0.0,0,14.5,21.0,2018-04-13,1,69,31.818181818181817
0.0,0.0,0.0,0.0,3,11.9,25.8,2018-04-14,1,54,28.062717770034844
0.0,0.0,0.0,0.0,3,13.2,27.7,2018-04-15,1,53,24.086805555555557
0.0,0.0,0.0,0.0,3,13.0,27.2,2018-04-16,1,56,25.414634146341463
0.2,0.2,0.0,2.0,51,12.1,20.8,2018-04-17,1,62,27.78776978417266
0.0,0.0,0.0,0.0,3,11.9,21.7,2018-04-18,1,60,27.97909407665505
0.0,0.0,0.0,0.0,3,13.3,19.0,2018-04-19,1,62,28.692307692307686
5.8,5.8,0.0,10.0,63,12.4,27.8,2018-04-20,1,71,36.28819444444445
0.0,0.0,0.0,0.0,1,12.4,19.5,2018-04-21,1,54,28.399305555555557
0.0,0.0,0.0,0.0,0,13.1,15.0,2018-04-22,1,45,23.644599303135887
0.0,0.0,0.0,0.0,0,15.8,9.5,2018-04-23,1,38,17.35763888888889
0.0,0.0,0.0,0.0,2,17.7,8.7,2018-04-24,1,58,24.623529411764704
0.0,0.0,0.0,0.0,3,18.5,12.6,2018-04-25,1,58,26.29513888888889
0.0,0.0,0.0,0.0,1,19.7,18.4,2018-04-26,1,60,28.442508710801395
0.0,0.0,0.0,0.0,3,19.4,21.4,2018-04-27,1,67,30.604166666666664
0.0,0.0,0.0,0.0,3,16.7,29.0,2018-04-28,1,54,28.01736111111111
0.0,0.0,0.0,0.0,3,16.1,26.0,2018-04-29,1,44,20.62676056338028
0.0,0.0,0.0,0.0,3,15.2,18.3,2018-04-30,1,54,23.494661921708182
0.0,0.0,0.0,0.0,3,14.5,18.6,2018-05-01,1,24,12.190972222222221
0.0,0.0,0.0,0.0,3,15.0,18.3,2018-05-02,1,67,27.746527777777775
0.0,0.0,0.0,0.0,3,16.1,25.0,2018-05-03,1,63,29.195121951219512
0.0,0.0,0.0,0.0,3,16.0,24.8,2018-05-04,1,67,31.812056737588648
0.1,0.1,0.0,1.0,51,15.6,23.8,2018-05-05,1,56,27.229965156794425
18.1,18.1,0.0,20.0,63,15.4,15.6,2018-05-06,1,51,23.131944444444443
14.9,14.9,0.0,19.0,63,16.1,12.9,2018-05-07,1,62,30.909407665505224
6.5,6.5,0.0,18.0,55,17.0,19.6,2018-05-08,1,56,25.319444444444443
10.1,10.1,0.0,11.0,63,16.4,15.4,2018-05-09,2,58,30.730769230769234
4.4,4.4,0.0,12.0,61,17.2,10.6,2018-05-10,6,63,31.346153846153847
11.2,11.2,0.0,13.0,63,16.2,22.9,2018-05-11,1,72,32.72569444444444
1.2,1.2,0.0,5.0,51,15.6,28.0,2018-05-12,2,62,32.85664335664336
0.0,0.0,0.0,0.0,0,14.6,11.7,2018-05-13,1,53,27.09756097560976
0.0,0.0,0.0,0.0,2,16.0,9.0,2018-05-14,1,60,27.5
0.0,0.0,0.0,0.0,2,19.8,9.7,2018-05-15,1,63,29.129370629370626
0.0,0.0,0.0,0.0,3,21.8,13.2,2018-05-16,1,54,21.113074204947
0.2,0.2,0.0,1.0,51,22.9,16.6,2018-05-17,1,51,20.944250871080136
0.1,0.1,0.0,1.0,51,22.4,13.0,2018-05-18,1,69,30.744755244755243
0.3,0.3,0.0,2.0,51,21.7,19.1,2018-05-19,1,29,13.513986013986013
1.4,1.4,0.0,4.0,53,19.1,24.6,2018-05-20,1,27,8.184668989547038
0.0,0.0,0.0,0.0,3,18.9,25.5,2018-05-21,1,53,20.65625
0.2,0.2,0.0,2.0,51,18.9,24.0,2018-05-22,1,62,23.447552447552447
0.4,0.4,0.0,3.0,51,19.3,19.0,2018-05-23,1,54,20.822916666666664
0.0,0.0,0.0,0.0,3,19.8,25.9,2018-05-24,1,56,22.111888111888113
4.2,4.2,0.0,7.0,61,19.1,26.5,2018-05-25,1,62,25.125435540069688
3.3,3.3,0.0,7.0,55,20.5,23.4,2018-05-26,1,40,18.115384615384613
5.8,5.8,0.0,7.0,61,19.0,31.1,2018-05-27,1,33,10.927083333333332
0.0,0.0,0.0,0.0,3,19.0,23.7,2018-05-28,1,56,20.972222222222225
4.8,4.8,0.0,10.0,61,18.9,26.1,2018-05-29,1,56,23.65156794425087
0.0,0.0,0.0,0.0,2,19.8,25.5,2018-05-30,1,58,22.586805555555557
0.0,0.0,0.0,0.0,3,19.3,21.7,2018-05-31,1,60,23.48780487804878
0.0,0.0,0.0,0.0,3,19.7,18.4,2018-06-01,1,63,25.229166666666664
0.1,0.1,0.0,1.0,51,19.8,25.4,2018-06-02,1,51,20.25087108013937
0.0,0.0,0.0,0.0,3,18.6,16.1,2018-06-03,1,45,12.320557491289199
0.0,0.0,0.0,0.0,3,19.8,9.8,2018-06-04,1,56,23.583333333333332
1.7,1.7,0.0,4.0,53,21.9,8.7,2018-06-05,1,60,25.164335664335663
0.0,0.0,0.0,0.0,3,23.4,9.0,2018-06-06,1,60,24.784722222222225
0.0,0.0,0.0,0.0,3,23.8,20.0,2018-06-07,1,62,25.82986111111111
0.0,0.0,0.0,0.0,3,22.9,21.0,2018-06-08,1,67,27.710714285714285
0.0,0.0,0.0,0.0,3,23.8,21.7,2018-06-09,1,42,19.775438596491227
0.0,0.0,0.0,0.0,2,22.5,31.8,2018-06-10,1,40,10.340277777777777
0.0,0.0,0.0,0.0,2,22.5,30.1,2018-06-11,1,58,24.024305555555557
0.0,0.0,0.0,0.0,0,21.9,24.4,2018-06-12,1,58,24.606271777003485
0.0,0.0,0.0,0.0,0,21.6,23.4,2018-06-13,1,65,29.1602787456446
0.0,0.0,0.0,0.0,3,22.2,17.3,2018-06-14,1,47,14.89547038327526
0.0,0.0,0.0,0.0,3,24.1,19.1,2018-06-15,1,58,24.95138888888889
10.9,10.9,0.0,5.0,63,24.3,21.0,2018-06-16,1,62,26.29616724738676
3.1,3.1,0.0,10.0,53,21.7,12.1,2018-06-17,1,56,20.43968871595331
5.0,5.0,0.0,15.0,55,21.3,16.3,2018-06-18,1,49,17.56597222222222
0.6,0.6,0.0,5.0,51,22.4,21.7,2018-06-19,1,51,23.492957746478876
1.4,1.4,0.0,6.0,53,23.2,24.1,2018-06-20,1,58,23.905263157894737
0.6,0.6,0.0,2.0,51,23.8,12.5,2018-06-21,1,60,26.122377622377623
0.3,0.3,0.0,2.0,51,22.5,12.2,2018-06-22,1,63,27.51748251748252
4.0,4.0,0.0,7.0,63,21.7,28.5,2018-06-23,1,49,24.19163763066202
0.0,0.0,0.0,0.0,3,20.6,28.0,2018-06-24,1,36,10.608391608391608
0.0,0.0,0.0,0.0,3,21.6,28.6,2018-06-25,1,63,25.10763888888889
7.9,7.9,0.0,4.0,63,22.9,28.0,2018-06-26,1,47,21.6794425087108
6.7,6.7,0.0,7.0,63,22.5,20.9,2018-06-27,1,58,26.20774647887324
11.0,11.0,0.0,5.0,63,22.3,13.1,2018-06-28,1,65,31.098245614035086
2.8,2.8,0.0,3.0,61,22.0,20.9,2018-06-29,2,67,30.394366197183096
0.2,0.2,0.0,1.0,51,23.0,21.7,2018-06-30,1,54,25.594405594405597
0.7,0.7,0.0,6.0,51,23.5,14.3,2018-07-01,1,40,18.77972027972028
0.0,0.0,0.0,0.0,0,23.6,19.7,2018-07-02,1,60,27.027777777777775
0.0,0.0,0.0,0.0,0,25.0,17.6,2018-07-03,1,60,27.33101045296167
0.0,0.0,0.0,0.0,0,25.3,20.9,2018-07-04,1,62,27.870629370629366
0.0,0.0,0.0,0.0,1,24.8,19.7,2018-07-05,1,63,27.871428571428567
1.8,1.8,0.0,4.0,55,23.9,15.4,2018-07-06,1,65,30.11149825783972
0.0,0.0,0.0,0.0,1,24.2,22.2,2018-07-07,1,42,23.020905923344948
0.0,0.0,0.0,0.0,1,24.2,20.1,2018-07-08,1,35,15.6794425087108
0.6,0.6,0.0,4.0,51,24.1,16.5,2018-07-09,1,51,23.677419354838708
0.1,0.1,0.0,1.0,51,25.1,18.1,2018-07-10,1,53,23.372822299651567
0.0,0.0,0.0,0.0,1,24.9,23.5,2018-07-11,1,53,23.465277777777775
0.0,0.0,0.0,0.0,1,25.2,21.9,2018-07-12,1,54,23.81494661921708
0.0,0.0,0.0,0.0,1,25.5,20.0,2018-07-13,1,60,26.399305555555557
2.9,2.9,0.0,10.0,53,24.5,20.2,2018-07-14,1,42,22.072916666666664
0.3,0.3,0.0,3.0,51,24.4,20.3,2018-07-15,1,35,14.737762237762237
0.6,0.6,0.0,3.0,51,24.5,9.4,2018-07-16,1,51,25.072916666666664
0.0,0.0,0.0,0.0,1,26.2,15.1,2018-07-17,1,54,23.418118466898957
2.5,2.5,0.0,6.0,53,24.2,12.6,2018-07-18,1,56,24.730769230769234
2.5,2.5,0.0,4.0,61,24.1,17.5,2018-07-19,1,53,22.41114982578397
2.2,2.2,0.0,8.0,53,24.0,15.1,2018-07-20,1,54,24.277777777777775
1.7,1.7,0.0,7.0,53,25.0,9.7,2018-07-21,1,44,19.871080139372825
2.2,2.2,0.0,2.0,61,25.6,13.2,2018-07-22,1,27,12.6875
0.0,0.0,0.0,0.0,3,27.2,15.8,2018-07-23,1,51,22.60975609756097
10.4,10.4,0.0,14.0,63,23.0,20.2,2018-07-24,4,56,28.614035087719294
6.8,6.8,0.0,11.0,63,22.7,13.9,2018-07-25,1,53,23.729166666666664
2.2,2.2,0.0,10.0,53,24.5,13.8,2018-07-26,1,54,24.503472222222225
7.6,7.6,0.0,7.0,61,24.4,7.7,2018-07-27,1,71,27.313588850174217
1.0,1.0,0.0,7.0,51,24.8,11.1,2018-07-28,1,36,17.774305555555557
1.5,1.5,0.0,6.0,53,24.6,16.9,2018-07-29,1,27,12.336805555555555
1.7,1.7,0.0,6.0,53,25.4,20.5,2018-07-30,1,56,23.235915492957744
0.4,0.4,0.0,3.0,51,25.9,24.1,2018-07-31,1,54,23.069444444444443
0.6,0.6,0.0,3.0,51,26.2,21.8,2018-08-01,1,58,25.36933797909408
0.5,0.5,0.0,3.0,51,26.3,29.8,2018-08-02,1,56,25.5191637630662
0.0,0.0,0.0,0.0,2,26.3,28.6,2018-08-03,1,62,27.083623693379792
0.0,0.0,0.0,0.0,1,26.4,30.6,2018-08-04,1,38,20.76306620209059
0.0,0.0,0.0,0.0,0,26.4,28.0,2018-08-05,1,27,13.611111111111112
0.0,0.0,0.0,0.0,1,26.0,23.5,2018-08-06,1,54,23.607913669064747
0.0,0.0,0.0,0.0,2,26.3,24.2,2018-08-07,1,54,24.372822299651567
0.3,0.3,0.0,2.0,51,26.0,27.9,2018-08-08,1,60,26.07986111111111
0.0,0.0,0.0,0.0,1,26.0,32.9,2018-08-09,1,60,26.48263888888889
0.0,0.0,0.0,0.0,1,25.9,30.6,2018-08-10,1,60,27.46875
0.0,0.0,0.0,0.0,3,24.9,30.6,2018-08-11,1,35,19.206293706293703
0.1,0.1,0.0,1.0,51,23.9,24.0,2018-08-12,1,27,12.435540069686413
0.0,0.0,0.0,0.0,3,23.6,26.6,2018-08-13,1,47,21.439024390243905
0.0,0.0,0.0,0.0,0,24.4,28.3,2018-08-14,1,56,24.16083916083916
0.0,0.0,0.0,0.0,0,25.3,25.6,2018-08-15,1,56,25.807843137254903
0.0,0.0,0.0,0.0,2,25.2,23.2,2018-08-16,1,58,26.02439024390244
0.0,0.0,0.0,0.0,2,25.3,20.4,2018-08-17,1,49,26.038327526132402
0.0,0.0,0.0,0.0,2,26.0,26.2,2018-08-18,1,27,15.975524475524477
0.0,0.0,0.0,0.0,0,26.7,31.3,2018-08-19,1,17,5.982142857142857
0.0,0.0,0.0,0.0,1,25.5,28.8,2018-08-20,1,13,4.344947735191638
0.0,0.0,0.0,0.0,2,24.5,24.0,2018-08-21,1,22,7.127272727272727
0.0,0.0,0.0,0.0,1,25.1,29.4,2018-08-22,1,27,10.8397212543554
0.0,0.0,0.0,0.0,0,25.5,30.3,2018-08-23,1,20,7.989583333333333
0.0,0.0,0.0,0.0,2,25.2,28.1,2018-08-24,1,17,6.829861111111112
0.0,0.0,0.0,0.0,1,25.6,21.4,2018-08-25,1,17,6.753472222222222
0.0,0.0,0.0,0.0,3,24.9,18.4,2018-08-26,1,15,5.968531468531469
0.1,0.1,0.0,1.0,51,24.9,23.7,2018-08-27,1,42,15.346289752650176
0.0,0.0,0.0,0.0,3,25.6,29.9,2018-08-28,1,47,19.653846153846157
0.0,0.0,0.0,0.0,3,25.4,26.2,2018-08-29,1,53,22.59375
0.0,0.0,0.0,0.0,1,25.1,24.6,2018-08-30,1,24,12.696864111498256
0.0,0.0,0.0,0.0,1,25.5,26.1,2018-08-31,1,53,22.69148936170213
0.0,0.0,0.0,0.0,1,25.6,25.1,2018-09-01,1,44,19.899305555555557
0.0,0.0,0.0,0.0,2,25.9,25.9,2018-09-02,1,35,15.412587412587412
0.0,0.0,0.0,0.0,1,25.5,22.6,2018-09-03,1,58,25.13240418118467
0.0,0.0,0.0,0.0,3,24.7,18.7,2018-09-04,1,62,27.784722222222225
0.1,0.1,0.0,1.0,51,24.2,20.6,2018-09-05,1,67,30.034843205574912
11.5,11.5,0.0,15.0,63,21.6,24.8,2018-09-06,1,60,28.187725631768956
2.0,2.0,0.0,3.0,61,22.4,15.5,2018-09-07,1,49,21.938461538461535
5.2,5.2,0.0,4.0,63,22.8,14.1,2018-09-08,11,60,37.453038674033145
1.9,1.9,0.0,2.0,61,21.8,20.0,2018-09-09,1,40,17.89547038327526
5.8,5.8,0.0,9.0,63,20.1,17.5,2018-09-10,1,56,24.307407407407407
2.6,2.6,0.0,3.0,61,20.8,8.3,2018-09-11,1,54,25.522968197879855
2.6,2.6,0.0,5.0,53,19.7,16.6,2018-09-12,1,60,25.25087108013937
2.0,2.0,0.0,5.0,53,21.6,29.7,2018-09-13,1,72,28.814035087719297
18.1,18.1,0.0,19.0,63,19.5,17.2,2018-09-14,9,65,34.55749128919861
1.4,1.4,0.0,6.0,51,21.1,15.2,2018-09-15,1,54,24.82926829268293
1.0,1.0,0.0,4.0,51,21.8,17.9,2018-09-16,1,44,18.413194444444443
0.2,0.2,0.0,2.0,51,21.1,24.0,2018-09-17,1,51,21.260416666666664
0.0,0.0,0.0,0.0,3,20.3,26.1,2018-09-18,1,56,23.281021897810216
0.0,0.0,0.0,0.0,2,20.5,29.1,2018-09-19,1,58,23.560975609756095
0.0,0.0,0.0,0.0,3,21.0,26.4,2018-09-20,1,58,24.95438596491228
0.0,0.0,0.0,0.0,3,21.6,25.3,2018-09-21,1,60,25.44871794871795
0.0,0.0,0.0,0.0,3,21.2,16.4,2018-09-22,24,53,39.60526315789473
0.0,0.0,0.0,0.0,3,20.5,16.6,2018-09-23,1,47,19.36111111111111
0.0,0.0,0.0,0.0,0,20.2,12.0,2018-09-24,1,58,23.390681003584227
2.6,2.6,0.0,15.0,51,16.7,36.4,2018-09-25,2,65,31.693379790940767
4.8,4.8,0.0,18.0,53,14.6,36.1,2018-09-26,1,72,32.35540069686411
0.2,0.2,0.0,2.0,51,16.6,38.1,2018-09-27,2,60,28.70181818181818
0.6,0.6,0.0,1.0,53,17.7,30.8,2018-09-28,1,58,25.930069930069926
0.8,0.8,0.0,3.0,51,19.0,16.6,2018-09-29,1,53,23.381944444444443
5.8,5.8,0.0,15.0,61,18.7,30.8,2018-09-30,1,36,17.013937282229964
0.7,0.7,0.0,3.0,51,20.6,22.4,2018-10-01,2,56,25.449122807017545
3.9,3.9,0.0,10.0,55,19.0,27.4,2018-10-02,1,58,26.569444444444443
0.4,0.4,0.0,3.0,51,18.9,14.3,2018-10-03,1,58,23.56794425087108
1.0,1.0,0.0,3.0,53,16.8,20.2,2018-10-04,1,58,27.987394957983195
0.0,0.0,0.0,0.0,3,16.4,28.7,2018-10-05,1,65,27.628472222222225
0.0,0.0,0.0,0.0,0,17.0,25.4,2018-10-06,1,56,23.97909407665505
0.0,0.0,0.0,0.0,0,17.6,21.1,2018-10-07,1,49,19.777777777777775
0.0,0.0,0.0,0.0,3,16.5,20.5,2018-10-08,1,56,21.721254355400696
0.0,0.0,0.0,0.0,3,17.5,25.9,2018-10-09,1,56,23.51388888888889
0.0,0.0,0.0,0.0,3,17.5,24.7,2018-10-10,1,63,24.777777777777775
9.2,9.2,0.0,12.0,63,16.8,26.2,2018-10-11,1,67,29.065972222222225
1.3,1.3,0.0,6.0,53,17.6,27.2,2018-10-12,1,65,26.129370629370626
0.1,0.1,0.0,1.0,51,17.8,30.9,2018-10-13,1,51,23.6411149825784
1.6,1.6,0.0,8.0,51,17.6,27.1,2018-10-14,1,47,18.21951219512195
0.2,0.2,0.0,2.0,51,17.8,23.2,2018-10-15,1,58,23.128919860627175
0.0,0.0,0.0,0.0,3,17.7,20.1,2018-10-16,1,60,25.414035087719295
1.3,1.3,0.0,13.0,51,17.9,23.1,2018-10-17,2,62,26.85664335664336
0.3,0.3,0.0,3.0,51,17.8,17.7,2018-10-18,1,65,28.174216027874564
0.0,0.0,0.0,0.0,3,17.6,15.5,2018-10-19,1,63,24.97560975609756
0.0,0.0,0.0,0.0,3,16.8,16.5,2018-10-20,1,53,23.341463414634145
1.3,1.3,0.0,8.0,51,16.3,16.6,2018-10-21,1,44,16.802083333333332
0.2,0.2,0.0,2.0,51,16.1,21.4,2018-10-22,1,56,22.23157894736842
0.0,0.0,0.0,0.0,3,16.3,23.0,2018-10-23,1,56,23.213286713286717
0.1,0.1,0.0,1.0,51,15.9,22.4,2018-10-24,1,60,23.79513888888889
4.8,4.8,0.0,10.0,61,11.2,38.0,2018-10-25,2,65,31.29861111111111
0.0,0.0,0.0,0.0,3,12.9,27.6,2018-10-26,1,71,28.77700348432056
0.0,0.0,0.0,0.0,2,15.0,17.4,2018-10-27,1,54,25.052264808362366
0.0,0.0,0.0,0.0,3,16.0,15.0,2018-10-28,1,47,17.774193548387096
0.0,0.0,0.0,0.0,1,15.9,12.2,2018-10-29,1,36,14.400696864111499
0.0,0.0,0.0,0.0,3,15.1,10.5,2018-10-30,1,58,22.940972222222225
0.0,0.0,0.0,0.0,3,15.9,12.0,2018-10-31,1,58,24.215277777777775
0.0,0.0,0.0,0.0,3,16.3,20.0,2018-11-01,1,65,26.180555555555557
0.0,0.0,0.0,0.0,3,16.6,23.7,2018-11-02,1,71,26.575971731448764
0.0,0.0,0.0,0.0,3,16.0,26.5,2018-11-03,1,56,22.770833333333332
0.0,0.0,0.0,0.0,3,16.4,26.7,2018-11-04,1,47,16.526132404181183
0.0,0.0,0.0,0.0,3,15.9,25.4,2018-11-05,1,60,23.613240418118465
0.1,0.1,0.0,1.0,51,14.9,23.3,2018-11-06,1,60,26.277777777777775
0.0,0.0,0.0,0.0,3,14.5,22.8,2018-11-07,1,60,25.282229965156795
0.7,0.7,0.0,5.0,51,13.7,24.2,2018-11-08,1,65,27.38327526132404
0.6,0.6,0.0,6.0,51,14.2,18.4,2018-11-09,1,67,29.020905923344948
0.3,0.3,0.0,3.0,51,14.3,21.0,2018-11-10,1,53,24.689895470383277
0.0,0.0,0.0,0.0,3,14.0,18.4,2018-11-11,1,63,28.89547038327526
0.0,0.0,0.0,0.0,2,13.6,20.9,2018-11-12,1,60,23.4808362369338
0.3,0.3,0.0,3.0,51,12.0,26.0,2018-11-13,2,62,28.76306620209059
0.2,0.2,0.0,2.0,51,10.4,19.2,2018-11-14,2,65,28.59375
20.6,20.6,0.0,17.0,63,9.4,22.0,2018-11-15,1,80,37.57491289198607
7.2,7.2,0.0,24.0,53,8.6,27.6,2018-11-16,9,74,35.10069444444444
0.2,0.2,0.0,2.0,51,9.6,21.7,2018-11-17,1,56,25.006944444444443
6.3,6.3,0.0,8.0,61,11.3,28.2,2018-11-18,1,51,22.35191637630662
13.3,13.3,0.0,13.0,61,13.7,21.1,2018-11-19,1,76,33.15
0.2,0.2,0.0,2.0,51,11.4,19.7,2018-11-20,1,65,25.48263888888889
3.4,3.4,0.0,12.0,53,13.3,14.5,2018-11-21,1,63,26.190812720848054
1.4,1.4,0.0,12.0,51,10.9,29.9,2018-11-22,2,72,33.20905923344948
0.0,0.0,0.0,0.0,3,9.5,24.3,2018-11-23,1,90,29.402826855123678
0.0,0.0,0.0,0.0,3,9.2,19.9,2018-11-24,2,53,23.76056338028169
0.0,0.0,0.0,0.0,3,8.5,10.3,2018-11-25,1,40,13.927083333333332
4.8,4.8,0.0,8.0,61,11.9,35.3,2018-11-26,1,72,27.213286713286717
2.6,2.6,0.0,10.0,53,15.7,33.3,2018-11-27,1,62,26.48611111111111
12.8,12.8,0.0,15.0,63,13.0,32.4,2018-11-28,1,76,37.142361111111114
14.5,14.5,0.0,24.0,61,7.5,39.0,2018-11-29,13,76,40.48763250883392
9.4,9.4,0.0,21.0,53,6.5,35.3,2018-11-30,11,78,38.920138888888886
0.0,0.0,0.0,0.0,3,5.2,22.3,2018-12-01,1,51,22.083623693379792
0.0,0.0,0.0,0.0,3,7.8,20.2,2018-12-02,1,36,14.104529616724738
0.0,0.0,0.0,0.0,3,9.2,14.0,2018-12-03,1,63,23.899305555555557
0.3,0.3,0.0,2.0,51,10.1,21.7,2018-12-04,1,62,25.362369337979093
17.9,17.9,0.0,24.0,61,10.0,28.8,2018-12-05,2,71,35.02843601895734
10.1,10.1,0.0,17.0,55,6.6,33.3,2018-12-06,4,71,38.79245283018868
0.0,0.0,0.0,0.0,3,4.0,28.4,2018-12-07,1,71,28.394366197183096
0.0,0.0,0.0,0.0,3,5.0,11.9,2018-12-08,1,58,24.54195804195804
0.3,0.3,0.0,1.0,51,8.8,15.0,2018-12-09,1,44,15.506944444444445
22.6,22.6,0.0,22.0,63,9.9,19.5,2018-12-10,1,74,30.98251748251748
23.4,23.4,0.0,16.0,63,6.4,34.9,2018-12-11,1,65,29.708333333333332
6.0,6.0,0.0,12.0,61,4.4,19.5,2018-12-12,1,60,29.02127659574468
0.0,0.0,0.0,0.0,3,5.3,21.2,2018-12-13,1,63,26.503472222222225
0.0,0.0,0.0,0.0,3,6.4,10.9,2018-12-14,1,65,25.66550522648084
1.5,1.5,0.0,5.0,53,10.5,14.1,2018-12-15,1,51,22.163194444444443
0.1,0.1,0.0,1.0,51,11.5,19.6,2018-12-16,1,40,14.902777777777777
1.4,1.4,0.0,7.0,51,9.5,10.0,2018-12-17,1,65,26.545454545454543
10.1,10.1,0.0,18.0,61,9.1,32.9,2018-12-18,1,80,36.70877192982456
32.9,32.6,0.21,23.0,73,4.6,41.8,2018-12-19,9,71,37.22727272727273
0.0,0.0,0.0,0.0,3,3.5,25.3,2018-12-20,4,60,25.975694444444443
0.0,0.0,0.0,0.0,3,5.6,9.9,2018-12-21,1,69,27.083333333333332
0.0,0.0,0.0,0.0,3,7.7,20.4,2018-12-22,1,51,22.49824561403509
4.2,4.2,0.0,8.0,55,9.0,21.8,2018-12-23,1,44,16.444055944055943
0.3,0.3,0.0,1.0,51,9.5,37.7,2018-12-24,1,65,27.371527777777775
22.6,22.6,0.0,16.0,63,5.7,35.2,2018-12-25,8,71,36.28819444444445
0.3,0.3,0.0,3.0,51,3.0,21.3,2018-12-26,1,60,28.132867132867126
0.1,0.1,0.0,1.0,51,3.4,17.3,2018-12-27,2,63,27.496503496503497
0.0,0.0,0.0,0.0,3,4.3,11.8,2018-12-28,1,72,29.671328671328673
10.1,10.1,0.0,18.0,61,5.2,19.9,2018-12-29,1,63,30.23611111111111
2.8,2.8,0.0,9.0,55,4.2,13.3,2018-12-30,1,35,14.783216783216783
0.0,0.0,0.0,0.0,3,3.6,14.1,2018-12-31,1,56,17.97887323943662
0.0,0.0,0.0,0.0,3,4.4,24.8,2019-01-01,1,31,10.774305555555555
0.0,0.0,0.0,0.0,3,5.1,14.9,2019-01-02,1,58,24.268292682926827
9.6,9.6,0.0,17.0,61,5.2,29.5,2019-01-03,1,69,30.229965156794425
17.5,12.0,3.85,17.0,75,2.9,43.0,2019-01-04,8,60,28.05574912891986
12.1,10.9,0.84,19.0,73,2.7,29.0,2019-01-05,2,51,25.396491228070172
0.7,0.7,0.0,4.0,51,2.2,20.2,2019-01-06,1,24,10.909407665505226
2.4,0.2,1.61,11.0,73,1.2,22.5,2019-01-07,9,67,28.524305555555557
2.9,0.0,2.03,10.0,73,-0.0,30.7,2019-01-08,9,58,28.802083333333332
0.2,0.2,0.0,2.0,51,3.1,30.1,2019-01-09,6,58,26.884615384615383
0.2,0.2,0.0,2.0,51,9.0,36.7,2019-01-10,6,60,28.163763066202087
24.4,24.4,0.0,18.0,63,8.9,36.0,2019-01-11,4,74,36.73867595818815
13.3,13.3,0.0,24.0,61,3.8,22.6,2019-01-12,6,54,28.32982456140351
0.8,0.8,0.0,3.0,51,3.1,20.0,2019-01-13,1,29,12.264808362369338
0.0,0.0,0.0,0.0,3,4.9,21.7,2019-01-14,1,56,21.38888888888889
12.5,10.4,1.47,22.0,73,4.4,37.7,2019-01-15,6,76,34.02797202797203
0.1,0.1,0.0,1.0,51,2.8,37.5,2019-01-16,2,63,26.007017543859646
0.0,0.0,0.0,0.0,1,5.4,18.4,2019-01-17,2,65,26.933797909407662
0.0,0.0,0.0,0.0,3,6.4,15.1,2019-01-18,1,67,27.118466898954704
0.1,0.1,0.0,1.0,51,8.7,18.7,2019-01-19,1,53,22.472027972027966
0.6,0.6,0.0,4.0,51,8.5,18.0,2019-01-20,1,44,17.996503496503497
1.3,1.3,0.0,9.0,51,6.5,22.5,2019-01-21,1,67,26.979166666666664
0.0,0.0,0.0,0.0,3,5.9,20.1,2019-01-22,2,62,26.076655052264808
6.4,6.4,0.0,8.0,61,8.2,24.0,2019-01-23,1,78,32.811188811188806
0.7,0.7,0.0,4.0,51,10.6,27.3,2019-01-24,6,29,13.045454545454543
0.2,0.2,0.0,2.0,51,10.7,22.5,2019-01-25,1,71,30.414634146341463
2.0,2.0,0.0,8.0,53,11.2,22.9,2019-01-26,1,58,24.578397212543557
2.5,2.5,0.0,12.0,53,6.4,20.1,2019-01-27,1,45,20.003472222222225
0.0,0.0,0.0,0.0,3,6.9,14.9,2019-01-28,1,65,24.758741258741257
0.0,0.0,0.0,0.0,3,10.7,17.9,2019-01-29,1,67,27.574912891986063
0.1,0.1,0.0,1.0,51,11.3,20.7,2019-01-30,1,67,27.133333333333333
10.7,10.7,0.0,8.0,63,10.2,26.1,2019-01-31,2,81,34.25524475524475
4.0,4.0,0.0,11.0,53,8.2,32.6,2019-02-01,8,69,32.99305555555556
0.0,0.0,0.0,0.0,3,9.5,17.7,2019-02-02,1,53,24.240418118466895
0.0,0.0,0.0,0.0,3,9.9,16.8,2019-02-03,1,42,16.08362369337979
0.0,0.0,0.0,0.0,3,11.1,14.5,2019-02-04,1,54,21.993006993006997
0.0,0.0,0.0,0.0,3,8.4,22.9,2019-02-05,1,60,25.409722222222225
3.6,3.6,0.0,5.0,61,8.0,30.9,2019-02-06,1,60,29.02787456445993
8.3,8.3,0.0,15.0,61,6.5,29.3,2019-02-07,4,76,34.28819444444444
2.9,2.9,0.0,16.0,51,6.5,21.8,2019-02-08,9,63,32.381625441696116
0.5,0.5,0.0,5.0,51,5.4,21.3,2019-02-09,6,45,22.857142857142858
0.0,0.0,0.0,0.0,3,4.4,10.9,2019-02-10,1,42,16.414634146341463
0.0,0.0,0.0,0.0,3,7.3,28.0,2019-02-11,1,58,23.79151943462897
8.8,8.8,0.0,9.0,61,10.6,34.4,2019-02-12,1,72,29.114583333333332
17.7,17.7,0.0,24.0,61,5.7,35.4,2019-02-13,4,71,36.08362369337979
0.4,0.4,0.0,4.0,51,5.3,31.4,2019-02-14,6,62,28.350694444444443
2.9,2.9,0.0,14.0,53,5.2,33.4,2019-02-15,6,71,32.299651567944245
0.0,0.0,0.0,0.0,3,5.4,26.7,2019-02-16,4,51,23.347368421052632
0.0,0.0,0.0,0.0,3,5.2,14.6,2019-02-17,1,36,14.347517730496453
0.0,0.0,0.0,0.0,0,6.0,9.2,2019-02-18,1,60,23.277777777777775
0.0,0.0,0.0,0.0,0,7.1,16.8,2019-02-19,1,63,27.750877192982458
0.0,0.0,0.0,0.0,2,6.1,12.3,2019-02-20,2,63,27.74125874125874
0.7,0.7,0.0,3.0,53,7.4,18.2,2019-02-21,1,63,27.625
0.0,0.0,0.0,0.0,3,5.5,14.3,2019-02-22,1,63,26.513986013986013
14.7,11.2,2.45,24.0,73,3.4,39.3,2019-02-23,8,54,34.52447552447553
7.1,3.4,2.59,24.0,73,2.2,31.2,2019-02-24,13,33,23.409722222222225
0.8,0.8,0.0,7.0,51,4.9,30.6,2019-02-25,6,51,26.506993006993007
0.1,0.1,0.0,1.0,51,4.9,18.9,2019-02-26,2,58,26.23263888888889
5.1,5.1,0.0,24.0,53,4.3,27.8,2019-02-27,6,72,33.67132867132867
0.3,0.3,0.0,3.0,51,4.7,26.6,2019-02-28,2,56,25.289198606271775
0.0,0.0,0.0,0.0,2,8.8,27.8,2019-03-01,1,69,27.377622377622377
0.4,0.4,0.0,3.0,51,8.4,25.0,2019-03-02,1,53,21.302083333333332
0.0,0.0,0.0,0.0,3,5.1,22.4,2019-03-03,1,42,16.39298245614035
0.0,0.0,0.0,0.0,0,3.5,10.2,2019-03-04,1,58,23.743859649122808
0.0,0.0,0.0,0.0,3,7.6,23.3,2019-03-05,1,62,27.454545454545453
2.5,2.5,0.0,7.0,53,9.9,18.9,2019-03-06,1,60,29.493006993006997
0.0,0.0,0.0,0.0,3,9.2,11.7,2019-03-07,1,69,30.311188811188806
0.0,0.0,0.0,0.0,2,11.6,14.0,2019-03-08,1,69,30.630281690140844
0.0,0.0,0.0,0.0,3,11.7,17.4,2019-03-09,1,53,23.32986111111111
0.0,0.0,0.0,0.0,3,11.3,21.2,2019-03-10,1,44,19.79513888888889
0.0,0.0,0.0,0.0,3,13.2,26.4,2019-03-11,1,58,23.81533101045296
20.8,20.8,0.0,11.0,63,10.8,30.5,2019-03-12,1,76,34.52816901408451
12.4,12.4,0.0,14.0,61,6.6,34.0,2019-03-13,6,60,31.060498220640568
0.0,0.0,0.0,0.0,3,7.1,17.1,2019-03-14,1,62,25.25
0.9,0.9,0.0,3.0,53,6.4,16.9,2019-03-15,2,63,28.382978723404253
0.0,0.0,0.0,0.0,3,8.1,22.4,2019-03-16,1,51,24.827956989247312
0.0,0.0,0.0,0.0,3,10.9,22.2,2019-03-17,1,47,20.393728222996515
0.0,0.0,0.0,0.0,0,13.1,11.5,2019-03-18,1,54,24.056537102473495
0.0,0.0,0.0,0.0,3,12.5,12.9,2019-03-19,1,58,25.87956204379562
0.0,0.0,0.0,0.0,2,10.0,28.4,2019-03-20,1,60,26.750877192982458
0.1,0.1,0.0,1.0,51,8.9,27.0,2019-03-21,1,62,26.48251748251748
0.0,0.0,0.0,0.0,3,8.0,20.9,2019-03-22,1,71,24.85635359116022
0.0,0.0,0.0,0.0,3,8.4,25.1,2019-03-23,2,56,28.307692307692307
0.0,0.0,0.0,0.0,2,5.9,19.3,2019-03-24,11,60,32.03846153846153
0.0,0.0,0.0,0.0,0,7.3,8.9,2019-03-25,24,65,49.46153846153847
0.0,0.0,0.0,0.0,3,9.6,21.9,2019-03-26,22,58,46.46153846153847
0.1,0.1,0.0,1.0,51,8.7,21.3,2019-03-27,2,53,30.14723926380368
0.0,0.0,0.0,0.0,3,7.8,28.0,2019-03-28,1,63,26.527972027972027
0.0,0.0,0.0,0.0,3,6.3,37.2,2019-03-29,1,62,29.083916083916083
0.0,0.0,0.0,0.0,3,7.2,37.0,2019-03-30,1,42,18.867132867132867
0.0,0.0,0.0,0.0,3,8.0,39.6,2019-03-31,1,18,4.699300699300699
0.0,0.0,0.0,0.0,3,8.5,19.6,2019-04-01,1,60,22.3006993006993
0.0,0.0,0.0,0.0,3,8.4,31.3,2019-04-02,1,62,24.489510489510486
0.0,0.0,0.0,0.0,3,8.2,25.0,2019-04-03,1,56,25.61754385964912
0.0,0.0,0.0,0.0,3,8.3,21.0,2019-04-04,4,58,26.930069930069926
0.0,0.0,0.0,0.0,3,9.4,18.9,2019-04-05,1,65,30.753521126760564
0.0,0.0,0.0,0.0,3,9.7,26.3,2019-04-06,9,51,28.052447552447553
1.0,1.0,0.0,2.0,53,12.4,13.5,2019-04-07,1,49,24.81754385964912
0.9,0.9,0.0,3.0,53,15.1,16.9,2019-04-08,2,54,25.062717770034844
1.8,1.8,0.0,5.0,53,13.4,14.3,2019-04-09,2,67,26.33450704225352
6.1,6.1,0.0,15.0,61,11.7,13.5,2019-04-10,2,54,27.940350877192984
10.0,10.0,0.0,13.0,61,12.4,21.3,2019-04-11,1,54,26.332167832167833
2.1,2.1,0.0,7.0,53,13.7,29.1,2019-04-12,1,63,27.723776223776223
6.1,6.1,0.0,10.0,61,13.8,13.6,2019-04-13,4,51,28.299295774647888
10.5,10.5,0.0,17.0,63,12.5,17.1,2019-04-14,2,42,21.27177700348432
0.6,0.6,0.0,6.0,51,10.1,24.8,2019-04-15,4,49,22.109289617486336
0.1,0.1,0.0,1.0,51,9.1,20.8,2019-04-16,4,54,34.25433526011561
0.0,0.0,0.0,0.0,2,10.2,12.6,2019-04-17,1,60,25.653710247349824
0.7,0.7,0.0,5.0,51,9.4,23.0,2019-04-18,1,65,30.306338028169012
1.3,1.3,0.0,9.0,51,9.0,21.6,2019-04-19,6,71,31.79649122807017
3.7,3.7,0.0,12.0,53,7.5,27.1,2019-04-20,1,54,28.69122807017544
0.0,0.0,0.0,0.0,3,9.1,21.8,2019-04-21,1,56,22.422535211267604
0.0,0.0,0.0,0.0,3,8.9,17.9,2019-04-22,1,53,21.611888111888113
0.0,0.0,0.0,0.0,3,10.6,18.1,2019-04-23,1,38,15.986013986013987
2.6,2.6,0.0,5.0,55,14.0,16.2,2019-04-24,1,56,26.195804195804197
0.0,0.0,0.0,0.0,3,14.7,19.9,2019-04-25,1,60,26.874125874125877
0.0,0.0,0.0,0.0,3,13.4,17.7,2019-04-26,1,63,29.04561403508772
0.0,0.0,0.0,0.0,3,14.8,14.7,2019-04-27,1,53,25.75
0.0,0.0,0.0,0.0,3,16.3,13.5,2019-04-28,1,60,21.56445993031359
0.0,0.0,0.0,0.0,3,18.5,8.7,2019-04-29,1,56,25.112676056338028
0.0,0.0,0.0,0.0,2,17.4,17.6,2019-04-30,1,71,31.901754385964914
0.0,0.0,0.0,0.0,3,17.0,22.9,2019-05-01,1,31,14.209737827715356
4.9,4.9,0.0,7.0,61,14.9,23.6,2019-05-02,2,65,31.64664310954064
0.0,0.0,0.0,0.0,2,15.1,16.1,2019-05-03,1,67,30.667832167832167
0.5,0.5,0.0,2.0,51,17.2,24.9,2019-05-04,1,53,25.849650349650346
4.8,4.8,0.0,10.0,61,18.0,18.8,2019-05-05,1,47,15.848056537102472
0.3,0.3,0.0,2.0,51,18.8,13.2,2019-05-06,1,54,20.870175438596487
8.4,8.4,0.0,14.0,61,15.0,27.5,2019-05-07,1,54,23.93684210526316
4.9,4.9,0.0,14.0,55,12.4,13.8,2019-05-08,1,49,20.944055944055943
0.1,0.1,0.0,1.0,51,13.8,10.2,2019-05-09,1,56,20.566433566433567
6.0,6.0,0.0,16.0,55,14.9,16.6,2019-05-10,1,65,26.729824561403507
12.4,12.4,0.0,10.0,63,15.5,18.1,2019-05-11,1,56,22.058035714285715
0.0,0.0,0.0,0.0,3,16.8,17.2,2019-05-12,1,42,12.825174825174823
0.0,0.0,0.0,0.0,3,16.2,27.4,2019-05-13,1,56,21.750877192982458
0.2,0.2,0.0,1.0,51,17.4,26.6,2019-05-14,1,54,21.306338028169012
0.0,0.0,0.0,0.0,3,20.2,15.7,2019-05-15,1,56,21.739436619718308
0.0,0.0,0.0,0.0,3,18.2,20.0,2019-05-16,1,58,23.087412587412587
0.7,0.7,0.0,2.0,53,16.9,30.9,2019-05-17,1,71,27.385159010600702
0.1,0.1,0.0,1.0,51,17.4,15.3,2019-05-18,1,45,17.564912280701755
0.0,0.0,0.0,0.0,3,19.8,18.4,2019-05-19,1,45,11.063157894736841
0.0,0.0,0.0,0.0,3,22.4,14.0,2019-05-20,1,45,15.543103448275861
0.0,0.0,0.0,0.0,3,21.1,23.0,2019-05-22,2,60,32.213740458015266
0.0,0.0,0.0,0.0,3,21.1,13.8,2019-05-23,1,62,24.968531468531467
8.6,8.6,0.0,10.0,61,18.3,17.5,2019-05-24,1,67,30.122377622377623
5.4,5.4,0.0,8.0,61,17.6,19.4,2019-05-25,1,53,21.750877192982458
0.0,0.0,0.0,0.0,1,19.5,13.8,2019-05-26,1,45,13.486013986013987
0.0,0.0,0.0,0.0,3,20.8,22.5,2019-05-27,1,60,24.873684210526317
0.0,0.0,0.0,0.0,3,23.4,17.2,2019-05-28,1,62,25.993006993006997
0.0,0.0,0.0,0.0,2,22.8,15.8,2019-05-29,1,63,27.985915492957744
0.0,0.0,0.0,0.0,0,22.0,13.6,2019-05-30,1,71,30.50709219858156
0.0,0.0,0.0,0.0,0,23.0,18.8,2019-05-31,1,60,29.71631205673759
0.0,0.0,0.0,0.0,3,21.5,24.0,2019-06-01,1,45,20.5
0.5,0.5,0.0,4.0,51,21.6,21.2,2019-06-02,1,27,10.37979094076655
0.0,0.0,0.0,0.0,2,22.1,14.4,2019-06-03,1,26,8.38976377952756
6.7,6.7,0.0,4.0,63,21.1,13.3,2019-06-04,1,56,22.79377431906615
0.4,0.4,0.0,3.0,51,21.9,14.8,2019-06-05,1,49,21.63565891472868
0.1,0.1,0.0,1.0,51,22.5,12.0,2019-06-06,1,31,13.463157894736842
0.0,0.0,0.0,0.0,1,23.0,17.6,2019-06-07,1,24,9.021052631578947
0.0,0.0,0.0,0.0,3,23.2,19.3,2019-06-08,1,18,9.069930069930068
1.6,1.6,0.0,2.0,53,22.5,27.0,2019-06-09,1,18,7.858657243816254
0.1,0.1,0.0,1.0,51,22.9,24.6,2019-06-10,1,56,19.814035087719297
2.2,2.2,0.0,8.0,53,22.9,16.5,2019-06-11,1,54,24.589473684210528
4.7,4.7,0.0,7.0,63,22.4,12.1,2019-06-12,1,56,24.947552447552447
0.0,0.0,0.0,0.0,2,24.3,18.3,2019-06-13,1,63,27.388111888111887
0.7,0.7,0.0,4.0,51,23.9,20.4,2019-06-14,1,67,29.156794425087107
2.1,2.1,0.0,13.0,51,23.4,23.2,2019-06-15,1,54,26.12982456140351
3.4,3.4,0.0,4.0,61,24.5,21.4,2019-06-16,1,44,20.29965156794425
1.9,1.9,0.0,4.0,61,25.4,22.6,2019-06-17,1,62,27.734265734265733
1.5,1.5,0.0,3.0,53,25.0,23.7,2019-06-18,1,63,28.910394265232974
0.9,0.9,0.0,4.0,51,24.5,22.5,2019-06-19,1,63,30.381625441696116
0.0,0.0,0.0,0.0,3,24.4,13.6,2019-06-20,1,67,31.171929824561403
2.5,2.5,0.0,6.0,55,24.1,15.0,2019-06-21,1,67,31.294736842105262
0.0,0.0,0.0,0.0,3,25.6,21.3,2019-06-22,1,58,30.24561403508772
0.0,0.0,0.0,0.0,3,26.4,15.3,2019-06-23,1,47,19.55281690140845
0.0,0.0,0.0,0.0,2,26.6,21.9,2019-06-24,1,65,29.30877192982456
0.0,0.0,0.0,0.0,2,26.2,24.2,2019-06-25,1,63,29.968421052631577
0.0,0.0,0.0,0.0,2,26.1,29.8,2019-06-26,2,62,28.62020905923345
0.0,0.0,0.0,0.0,1,26.2,28.0,2019-06-27,2,60,30.814126394052042
1.1,1.1,0.0,5.0,53,24.2,29.8,2019-06-28,2,60,30.7112676056338
0.0,0.0,0.0,0.0,1,23.7,30.2,2019-06-29,1,81,26.414634146341463
0.2,0.2,0.0,2.0,51,22.0,27.3,2019-06-30,1,36,19.24125874125874
0.0,0.0,0.0,0.0,0,22.6,25.0,2019-07-01,1,49,27.665413533834585
0.0,0.0,0.0,0.0,0,24.0,26.3,2019-07-02,1,53,24.45644599303136
0.0,0.0,0.0,0.0,2,24.7,23.8,2019-07-03,1,54,25.180555555555557
0.0,0.0,0.0,0.0,2,25.1,25.0,2019-07-04,1,54,26.324041811846687
0.0,0.0,0.0,0.0,1,25.2,23.0,2019-07-05,1,56,27.14236111111111
0.1,0.1,0.0,1.0,51,24.4,21.1,2019-07-06,1,40,22.29616724738676
0.0,0.0,0.0,0.0,0,25.1,23.9,2019-07-07,1,33,16.37676056338028
0.0,0.0,0.0,0.0,2,25.5,19.4,2019-07-08,1,56,24.723776223776223
0.0,0.0,0.0,0.0,2,26.5,19.1,2019-07-09,1,51,24.282229965156795
2.0,2.0,0.0,2.0,61,23.9,22.6,2019-07-10,1,49,24.73611111111111
16.0,16.0,0.0,10.0,63,20.0,28.0,2019-07-11,2,53,28.881944444444443
0.3,0.3,0.0,2.0,51,20.6,14.3,2019-07-12,1,56,25.54513888888889
0.0,0.0,0.0,0.0,3,21.2,13.2,2019-07-13,1,40,21.195121951219512
2.0,2.0,0.0,7.0,51,19.9,15.9,2019-07-14,1,36,16.18466898954704
7.9,7.9,0.0,18.0,55,19.6,16.9,2019-07-15,2,31,16.5
0.0,0.0,0.0,0.0,3,21.0,22.2,2019-07-16,1,51,22.364583333333332
0.0,0.0,0.0,0.0,3,22.4,29.2,2019-07-17,1,49,23.234265734265733
0.0,0.0,0.0,0.0,2,22.8,19.3,2019-07-18,1,49,24.506944444444443
0.0,0.0,0.0,0.0,0,23.3,27.5,2019-07-19,1,49,25.71875
0.0,0.0,0.0,0.0,1,23.7,29.2,2019-07-20,1,44,21.180555555555557
0.0,0.0,0.0,0.0,0,23.9,22.7,2019-07-21,1,31,14.697916666666666
0.0,0.0,0.0,0.0,1,24.1,24.2,2019-07-22,1,49,24.472222222222225
0.0,0.0,0.0,0.0,1,24.6,22.0,2019-07-23,1,49,24.854166666666664
7.3,7.3,0.0,11.0,63,22.0,22.0,2019-07-24,1,51,26.114583333333332
0.4,0.4,0.0,3.0,51,22.9,19.2,2019-07-25,1,51,24.635416666666664
0.0,0.0,0.0,0.0,1,23.3,21.5,2019-07-26,1,57,26.409722222222225
0.0,0.0,0.0,0.0,1,23.7,26.6,2019-07-27,1,44,21.572916666666664
0.0,0.0,0.0,0.0,2,24.4,24.0,2019-07-28,1,27,13.864583333333332
0.0,0.0,0.0,0.0,0,24.5,21.1,2019-07-29,1,49,22.239700374531836
0.0,0.0,0.0,0.0,1,25.0,15.7,2019-07-30,1,53,23.590277777777775
0.0,0.0,0.0,0.0,0,25.5,19.2,2019-07-31,1,53,22.35763888888889
0.0,0.0,0.0,0.0,1,26.0,24.0,2019-08-01,1,53,23.916666666666664
0.7,0.7,0.0,4.0,51,25.6,22.0,2019-08-02,1,56,25.104166666666664
0.0,0.0,0.0,0.0,0,26.0,14.6,2019-08-03,1,40,20.086805555555557
0.8,0.8,0.0,3.0,51,24.2,23.4,2019-08-04,1,31,12.347222222222221
0.0,0.0,0.0,0.0,1,23.0,23.7,2019-08-05,1,49,21.60763888888889
0.0,0.0,0.0,0.0,1,23.3,25.6,2019-08-06,1,56,23.024305555555557
0.0,0.0,0.0,0.0,0,24.0,26.0,2019-08-07,1,51,23.850694444444443
0.0,0.0,0.0,0.0,0,24.2,22.4,2019-08-08,1,54,26.069444444444443
0.0,0.0,0.0,0.0,0,24.4,26.4,2019-08-09,1,51,25.304195804195803
0.0,0.0,0.0,0.0,1,24.9,25.4,2019-08-10,1,26,10.947916666666666
0.0,0.0,0.0,0.0,0,25.1,33.4,2019-08-11,1,29,12.065972222222221
0.0,0.0,0.0,0.0,0,25.5,36.7,2019-08-12,1,35,14.114583333333332
0.0,0.0,0.0,0.0,1,25.5,35.1,2019-08-13,1,22,9.854166666666666
0.0,0.0,0.0,0.0,3,25.6,21.7,2019-08-14,1,18,7.569444444444445
0.3,0.3,0.0,3.0,51,25.0,21.7,2019-08-15,1,26,9.065972222222223
2.8,2.8,0.0,8.0,55,23.7,25.1,2019-08-16,1,26,9.336805555555555
30.9,30.9,0.0,15.0,63,20.9,22.6,2019-08-17,1,51,16.822916666666664
2.6,2.6,0.0,4.0,61,21.2,22.9,2019-08-18,1,22,8.944444444444445
0.0,0.0,0.0,0.0,2,21.1,23.4,2019-08-19,1,49,19.59375
0.0,0.0,0.0,0.0,3,22.8,25.5,2019-08-20,1,51,23.14236111111111
8.5,8.5,0.0,9.0,63,23.2,25.7,2019-08-21,1,53,24.82638888888889
0.0,0.0,0.0,0.0,1,24.7,24.4,2019-08-22,1,53,23.86111111111111
0.0,0.0,0.0,0.0,2,24.9,30.7,2019-08-23,1,57,25.277777777777775
0.0,0.0,0.0,0.0,0,25.4,28.0,2019-08-24,1,49,22.947916666666664
0.0,0.0,0.0,0.0,1,25.6,29.7,2019-08-25,1,35,16.66315789473684
0.0,0.0,0.0,0.0,0,25.9,32.0,2019-08-26,1,54,25.368055555555557
0.0,0.0,0.0,0.0,1,25.8,30.1,2019-08-27,1,57,26.4375
0.0,0.0,0.0,0.0,0,25.2,31.6,2019-08-28,1,61,28.552083333333332
0.0,0.0,0.0,0.0,1,24.4,29.1,2019-08-29,1,65,31.89236111111111
0.0,0.0,0.0,0.0,3,23.6,24.3,2019-08-30,1,36,15.972222222222221
0.0,0.0,0.0,0.0,3,23.0,24.5,2019-08-31,1,42,18.871527777777775
0.0,0.0,0.0,0.0,3,23.8,26.7,2019-09-01,1,44,18.569930069930066
0.0,0.0,0.0,0.0,3,24.1,28.9,2019-09-02,1,56,25.541666666666664
0.0,0.0,0.0,0.0,0,24.4,33.4,2019-09-03,1,57,26.64236111111111
0.0,0.0,0.0,0.0,0,24.3,29.9,2019-09-04,1,61,29.055555555555557
0.2,0.2,0.0,2.0,51,23.2,30.6,2019-09-05,1,59,28.270833333333332
0.0,0.0,0.0,0.0,3,22.5,26.7,2019-09-06,1,64,29.729166666666664
0.0,0.0,0.0,0.0,2,22.1,26.3,2019-09-07,1,56,28.10763888888889
0.4,0.4,0.0,3.0,51,22.6,30.0,2019-09-08,1,45,20.302083333333332
0.0,0.0,0.0,0.0,2,22.7,24.3,2019-09-09,1,51,22.596551724137928
1.2,1.2,0.0,3.0,53,22.1,32.1,2019-09-10,1,54,25.461805555555557
0.0,0.0,0.0,0.0,3,23.2,30.0,2019-09-11,1,60,25.950704225352112
0.1,0.1,0.0,1.0,51,22.4,26.1,2019-09-12,1,58,26.552083333333332
0.0,0.0,0.0,0.0,3,22.6,36.6,2019-09-13,2,69,30.75438596491228
0.0,0.0,0.0,0.0,1,22.8,30.7,2019-09-14,1,54,27.197916666666664
1.0,1.0,0.0,5.0,51,21.5,32.2,2019-09-15,1,45,21.100694444444443
0.0,0.0,0.0,0.0,3,20.6,21.3,2019-09-16,1,58,24.878472222222225
0.0,0.0,0.0,0.0,3,20.6,14.4,2019-09-17,1,58,26.378472222222225
0.0,0.0,0.0,0.0,0,22.3,15.7,2019-09-18,1,62,27.3588850174216
0.0,0.0,0.0,0.0,3,22.0,29.3,2019-09-19,1,63,27.909722222222225
7.8,7.8,0.0,13.0,61,18.5,26.3,2019-09-20,1,80,37.625
0.3,0.3,0.0,3.0,51,16.8,24.9,2019-09-21,1,62,29.055555555555557
0.0,0.0,0.0,0.0,2,15.9,19.6,2019-09-22,1,54,22.819787985865723
0.0,0.0,0.0,0.0,3,16.6,9.2,2019-09-23,1,60,25.46341463414634
4.4,4.4,0.0,5.0,55,19.1,20.2,2019-09-24,1,67,28.06620209059233
0.3,0.3,0.0,1.0,51,19.4,14.7,2019-09-25,1,54,26.340350877192986
0.0,0.0,0.0,0.0,3,19.6,10.8,2019-09-26,1,67,27.552083333333332
1.3,1.3,0.0,7.0,51,20.1,12.7,2019-09-27,1,62,28.10763888888889
0.0,0.0,0.0,0.0,3,19.0,18.9,2019-09-28,1,56,25.56794425087108
0.0,0.0,0.0,0.0,0,19.3,11.6,2019-09-29,1,53,21.340425531914892
0.0,0.0,0.0,0.0,0,20.1,9.5,2019-09-30,1,58,25.478873239436616
0.0,0.0,0.0,0.0,0,21.6,21.3,2019-10-01,1,67,27.527777777777775
0.0,0.0,0.0,0.0,3,21.5,19.0,2019-10-02,1,63,28.425087108013937
0.0,0.0,0.0,0.0,1,22.3,17.7,2019-10-03,1,65,29.315972222222225
0.0,0.0,0.0,0.0,3,24.4,23.2,2019-10-04,2,67,30.791666666666664
12.5,12.5,0.0,11.0,61,18.1,23.6,2019-10-05,4,60,30.72822299651568
13.2,13.2,0.0,7.0,63,15.9,27.4,2019-10-06,1,45,21.788194444444443
0.4,0.4,0.0,1.0,51,16.2,24.5,2019-10-07,1,58,25.788194444444443
15.4,15.4,0.0,19.0,61,15.3,31.5,2019-10-08,4,72,35.979166666666664
0.0,0.0,0.0,0.0,3,16.1,15.4,2019-10-09,1,65,27.773519163763066
0.0,0.0,0.0,0.0,1,16.5,17.0,2019-10-10,1,65,28.663194444444443
0.0,0.0,0.0,0.0,3,18.1,23.5,2019-10-11,1,67,30.020833333333332
0.0,0.0,0.0,0.0,1,17.9,21.5,2019-10-12,1,60,28.052083333333332
0.0,0.0,0.0,0.0,0,17.9,20.5,2019-10-13,1,53,21.774305555555557
0.0,0.0,0.0,0.0,2,18.1,18.9,2019-10-14,1,63,26.582142857142856
0.0,0.0,0.0,0.0,2,17.8,17.2,2019-10-15,2,62,27.59205776173285
0.0,0.0,0.0,0.0,3,18.4,17.7,2019-10-16,1,62,26.656028368794328
0.0,0.0,0.0,0.0,3,18.2,16.8,2019-10-17,2,62,28.73684210526316
0.0,0.0,0.0,0.0,3,18.2,10.2,2019-10-18,4,69,29.99242424242424
0.0,0.0,0.0,0.0,3,17.4,15.9,2019-10-19,2,58,28.72932330827068
0.0,0.0,0.0,0.0,3,17.1,17.6,2019-10-20,1,54,22.633587786259543
0.0,0.0,0.0,0.0,3,17.9,19.7,2019-10-21,1,62,25.31734317343173
0.2,0.2,0.0,2.0,51,17.5,23.2,2019-10-22,1,65,28.364583333333332
0.0,0.0,0.0,0.0,3,17.4,26.1,2019-10-23,2,67,29.17013888888889
0.0,0.0,0.0,0.0,3,17.1,20.4,2019-10-24,2,69,30.367857142857144
0.0,0.0,0.0,0.0,3,17.0,21.9,2019-10-25,2,74,32.93309859154929
0.0,0.0,0.0,0.0,3,16.4,18.7,2019-10-26,1,63,28.642857142857142
1.2,1.2,0.0,8.0,51,16.0,16.6,2019-10-27,1,63,17.45220588235294
0.0,0.0,0.0,0.0,3,16.0,15.7,2019-10-28,1,53,20.406474820143885
1.0,1.0,0.0,5.0,51,15.6,13.7,2019-10-29,2,36,16.180555555555557
0.0,0.0,0.0,0.0,3,14.7,15.1,2019-10-30,1,60,26.55595667870036
6.7,6.7,0.0,10.0,61,15.2,13.8,2019-10-31,2,80,33.96739130434782
10.2,10.2,0.0,20.0,61,12.8,32.0,2019-11-01,13,71,38.02456140350877
0.0,0.0,0.0,0.0,3,11.7,19.8,2019-11-02,2,60,28.07317073170732
0.0,0.0,0.0,0.0,3,12.6,15.9,2019-11-03,2,65,30.04861111111111
0.0,0.0,0.0,0.0,3,17.9,18.7,2019-11-04,2,62,27.041811846689892
2.1,2.1,0.0,7.0,51,18.9,27.0,2019-11-05,4,65,30.70138888888889
0.0,0.0,0.0,0.0,2,19.6,25.9,2019-11-06,4,71,31.208333333333332
0.0,0.0,0.0,0.0,3,18.3,16.8,2019-11-07,2,69,30.190972222222225
0.0,0.0,0.0,0.0,3,17.7,12.5,2019-11-08,2,74,33.080139372822295
0.0,0.0,0.0,0.0,2,17.5,11.3,2019-11-09,4,63,29.648083623693378
0.0,0.0,0.0,0.0,3,16.5,12.0,2019-11-10,1,49,22.569444444444443
0.0,0.0,0.0,0.0,3,17.7,13.0,2019-11-11,2,60,26.9290780141844
0.0,0.0,0.0,0.0,2,16.7,14.7,2019-11-12,4,63,29.36111111111111
0.0,0.0,0.0,0.0,3,18.3,22.8,2019-11-13,2,65,28.368055555555557
3.2,3.2,0.0,7.0,61,15.5,17.5,2019-11-14,4,76,33.60069444444444
0.0,0.0,0.0,0.0,3,15.8,10.1,2019-11-15,4,72,32.81944444444444
0.0,0.0,0.0,0.0,1,15.0,21.4,2019-11-16,2,69,32.038327526132406
0.0,0.0,0.0,0.0,3,15.8,17.9,2019-11-17,1,58,25.402777777777775
0.0,0.0,0.0,0.0,3,15.3,13.0,2019-11-18,2,69,31.114982578397207
0.0,0.0,0.0,0.0,2,15.3,14.6,2019-11-19,4,74,31.92361111111111
0.0,0.0,0.0,0.0,3,14.1,14.4,2019-11-20,6,74,33.57142857142857
0.0,0.0,0.0,0.0,3,13.5,20.8,2019-11-21,4,76,33.1875
0.0,0.0,0.0,0.0,3,13.5,29.0,2019-11-22,4,76,33.52777777777778
3.1,3.1,0.0,10.0,53,13.4,13.4,2019-11-23,4,62,30.409722222222225
0.0,0.0,0.0,0.0,3,12.7,11.2,2019-11-24,1,54,24.996527777777775
0.8,0.8,0.0,3.0,51,13.5,16.5,2019-11-25,2,65,27.375
5.6,5.6,0.0,8.0,63,14.1,17.8,2019-11-26,9,67,32.27372262773722
1.6,1.6,0.0,5.0,53,11.3,28.1,2019-11-27,8,67,31.934027777777775
0.0,0.0,0.0,0.0,3,13.4,25.9,2019-11-28,2,65,29.797909407665504
17.3,17.3,0.0,11.0,63,15.2,30.7,2019-11-29,4,72,35.03460207612457
7.8,7.8,0.0,7.0,63,14.7,21.1,2019-11-30,2,62,29.442508710801395
2.0,2.0,0.0,13.0,51,9.2,32.5,2019-12-01,2,49,23.123674911660775
0.0,0.0,0.0,0.0,3,8.5,15.9,2019-12-02,2,69,28.932624113475175
1.8,1.8,0.0,8.0,53,9.6,21.8,2019-12-03,4,74,33.05555555555556
9.1,9.1,0.0,18.0,53,7.7,28.0,2019-12-04,13,69,39.70934256055363
0.0,0.0,0.0,0.0,3,7.5,25.5,2019-12-05,6,74,34.71875
0.0,0.0,0.0,0.0,0,6.2,10.4,2019-12-06,4,76,32.291666666666664
0.2,0.2,0.0,2.0,51,7.3,15.3,2019-12-07,4,60,28.60975609756097
0.5,0.5,0.0,3.0,51,9.6,13.2,2019-12-08,1,40,17.65853658536585
0.0,0.0,0.0,0.0,3,7.3,10.2,2019-12-09,2,65,28.152777777777775
0.0,0.0,0.0,0.0,0,7.9,13.6,2019-12-10,4,67,30.574912891986063
2.6,2.6,0.0,5.0,61,8.0,20.4,2019-12-11,4,80,32.611111111111114
2.1,2.1,0.0,7.0,55,9.8,14.3,2019-12-12,6,67,31.694444444444443
3.5,3.5,0.0,3.0,61,10.7,13.7,2019-12-13,9,69,34.538983050847456
2.2,2.2,0.0,2.0,61,12.0,19.6,2019-12-14,4,62,30.572916666666664
1.7,1.7,0.0,5.0,53,10.3,15.2,2019-12-15,1,45,19.40766550522648
0.0,0.0,0.0,0.0,0,7.8,12.2,2019-12-16,1,69,28.88888888888889
0.0,0.0,0.0,0.0,1,9.1,12.9,2019-12-17,4,67,31.555555555555557
0.0,0.0,0.0,0.0,0,11.5,18.3,2019-12-18,8,72,32.9375
0.0,0.0,0.0,0.0,3,11.3,12.8,2019-12-19,4,69,32.053003533568905
0.0,0.0,0.0,0.0,3,10.2,20.5,2019-12-20,4,72,33.361111111111114
0.6,0.6,0.0,2.0,51,14.2,36.7,2019-12-21,2,58,28.53103448275862
0.1,0.1,0.0,1.0,51,16.0,39.5,2019-12-22,2,45,20.797909407665504
2.3,2.3,0.0,9.0,53,14.1,33.0,2019-12-23,4,72,34.43554006968641
7.4,7.4,0.0,17.0,61,9.8,25.9,2019-12-24,6,67,35.91637630662021
3.1,3.1,0.0,10.0,55,8.7,16.9,2019-12-25,4,72,33.37366548042705
11.9,11.9,0.0,17.0,61,7.8,24.1,2019-12-26,9,74,38.81468531468531
1.4,1.4,0.0,4.0,53,6.5,17.0,2019-12-27,8,78,37.06271777003484
2.3,2.3,0.0,6.0,55,5.1,22.7,2019-12-28,6,65,34.892361111111114
5.3,5.3,0.0,19.0,53,5.4,25.5,2019-12-29,8,42,21.23611111111111
7.1,7.1,0.0,14.0,53,7.3,42.5,2019-12-30,4,71,37.0551724137931
7.3,7.3,0.0,13.0,53,6.5,34.6,2019-12-31,6,62,32.1184668989547
2.8,2.8,0.0,12.0,53,5.2,28.5,2020-01-01,2,33,14.727272727272728
4.9,4.9,0.0,24.0,53,5.3,27.4,2020-01-02,4,72,35.56794425087108
0.1,0.1,0.0,1.0,51,5.2,17.5,2020-01-03,9,63,30.270833333333332
0.0,0.0,0.0,0.0,3,5.3,10.8,2020-01-04,1,45,21.73611111111111
4.2,4.2,0.0,10.0,53,6.0,19.0,2020-01-05,2,45,18.916666666666664
36.9,36.9,0.0,24.0,63,6.7,43.2,2020-01-06,15,80,44.482638888888886
30.7,30.7,0.0,24.0,61,5.9,47.2,2020-01-07,17,80,44.017605633802816
5.7,5.7,0.0,16.0,53,4.8,37.4,2020-01-08,15,74,36.88194444444445
0.1,0.1,0.0,1.0,51,4.7,23.2,2020-01-09,9,71,34.62717770034843
0.0,0.0,0.0,0.0,3,4.4,7.8,2020-01-10,6,74,33.94097222222222
0.0,0.0,0.0,0.0,3,5.9,10.2,2020-01-11,4,54,26.756097560975608
1.6,1.6,0.0,7.0,51,7.1,19.3,2020-01-12,2,35,17.090592334494772
0.3,0.3,0.0,3.0,51,6.8,15.0,2020-01-13,6,60,28.470383275261323
0.0,0.0,0.0,0.0,3,5.5,9.2,2020-01-14,6,65,30.916666666666664
0.0,0.0,0.0,0.0,3,6.5,18.7,2020-01-15,6,63,30.090277777777775
0.0,0.0,0.0,0.0,3,7.9,25.5,2020-01-16,4,69,31.524305555555557
0.0,0.0,0.0,0.0,3,6.9,30.5,2020-01-17,6,81,36.86458333333333
0.0,0.0,0.0,0.0,3,6.8,25.0,2020-01-18,9,63,32.278745644599304
0.9,0.9,0.0,8.0,51,5.5,20.4,2020-01-19,4,49,23.974729241877256
3.9,3.9,0.0,16.0,53,5.0,33.9,2020-01-20,11,74,38.31597222222222
0.1,0.1,0.0,1.0,51,3.5,20.7,2020-01-21,8,71,33.55555555555556
0.0,0.0,0.0,0.0,3,4.2,17.4,2020-01-22,4,71,33.236111111111114
0.2,0.2,0.0,2.0,51,5.4,31.2,2020-01-23,6,71,32.75261324041812
0.0,0.0,0.0,0.0,3,4.3,14.0,2020-01-24,4,71,32.75347222222222
0.0,0.0,0.0,0.0,1,6.6,22.2,2020-01-25,6,60,31.340277777777775
0.0,0.0,0.0,0.0,3,9.2,21.7,2020-01-26,4,47,25.027777777777775
1.0,1.0,0.0,3.0,51,9.5,13.8,2020-01-27,4,65,29.916666666666664
7.3,7.3,0.0,13.0,61,8.6,25.1,2020-01-28,11,67,36.45833333333333
7.3,7.3,0.0,7.0,63,10.3,34.1,2020-01-29,6,83,35.29065743944637
13.2,13.2,0.0,12.0,63,6.4,19.1,2020-01-30,13,67,37.02430555555556
0.0,0.0,0.0,0.0,3,5.5,28.1,2020-01-31,6,71,33.697916666666664
1.0,1.0,0.0,6.0,51,9.5,28.6,2020-02-01,8,56,30.554006968641115
0.0,0.0,0.0,0.0,2,10.8,22.0,2020-02-02,2,53,22.503472222222225
0.9,0.9,0.0,3.0,51,11.8,31.4,2020-02-03,1,60,27.506944444444443
2.1,2.1,0.0,7.0,53,12.0,29.5,2020-02-04,9,62,32.4390243902439
23.1,23.1,0.0,14.0,63,12.7,31.3,2020-02-05,6,83,38.607638888888886
4.0,4.0,0.0,17.0,51,5.5,41.7,2020-02-06,8,74,34.80902777777778
3.1,3.1,0.0,11.0,53,3.8,21.5,2020-02-07,6,76,32.05902777777778
2.2,0.2,1.4,10.0,73,0.5,31.0,2020-02-08,15,44,28.372822299651567
0.0,0.0,0.0,0.0,3,0.8,13.8,2020-02-09,2,31,14.935714285714283
0.0,0.0,0.0,0.0,3,4.5,27.1,2020-02-10,2,63,29.773519163763066
2.2,2.2,0.0,5.0,55,9.7,33.2,2020-02-11,6,65,33.00694444444444
7.5,7.5,0.0,7.0,63,7.8,24.9,2020-02-12,9,65,34.291666666666664
0.1,0.1,0.0,1.0,51,7.4,18.7,2020-02-13,6,67,31.604166666666664
0.0,0.0,0.0,0.0,3,6.4,20.4,2020-02-14,6,72,33.42708333333333
3.0,3.0,0.0,11.0,53,8.0,24.6,2020-02-15,6,54,29.90592334494773
0.0,0.0,0.0,0.0,3,7.4,26.4,2020-02-16,4,45,20.52707581227437
0.0,0.0,0.0,0.0,3,6.2,19.8,2020-02-17,4,63,30.038194444444443
0.0,0.0,0.0,0.0,1,5.9,13.4,2020-02-18,6,65,31.56445993031359
0.0,0.0,0.0,0.0,3,7.5,13.7,2020-02-19,6,65,31.229965156794425
5.2,5.2,0.0,12.0,53,7.4,19.2,2020-02-20,6,76,39.039568345323744
4.7,4.7,0.0,16.0,53,6.7,28.3,2020-02-21,13,65,44.02777777777778
0.0,0.0,0.0,0.0,3,6.1,27.8,2020-02-22,4,56,28.243055555555557
0.0,0.0,0.0,0.0,3,5.7,16.2,2020-02-23,1,47,20.694444444444443
0.5,0.5,0.0,3.0,51,8.4,29.1,2020-02-24,6,60,28.628472222222225
0.0,0.0,0.0,0.0,3,7.3,15.9,2020-02-25,4,65,31.327464788732396
0.0,0.0,0.0,0.0,3,12.2,36.5,2020-02-26,6,63,32.5
7.8,7.8,0.0,5.0,63,14.1,43.3,2020-02-27,6,72,36.35664335664336
1.8,1.8,0.0,3.0,53,9.0,23.6,2020-02-28,6,67,32.979166666666664
7.7,7.7,0.0,19.0,55,7.7,28.6,2020-02-29,4,58,34.15277777777778
0.0,0.0,0.0,0.0,3,6.5,8.8,2020-03-01,2,47,22.510416666666664
0.0,0.0,0.0,0.0,3,9.1,23.4,2020-03-02,2,65,30.693379790940767
0.0,0.0,0.0,0.0,2,13.5,22.8,2020-03-03,4,90,35.184501845018445
0.0,0.0,0.0,0.0,3,13.8,13.8,2020-03-04,1,62,29.862190812720847
8.1,8.1,0.0,8.0,61,12.3,11.3,2020-03-05,4,76,34.19642857142857
12.9,12.9,0.0,11.0,63,10.4,15.5,2020-03-06,6,67,35.88732394366197
0.0,0.0,0.0,0.0,3,13.1,22.4,2020-03-07,4,60,30.81184668989547
0.0,0.0,0.0,0.0,3,14.8,11.7,2020-03-08,2,49,22.675
0.0,0.0,0.0,0.0,3,13.8,24.0,2020-03-09,2,62,29.392086330935246
10.7,10.7,0.0,21.0,61,9.8,23.5,2020-03-10,6,74,38.46099290780142
0.2,0.2,0.0,1.0,51,11.1,11.3,2020-03-11,6,69,32.69930069930069
0.0,0.0,0.0,0.0,0,11.5,20.5,2020-03-12,4,72,31.909747292418768
0.0,0.0,0.0,0.0,0,10.5,23.0,2020-03-13,6,71,32.292857142857144
0.0,0.0,0.0,0.0,3,9.5,22.8,2020-03-14,6,51,24.541666666666664
8.3,8.3,0.0,13.0,55,8.1,33.1,2020-03-15,1,42,18.753472222222225
1.3,1.3,0.0,5.0,51,6.0,35.1,2020-03-16,8,56,24.186379928315407
0.0,0.0,0.0,0.0,3,5.5,19.5,2020-03-17,4,54,21.909090909090907
0.3,0.3,0.0,3.0,51,4.6,27.9,2020-03-18,4,54,20.846153846153847
0.8,0.8,0.0,4.0,51,6.6,33.1,2020-03-19,4,40,18.065972222222225
0.0,0.0,0.0,0.0,3,6.7,15.3,2020-03-20,2,36,15.237762237762237
0.0,0.0,0.0,0.0,3,8.0,8.9,2020-03-21,1,15,7.907801418439715
0.0,0.0,0.0,0.0,3,9.5,25.7,2020-03-22,1,87,4.944444444444445
0.7,0.7,0.0,4.0,51,9.0,24.7,2020-03-23,2,33,14.526132404181183
1.4,1.4,0.0,14.0,51,8.0,31.1,2020-03-24,4,27,16.529616724738677
0.1,0.1,0.0,1.0,51,7.6,28.3,2020-03-25,6,26,14.275261324041812
0.0,0.0,0.0,0.0,3,8.7,35.9,2020-03-26,4,20,10.659722222222221
0.0,0.0,0.0,0.0,3,9.0,22.3,2020-03-27,1,20,11.65625
5.7,5.7,0.0,13.0,53,8.3,16.3,2020-03-28,1,17,7.6875
24.8,24.8,0.0,24.0,61,9.0,22.3,2020-03-29,4,20,9.77083333333333
0.0,0.0,0.0,0.0,3,10.3,19.9,2020-03-30,2,18,10.209790209790208
0.2,0.2,0.0,2.0,51,8.5,36.4,2020-03-31,2,20,10.361111111111112
0.2,0.2,0.0,2.0,51,7.8,26.7,2020-04-01,4,20,11.243055555555555
21.3,21.3,0.0,9.0,63,8.1,33.3,2020-04-02,4,27,13.19298245614035
5.4,5.4,0.0,11.0,61,7.2,19.8,2020-04-03,2,17,9.759581881533101
6.8,6.8,0.0,14.0,55,8.1,29.4,2020-04-04,1,13,7.111498257839721
13.0,13.0,0.0,23.0,61,9.3,45.5,2020-04-05,6,18,10.08362369337979
4.7,4.7,0.0,12.0,61,9.3,45.2,2020-04-06,4,20,11.450704225352112
0.0,0.0,0.0,0.0,1,9.1,47.9,2020-04-07,4,17,10.253472222222221
0.0,0.0,0.0,0.0,3,9.0,34.1,2020-04-08,2,17,8.885017421602788
0.0,0.0,0.0,0.0,3,8.6,22.1,2020-04-09,2,17,8.239583333333332
0.0,0.0,0.0,0.0,3,9.3,9.0,2020-04-10,1,15,8.257042253521126
0.0,0.0,0.0,0.0,3,10.7,20.0,2020-04-11,1,24,7.010489510489511
0.0,0.0,0.0,0.0,2,10.0,23.7,2020-04-12,1,31,9.590909090909092
0.0,0.0,0.0,0.0,3,9.8,14.1,2020-04-13,1,18,9.472027972027972
0.0,0.0,0.0,0.0,3,14.2,23.4,2020-04-14,2,17,8.735191637630662
5.5,5.5,0.0,12.0,53,9.7,33.3,2020-04-15,6,27,14.742160278745644
0.0,0.0,0.0,0.0,3,9.0,22.7,2020-04-16,4,24,12.251748251748252
0.0,0.0,0.0,0.0,3,9.9,10.7,2020-04-17,1,24,11.687943262411348
0.0,0.0,0.0,0.0,3,13.0,15.0,2020-04-18,1,15,7.40625
0.0,0.0,0.0,0.0,3,15.2,11.4,2020-04-19,1,13,6.177083333333333
0.0,0.0,0.0,0.0,3,12.6,33.1,2020-04-20,1,24,10.557491289198605
2.5,2.5,0.0,8.0,53,10.2,24.8,2020-04-21,2,38,14.88111888111888
0.0,0.0,0.0,0.0,3,10.1,32.7,2020-04-22,1,29,12.832752613240418
0.0,0.0,0.0,0.0,3,9.5,27.8,2020-04-23,1,17,8.32404181184669
0.0,0.0,0.0,0.0,2,10.1,29.0,2020-04-24,1,17,7.284722222222222
0.0,0.0,0.0,0.0,3,9.4,13.0,2020-04-25,1,15,6.149825783972124
0.0,0.0,0.0,0.0,3,13.3,20.6,2020-04-26,1,13,6.00354609929078
0.0,0.0,0.0,0.0,2,14.1,20.8,2020-04-27,1,36,11.923344947735192
0.0,0.0,0.0,0.0,1,14.8,17.5,2020-04-28,1,31,11.940766550522648
0.0,0.0,0.0,0.0,3,16.2,11.9,2020-04-29,1,31,13.361403508771929
0.0,0.0,0.0,0.0,3,16.6,16.9,2020-04-30,1,38,14.37630662020906
0.0,0.0,0.0,0.0,3,16.4,16.1,2020-05-01,1,17,6.334494773519164
0.0,0.0,0.0,0.0,3,17.3,16.8,2020-05-02,1,18,6.670138888888888
3.7,3.7,0.0,10.0,55,16.2,12.7,2020-05-03,1,20,9.369337979094077
17.9,17.9,0.0,24.0,61,13.6,15.7,2020-05-04,6,51,21.71276595744681
4.0,4.0,0.0,14.0,53,14.3,19.7,2020-05-05,1,27,14.073684210526316
0.4,0.4,0.0,2.0,51,15.7,23.8,2020-05-06,1,35,14.616724738675957
6.7,6.7,0.0,8.0,61,12.3,26.0,2020-05-07,1,38,16.637630662020904
0.8,0.8,0.0,3.0,51,13.7,19.6,2020-05-08,1,42,14.424354243542435
0.0,0.0,0.0,0.0,3,14.6,11.3,2020-05-09,1,17,7.505376344086021
0.0,0.0,0.0,0.0,3,16.2,9.8,2020-05-10,1,15,6.4642857142857135
0.0,0.0,0.0,0.0,3,18.9,11.7,2020-05-11,1,44,16.43913043478261
0.0,0.0,0.0,0.0,3,21.2,29.8,2020-05-12,1,38,15.731092436974787
0.0,0.0,0.0,0.0,1,17.0,26.2,2020-05-13,1,42,17.745833333333334
0.0,0.0,0.0,0.0,3,16.8,16.0,2020-05-14,1,47,17.34583333333333
0.0,0.0,0.0,0.0,3,21.4,19.7,2020-05-15,1,53,20.408071748878925
0.0,0.0,0.0,0.0,3,22.1,22.5,2020-05-16,1,15,7.752066115702479
0.0,0.0,0.0,0.0,3,21.7,17.5,2020-05-17,1,13,5.836
0.0,0.0,0.0,0.0,3,19.6,30.3,2020-05-18,1,15,7.069686411149825
0.0,0.0,0.0,0.0,3,20.7,24.7,2020-05-19,1,15,7.381118881118882
0.0,0.0,0.0,0.0,3,20.8,20.8,2020-05-20,1,58,24.303571428571427
0.6,0.6,0.0,5.0,51,17.7,29.1,2020-05-21,1,65,26.530035335689043
12.3,12.3,0.0,13.0,63,13.8,36.4,2020-05-22,6,51,26.320895522388057
3.6,3.6,0.0,7.0,61,12.6,24.1,2020-05-23,1,17,6.93006993006993
0.0,0.0,0.0,0.0,3,13.6,11.0,2020-05-24,1,8,2.635687732342008
0.9,0.9,0.0,8.0,51,14.7,20.2,2020-05-25,1,11,3.686411149825784
0.0,0.0,0.0,0.0,3,15.3,21.6,2020-05-26,1,11,4.340277777777778
7.5,7.5,0.0,12.0,61,13.8,26.5,2020-05-27,1,54,22.871428571428567
6.2,6.2,0.0,15.0,63,14.4,11.5,2020-05-28,6,44,19.71897810218978
3.9,3.9,0.0,10.0,53,15.0,18.1,2020-05-29,2,60,22.56343283582089
0.1,0.1,0.0,1.0,51,16.6,17.8,2020-05-30,1,11,5.885416666666666
0.0,0.0,0.0,0.0,1,17.8,16.3,2020-05-31,1,6,2.7929824561403507
3.2,3.2,0.0,12.0,55,16.3,16.4,2020-06-01,1,80,28.11111111111111
3.6,3.6,0.0,4.0,63,16.4,13.2,2020-06-02,1,60,24.944915254237287
4.0,4.0,0.0,5.0,63,15.8,8.9,2020-06-03,1,62,25.479020979020977
0.3,0.3,0.0,3.0,51,17.7,18.7,2020-06-04,1,54,25.54355400696864
0.0,0.0,0.0,0.0,3,20.7,17.6,2020-06-05,2,67,30.004016064257026
0.0,0.0,0.0,0.0,3,22.9,18.1,2020-06-06,1,31,14.426294820717132
0.0,0.0,0.0,0.0,1,21.2,19.4,2020-06-07,1,24,10.939271255060728
0.0,0.0,0.0,0.0,3,21.2,14.2,2020-06-08,1,54,24.34509803921569
0.0,0.0,0.0,0.0,3,23.2,15.0,2020-06-09,4,54,25.575645756457565
0.0,0.0,0.0,0.0,2,23.1,18.6,2020-06-10,4,56,27.01063829787234
0.0,0.0,0.0,0.0,3,21.6,22.0,2020-06-11,4,60,26.848591549295772
1.2,1.2,0.0,2.0,55,21.2,20.7,2020-06-12,6,60,28.87188612099644
6.6,6.6,0.0,9.0,55,20.6,17.6,2020-06-13,4,42,19.419928825622772
13.5,13.5,0.0,12.0,63,20.6,21.1,2020-06-14,1,26,13.16117216117216
5.9,5.9,0.0,8.0,61,21.6,22.4,2020-06-15,8,54,26.35494880546075
0.0,0.0,0.0,0.0,3,22.7,17.9,2020-06-16,4,58,27.55749128919861
0.0,0.0,0.0,0.0,1,23.1,14.4,2020-06-17,4,58,27.721830985915492
9.2,9.2,0.0,9.0,63,21.0,13.0,2020-06-18,4,58,27.75886524822695
13.9,13.9,0.0,13.0,63,20.7,17.8,2020-06-19,2,62,32.81362007168459
1.8,1.8,0.0,5.0,53,22.8,18.9,2020-06-20,1,54,13.343971631205672
0.0,0.0,0.0,0.0,3,23.2,18.7,2020-06-21,1,29,12.761403508771927
1.2,1.2,0.0,2.0,55,22.1,15.0,2020-06-22,1,56,26.333333333333332
13.1,13.1,0.0,8.0,65,22.1,10.2,2020-06-23,2,54,27.13588850174216
17.8,17.8,0.0,16.0,63,21.7,19.2,2020-06-24,4,56,27.140350877192983
0.5,0.5,0.0,5.0,51,22.5,19.7,2020-06-25,4,62,29.5859649122807
0.7,0.7,0.0,5.0,51,22.6,29.1,2020-06-26,6,67,34.397887323943664
0.0,0.0,0.0,0.0,1,22.9,25.5,2020-06-27,2,47,13.415492957746478
0.0,0.0,0.0,0.0,0,23.1,22.7,2020-06-28,1,36,9.516908212560386
0.0,0.0,0.0,0.0,3,23.2,18.1,2020-06-29,2,63,31.043478260869563
0.0,0.0,0.0,0.0,3,23.9,11.2,2020-06-30,1,60,29.5663082437276
0.0,0.0,0.0,0.0,1,25.4,17.8,2020-07-01,2,63,31.153846153846157
0.0,0.0,0.0,0.0,3,25.3,25.3,2020-07-02,4,62,30.354166666666664
0.0,0.0,0.0,0.0,3,25.3,22.7,2020-07-03,4,60,31.208333333333332
0.0,0.0,0.0,0.0,3,25.4,22.4,2020-07-04,4,42,22.927083333333332
0.0,0.0,0.0,0.0,2,25.6,25.9,2020-07-05,2,31,14.409722222222221
0.0,0.0,0.0,0.0,3,26.4,24.6,2020-07-06,2,54,26.770833333333332
0.0,0.0,0.0,0.0,3,26.0,19.6,2020-07-07,4,60,29.072916666666664
1.3,1.3,0.0,4.0,53,23.1,35.6,2020-07-08,6,60,29.4247491638796
0.0,0.0,0.0,0.0,3,23.2,30.3,2020-07-09,4,60,28.878472222222225
0.0,0.0,0.0,0.0,3,23.1,31.1,2020-07-10,6,62,30.684027777777775
0.0,0.0,0.0,0.0,2,24.3,30.3,2020-07-11,2,44,22.128472222222225
0.0,0.0,0.0,0.0,2,24.2,26.0,2020-07-12,1,33,15.684027777777777
1.4,1.4,0.0,7.0,51,21.3,33.4,2020-07-13,4,62,29.721254355400696
0.0,0.0,0.0,0.0,3,21.9,29.1,2020-07-14,4,63,29.979166666666664
0.0,0.0,0.0,0.0,3,20.6,23.7,2020-07-15,2,27,16.302083333333332
0.0,0.0,0.0,0.0,3,21.6,20.9,2020-07-16,4,56,27.881944444444443
0.0,0.0,0.0,0.0,2,21.9,27.6,2020-07-17,4,58,29.024305555555557
0.0,0.0,0.0,0.0,1,23.5,26.2,2020-07-18,4,42,23.17013888888889
0.0,0.0,0.0,0.0,3,24.2,23.5,2020-07-19,2,27,14.343971631205672
0.0,0.0,0.0,0.0,3,24.1,18.8,2020-07-20,1,54,26.541666666666664
0.0,0.0,0.0,0.0,1,23.5,22.5,2020-07-21,6,60,29.507142857142856
0.0,0.0,0.0,0.0,1,24.2,26.6,2020-07-22,4,60,30.405982905982903
0.0,0.0,0.0,0.0,0,25.1,31.5,2020-07-23,4,62,30.204166666666666
0.0,0.0,0.0,0.0,0,24.8,33.6,2020-07-24,4,58,30.760784313725487
0.0,0.0,0.0,0.0,1,24.3,27.5,2020-07-25,4,40,22.466666666666665
0.0,0.0,0.0,0.0,1,24.7,22.3,2020-07-26,1,26,14.269076305220883
0.0,0.0,0.0,0.0,3,24.7,22.1,2020-07-27,4,54,25.496527777777775
0.0,0.0,0.0,0.0,3,25.2,22.2,2020-07-28,4,53,26.32638888888889
0.0,0.0,0.0,0.0,0,26.0,23.6,2020-07-29,2,54,27.807017543859647
0.0,0.0,0.0,0.0,0,25.7,24.6,2020-07-30,2,38,16.73611111111111
0.0,0.0,0.0,0.0,1,25.6,22.4,2020-07-31,1,26,11.215277777777777
0.0,0.0,0.0,0.0,2,25.1,25.1,2020-08-01,1,27,13.320557491289199
0.0,0.0,0.0,0.0,2,24.6,29.0,2020-08-02,1,29,12.416961130742049
0.0,0.0,0.0,0.0,1,24.0,27.2,2020-08-03,1,24,11.920138888888888
0.0,0.0,0.0,0.0,1,24.7,26.8,2020-08-04,1,44,17.322916666666664
0.0,0.0,0.0,0.0,1,24.5,25.5,2020-08-05,1,51,20.975694444444443
0.0,0.0,0.0,0.0,1,25.2,27.8,2020-08-06,2,56,23.902777777777775
0.0,0.0,0.0,0.0,0,26.2,26.0,2020-08-07,4,54,25.885416666666664
0.0,0.0,0.0,0.0,2,26.4,31.9,2020-08-08,2,42,21.444444444444443
0.0,0.0,0.0,0.0,3,26.3,35.3,2020-08-09,2,33,16.930555555555557
0.3,0.3,0.0,2.0,51,25.6,29.5,2020-08-10,4,60,29.322916666666664
0.0,0.0,0.0,0.0,0,25.4,24.1,2020-08-11,4,62,30.07986111111111
0.0,0.0,0.0,0.0,0,25.7,23.8,2020-08-12,2,63,29.39721254355401
0.0,0.0,0.0,0.0,1,25.1,25.8,2020-08-13,4,62,29.375
0.0,0.0,0.0,0.0,1,24.1,24.3,2020-08-14,4,65,31.020833333333332
0.0,0.0,0.0,0.0,0,24.0,25.4,2020-08-15,2,45,24.60975609756097
0.0,0.0,0.0,0.0,2,23.7,29.8,2020-08-16,1,31,16.20138888888889
0.0,0.0,0.0,0.0,3,23.8,28.3,2020-08-17,1,58,26.4612676056338
0.0,0.0,0.0,0.0,3,23.4,24.0,2020-08-18,2,58,30.68093385214008
0.0,0.0,0.0,0.0,1,23.8,22.1,2020-08-19,2,60,30.289962825278806
0.2,0.2,0.0,2.0,51,22.2,20.5,2020-08-20,2,58,29.95486111111111
1.4,1.4,0.0,8.0,53,22.8,23.9,2020-08-21,2,60,30.92013888888889
0.0,0.0,0.0,0.0,3,24.0,21.4,2020-08-22,2,45,23.625
0.0,0.0,0.0,0.0,3,24.1,23.2,2020-08-23,1,31,15.839857651245552
0.0,0.0,0.0,0.0,2,24.4,27.2,2020-08-24,1,62,27.256317689530682
0.0,0.0,0.0,0.0,0,24.5,20.9,2020-08-25,4,62,30.228571428571428
0.0,0.0,0.0,0.0,3,23.8,22.8,2020-08-26,2,62,29.41696113074205
0.4,0.4,0.0,3.0,51,23.4,18.3,2020-08-27,2,62,29.409722222222225
0.0,0.0,0.0,0.0,0,24.3,23.8,2020-08-28,6,65,32.298611111111114
0.0,0.0,0.0,0.0,0,25.3,26.0,2020-08-29,1,47,25.60975609756097
0.0,0.0,0.0,0.0,3,25.2,22.1,2020-08-30,1,36,16.947916666666664
0.0,0.0,0.0,0.0,2,24.2,20.1,2020-08-31,1,63,29.135416666666664
0.0,0.0,0.0,0.0,1,24.6,20.9,2020-09-01,2,63,30.461805555555557
0.0,0.0,0.0,0.0,1,24.4,21.3,2020-09-02,4,65,31.409722222222225
0.0,0.0,0.0,0.0,3,24.7,18.6,2020-09-03,2,65,31.323943661971832
0.4,0.4,0.0,3.0,51,22.9,32.0,2020-09-04,2,65,32.010416666666664
2.1,2.1,0.0,8.0,53,22.1,28.1,2020-09-05,4,53,26.658362989323845
0.0,0.0,0.0,0.0,2,22.7,19.9,2020-09-06,1,36,17.652777777777775
0.0,0.0,0.0,0.0,0,23.3,22.9,2020-09-07,1,62,28.409722222222225
0.0,0.0,0.0,0.0,2,23.7,27.7,2020-09-08,2,63,29.878472222222225
0.0,0.0,0.0,0.0,1,24.0,29.9,2020-09-09,2,62,29.380782918149464
0.0,0.0,0.0,0.0,3,23.5,27.5,2020-09-10,4,63,36.25380710659898
0.0,0.0,0.0,0.0,3,23.4,30.0,2020-09-11,4,63,23.863874345549736
0.0,0.0,0.0,0.0,3,24.4,31.1,2020-09-12,2,49,25.708333333333332
1.3,1.3,0.0,8.0,51,24.1,28.0,2020-09-13,1,36,18.28301886792453
0.0,0.0,0.0,0.0,2,24.3,29.5,2020-09-14,2,60,29.01
0.0,0.0,0.0,0.0,1,24.4,31.6,2020-09-15,4,62,32.27586206896552
0.0,0.0,0.0,0.0,2,23.9,31.4,2020-09-16,2,60,27.885057471264368
0.0,0.0,0.0,0.0,2,23.7,18.7,2020-09-17,4,65,33.59036144578313
0.0,0.0,0.0,0.0,2,22.5,24.5,2020-09-18,4,65,31.653465346534652
0.0,0.0,0.0,0.0,3,21.3,28.6,2020-09-19,6,51,27.844155844155843
1.7,1.7,0.0,6.0,53,20.2,33.4,2020-09-20,2,54,19.444444444444443
0.0,0.0,0.0,0.0,3,21.6,27.0,2020-09-21,1,63,32.67179487179487
0.0,0.0,0.0,0.0,3,21.3,22.9,2020-09-22,4,62,29.85763888888889
0.0,0.0,0.0,0.0,3,20.7,9.0,2020-09-23,2,63,29.493055555555557
0.0,0.0,0.0,0.0,3,21.6,9.1,2020-09-24,2,65,32.08148148148148
0.2,0.2,0.0,2.0,51,22.6,11.9,2020-09-25,2,65,31.84375
0.0,0.0,0.0,0.0,3,24.5,19.9,2020-09-26,2,54,27.597222222222225
0.3,0.3,0.0,2.0,51,24.1,26.2,2020-09-27,2,42,20.78181818181818
0.0,0.0,0.0,0.0,3,22.6,12.2,2020-09-28,1,65,28.854166666666664
1.8,1.8,0.0,3.0,55,21.7,33.4,2020-09-29,2,65,31.989583333333332
13.6,13.6,0.0,7.0,63,18.4,14.6,2020-09-30,1,65,30.614583333333332
0.0,0.0,0.0,0.0,1,18.6,15.9,2020-10-01,2,71,32.386759581881535
0.0,0.0,0.0,0.0,3,19.2,14.8,2020-10-02,2,69,33.40625
0.0,0.0,0.0,0.0,3,19.8,11.8,2020-10-03,2,56,28.208333333333332
0.0,0.0,0.0,0.0,3,20.8,10.7,2020-10-04,1,44,20.756944444444443
0.0,0.0,0.0,0.0,3,23.8,13.5,2020-10-05,1,69,29.354166666666664
0.0,0.0,0.0,0.0,3,23.3,10.5,2020-10-06,2,67,31.215277777777775
0.0,0.0,0.0,0.0,3,24.1,12.9,2020-10-07,2,71,32.719723183391004
38.2,38.2,0.0,12.0,65,21.1,25.5,2020-10-08,4,67,31.461805555555557
8.9,8.9,0.0,10.0,61,17.3,17.6,2020-10-09,6,85,34.280276816609
0.9,0.9,0.0,6.0,51,17.3,15.3,2020-10-10,2,60,28.88888888888889
0.0,0.0,0.0,0.0,1,18.7,12.1,2020-10-11,1,47,21.60763888888889
0.0,0.0,0.0,0.0,3,18.8,9.4,2020-10-12,1,63,29.39236111111111
0.8,0.8,0.0,2.0,53,20.8,34.9,2020-10-13,2,83,33.517361111111114
0.1,0.1,0.0,1.0,51,20.4,24.7,2020-10-14,4,67,31.494773519163765
0.0,0.0,0.0,0.0,2,18.9,9.2,2020-10-15,4,71,33.072916666666664
0.0,0.0,0.0,0.0,3,19.3,17.4,2020-10-16,4,67,33.16376306620209
1.9,1.9,0.0,4.0,53,20.7,27.7,2020-10-17,2,67,30.149305555555557
9.0,9.0,0.0,15.0,63,17.7,24.6,2020-10-18,1,45,19.190972222222225
0.2,0.2,0.0,2.0,51,16.4,22.4,2020-10-19,4,67,30.409722222222225
1.1,1.1,0.0,9.0,51,16.4,30.2,2020-10-20,2,63,31.993031358885016
0.6,0.6,0.0,4.0,51,17.9,32.7,2020-10-21,9,69,32.961672473867594
0.0,0.0,0.0,0.0,3,18.2,18.1,2020-10-22,2,67,29.965156794425088
0.0,0.0,0.0,0.0,0,17.7,11.0,2020-10-23,2,67,30.38148148148148
0.0,0.0,0.0,0.0,3,17.5,10.3,2020-10-24,2,53,25.587786259541986
0.0,0.0,0.0,0.0,3,18.4,10.0,2020-10-25,2,42,19.015686274509804
0.0,0.0,0.0,0.0,3,17.3,14.2,2020-10-26,1,62,26.337164750957854
0.0,0.0,0.0,0.0,3,17.3,19.3,2020-10-27,2,65,30.77323420074349
1.6,1.6,0.0,9.0,51,18.0,12.5,2020-10-28,2,69,29.742857142857144
20.3,20.3,0.0,7.0,63,16.2,15.0,2020-10-29,2,27,15.875
14.4,14.4,0.0,6.0,63,15.1,18.0,2020-10-30,1,71,29.23611111111111
1.2,1.2,0.0,4.0,53,13.1,20.1,2020-10-31,2,40,19.871527777777775
3.0,3.0,0.0,6.0,61,12.8,23.9,2020-11-01,1,35,16.197916666666664
0.0,0.0,0.0,0.0,0,13.3,8.2,2020-11-02,1,65,26.61111111111111
2.1,2.1,0.0,7.0,53,12.6,9.7,2020-11-03,1,65,29.40625
2.7,2.7,0.0,11.0,53,13.1,23.5,2020-11-04,4,72,34.291666666666664
3.7,3.7,0.0,18.0,53,14.5,28.5,2020-11-05,6,63,35.75609756097561
2.1,2.1,0.0,12.0,53,14.6,31.1,2020-11-06,15,51,29.34
1.0,1.0,0.0,7.0,51,13.1,22.3,2020-11-07,4,58,27.09183673469388
0.0,0.0,0.0,0.0,3,14.2,26.7,2020-11-08,2,65,16.53125
0.0,0.0,0.0,0.0,3,15.1,22.8,2020-11-09,1,63,24.927083333333332
0.2,0.2,0.0,2.0,51,15.1,25.5,2020-11-10,4,62,28.494545454545452
0.5,0.5,0.0,5.0,51,14.1,27.5,2020-11-11,4,69,38.452513966480446
0.0,0.0,0.0,0.0,3,14.0,19.9,2020-11-12,2,60,26.98263888888889
0.4,0.4,0.0,4.0,51,13.1,23.0,2020-11-13,2,62,28.371527777777775
0.9,0.9,0.0,7.0,51,13.0,18.7,2020-11-14,1,60,27.19148936170213
0.0,0.0,0.0,0.0,2,11.4,14.1,2020-11-15,1,31,12.888501742160278
0.0,0.0,0.0,0.0,3,11.1,11.7,2020-11-16,1,65,24.972222222222225
0.0,0.0,0.0,0.0,2,11.4,16.4,2020-11-17,4,67,28.663194444444443
1.7,1.7,0.0,11.0,51,11.4,24.2,2020-11-18,2,69,29.62369337979094
0.4,0.4,0.0,4.0,51,11.6,37.3,2020-11-19,4,62,26.38888888888889
0.0,0.0,0.0,0.0,2,11.3,27.9,2020-11-20,4,71,29.15625
0.3,0.3,0.0,3.0,51,10.9,26.5,2020-11-21,4,51,23.346289752650176
0.2,0.2,0.0,2.0,51,9.9,25.5,2020-11-22,1,29,13.659722222222221
0.0,0.0,0.0,0.0,2,8.6,14.0,2020-11-23,4,58,26.536496350364963
0.0,0.0,0.0,0.0,3,8.5,20.2,2020-11-24,1,56,25.131944444444443
0.4,0.4,0.0,3.0,51,11.0,26.6,2020-11-25,4,58,26.868055555555557
0.0,0.0,0.0,0.0,3,10.3,22.8,2020-11-26,4,60,25.208333333333332
0.0,0.0,0.0,0.0,0,9.4,10.6,2020-11-27,2,63,25.8986013986014
0.0,0.0,0.0,0.0,0,8.8,13.0,2020-11-28,1,49,19.73611111111111
0.0,0.0,0.0,0.0,3,9.6,11.9,2020-11-29,1,31,11.368055555555555
0.2,0.2,0.0,2.0,51,10.3,30.4,2020-11-30,4,65,26.5
3.6,3.6,0.0,16.0,53,7.3,28.0,2020-12-01,6,67,30.580071174377224
0.0,0.0,0.0,0.0,3,6.5,15.9,2020-12-02,8,62,27.395104895104893
0.1,0.1,0.0,1.0,51,9.8,13.5,2020-12-03,4,63,29.052264808362366
0.0,0.0,0.0,0.0,1,9.8,13.9,2020-12-04,4,83,37.072916666666664
0.0,0.0,0.0,0.0,3,10.5,14.9,2020-12-05,2,18,8.180555555555555
0.0,0.0,0.0,0.0,3,11.7,22.8,2020-12-06,1,15,5.84641638225256
0.4,0.4,0.0,3.0,51,10.8,25.0,2020-12-07,2,71,32.77083333333333
1.9,1.9,0.0,9.0,53,11.0,24.5,2020-12-08,6,67,32.298611111111114
0.8,0.8,0.0,4.0,51,10.3,15.9,2020-12-09,6,65,29.538194444444443
0.0,0.0,0.0,0.0,3,13.2,23.5,2020-12-10,6,67,30.371527777777775
2.0,2.0,0.0,6.0,53,12.6,28.9,2020-12-11,6,74,36.46875
2.5,2.5,0.0,11.0,53,11.9,22.7,2020-12-12,2,20,9.565972222222223
5.1,5.1,0.0,12.0,61,12.7,18.8,2020-12-13,1,15,7.392361111111111
3.6,3.6,0.0,9.0,61,12.4,29.5,2020-12-14,8,72,38.260416666666664
15.9,15.9,0.0,24.0,63,10.2,32.1,2020-12-15,11,72,40.02430555555556
0.1,0.1,0.0,1.0,51,9.5,17.7,2020-12-16,6,67,32.32950191570881
0.0,0.0,0.0,0.0,3,9.4,18.2,2020-12-17,6,65,32.254355400696866
0.0,0.0,0.0,0.0,3,9.0,18.2,2020-12-18,4,72,33.36458333333333
0.0,0.0,0.0,0.0,2,8.1,13.2,2020-12-19,1,15,4.826989619377162
0.0,0.0,0.0,0.0,3,8.2,18.3,2020-12-20,1,15,4.224199288256228
0.2,0.2,0.0,2.0,51,8.1,19.4,2020-12-21,4,69,34.40909090909091
0.2,0.2,0.0,2.0,51,6.9,14.1,2020-12-22,4,69,33.361111111111114
0.1,0.1,0.0,1.0,51,6.3,11.5,2020-12-23,4,65,30.67957746478873
0.0,0.0,0.0,0.0,3,10.3,21.8,2020-12-24,4,78,32.6382252559727
0.0,0.0,0.0,0.0,3,12.5,31.2,2020-12-25,2,72,33.47222222222222
0.0,0.0,0.0,0.0,3,14.8,29.0,2020-12-26,2,15,6.520833333333333
0.0,0.0,0.0,0.0,3,12.9,20.6,2020-12-27,1,13,3.795138888888889
0.1,0.1,0.0,1.0,51,12.5,20.0,2020-12-28,2,71,35.53472222222222
0.0,0.0,0.0,0.0,3,13.6,29.5,2020-12-29,6,71,34.55749128919861
0.0,0.0,0.0,0.0,2,12.2,20.3,2020-12-30,4,71,34.64930555555556
0.4,0.4,0.0,2.0,51,12.4,16.6,2020-12-31,1,62,26.756944444444443
4.2,4.2,0.0,9.0,55,11.7,25.5,2021-01-01,1,18,5.822916666666666
0.0,0.0,0.0,0.0,1,10.0,12.2,2021-01-02,1,18,4.041666666666666
0.2,0.2,0.0,1.0,51,10.5,14.8,2021-01-03,1,13,3.100694444444444
0.0,0.0,0.0,0.0,3,11.7,17.7,2021-01-04,1,65,30.53125
1.6,1.6,0.0,2.0,61,11.5,26.1,2021-01-05,4,62,30.98611111111111
0.0,0.0,0.0,0.0,3,10.2,11.8,2021-01-06,2,63,28.510416666666664
0.0,0.0,0.0,0.0,3,12.0,25.3,2021-01-07,4,65,31.104166666666664
0.0,0.0,0.0,0.0,3,14.0,32.3,2021-01-08,6,72,34.267361111111114
10.5,10.5,0.0,13.0,61,11.9,27.0,2021-01-09,4,18,11.75
28.0,28.0,0.0,23.0,63,9.0,22.8,2021-01-10,4,22,11.111486486486486
1.8,1.8,0.0,7.0,53,12.8,17.8,2021-01-11,2,67,33.46180555555556
14.5,14.5,0.0,15.0,63,12.9,28.9,2021-01-12,4,80,37.3205574912892
19.9,19.9,0.0,23.0,63,7.0,23.1,2021-01-13,4,63,34.93402777777778
1.5,1.5,0.0,7.0,51,4.3,20.4,2021-01-14,6,65,33.48958333333333
9.3,4.6,3.29,9.0,75,3.0,20.8,2021-01-15,6,63,34.9375
8.7,5.6,2.17,9.0,73,2.2,27.0,2021-01-16,4,29,14.052083333333332
8.1,2.9,3.71,20.0,73,0.3,32.7,2021-01-17,6,31,17.103571428571428
0.6,0.0,0.42,6.0,71,-1.1,13.4,2021-01-18,11,85,34.798611111111114
0.1,0.0,0.07,1.0,71,-1.3,9.0,2021-01-19,11,60,35.38194444444444
0.0,0.0,0.0,0.0,3,2.5,26.1,2021-01-20,6,67,35.75694444444444
0.0,0.0,0.0,0.0,3,7.7,23.6,2021-01-21,6,67,35.30555555555556
0.0,0.0,0.0,0.0,3,10.7,27.2,2021-01-22,6,83,39.32692307692308
0.0,0.0,0.0,0.0,3,11.8,27.3,2021-01-23,1,17,8.156
2.0,2.0,0.0,4.0,55,10.9,34.5,2021-01-24,1,11,5.23943661971831
5.7,5.7,0.0,10.0,61,11.8,38.2,2021-01-25,4,80,43.65625
2.4,2.4,0.0,4.0,53,12.3,32.4,2021-01-26,6,78,40.223404255319146
16.9,16.7,0.14,20.0,71,5.7,34.6,2021-01-27,6,72,42.760416666666664
2.5,0.8,1.19,8.0,73,2.0,17.4,2021-01-28,4,67,35.63194444444444
0.0,0.0,0.0,0.0,3,5.4,34.7,2021-01-29,1,78,38.604166666666664
11.0,11.0,0.0,14.0,61,7.8,26.0,2021-01-30,4,20,11.1875
0.0,0.0,0.0,0.0,3,9.5,19.0,2021-01-31,1,15,4.4375
0.1,0.1,0.0,1.0,51,12.5,23.2,2021-02-01,4,72,36.94097222222222
4.3,4.3,0.0,12.0,61,11.7,17.1,2021-02-02,4,67,36.545138888888886
0.4,0.4,0.0,3.0,51,10.9,12.3,2021-02-03,4,71,35.33079847908745
0.0,0.0,0.0,0.0,3,9.7,19.9,2021-02-04,6,74,36.88501742160279
0.0,0.0,0.0,0.0,3,9.9,10.6,2021-02-05,4,78,40.53924914675768
0.0,0.0,0.0,0.0,2,9.6,16.4,2021-02-06,1,13,5.770764119601329
0.0,0.0,0.0,0.0,3,11.4,25.5,2021-02-07,1,15,3.662020905923345
0.4,0.4,0.0,2.0,51,15.2,37.7,2021-02-08,2,72,38.278985507246375
3.6,3.6,0.0,8.0,61,14.6,43.8,2021-02-09,6,65,36.979166666666664
4.1,4.1,0.0,6.0,61,13.1,33.2,2021-02-10,4,71,37.704861111111114
0.0,0.0,0.0,0.0,3,14.2,29.3,2021-02-11,4,72,36.78819444444445
14.2,13.7,0.35,10.0,71,5.0,36.1,2021-02-12,2,69,40.37543859649122
0.7,0.0,0.49,3.0,73,0.9,24.6,2021-02-13,1,18,6.2989323843416365
19.4,1.2,12.74,24.0,75,1.0,32.4,2021-02-14,13,38,23.458333333333332
4.8,0.5,3.01,18.0,73,1.3,31.9,2021-02-15,17,53,35.16319444444444
1.9,0.0,1.33,15.0,71,0.3,38.1,2021-02-16,15,51,30.67832167832168
1.0,0.0,0.7,7.0,73,0.3,27.0,2021-02-17,9,71,27.70422535211268
3.6,3.6,0.0,12.0,53,2.7,24.6,2021-02-18,8,63,36.107638888888886
0.9,0.9,0.0,6.0,51,2.7,17.3,2021-02-19,2,65,32.259515570934255
0.0,0.0,0.0,0.0,3,2.2,13.4,2021-02-20,1,15,5.385416666666666
0.0,0.0,0.0,0.0,3,4.2,19.3,2021-02-21,1,15,4.805343511450381
0.0,0.0,0.0,0.0,3,4.8,11.6,2021-02-22,6,72,38.97222222222222
0.0,0.0,0.0,0.0,0,6.4,9.3,2021-02-23,4,72,37.076388888888886
0.0,0.0,0.0,0.0,3,6.2,20.3,2021-02-24,4,69,35.81597222222222
0.0,0.0,0.0,0.0,3,7.3,19.1,2021-02-25,6,69,36.527472527472526
0.0,0.0,0.0,0.0,0,7.3,17.1,2021-02-26,6,76,39.6816479400749
0.0,0.0,0.0,0.0,0,7.1,10.4,2021-02-27,2,15,7.919540229885057
0.2,0.2,0.0,2.0,51,6.9,26.6,2021-02-28,1,18,6.202290076335878
1.9,1.9,0.0,7.0,53,6.5,19.8,2021-03-01,4,76,38.988679245283016
2.2,2.2,0.0,14.0,51,5.6,26.5,2021-03-02,9,72,40.79323308270677
0.0,0.0,0.0,0.0,3,5.6,22.2,2021-03-03,4,65,35.21299638989169
0.0,0.0,0.0,0.0,1,4.8,10.8,2021-03-04,4,67,35.09469696969697
0.0,0.0,0.0,0.0,2,8.9,20.5,2021-03-05,4,65,33.66541353383458
13.4,13.4,0.0,10.0,63,9.0,30.7,2021-03-06,2,78,32.384328358208954
3.5,3.5,0.0,11.0,53,5.1,24.9,2021-03-07,1,18,6.82089552238806
0.0,0.0,0.0,0.0,1,3.8,14.3,2021-03-08,4,74,34.97090909090909
0.0,0.0,0.0,0.0,2,6.5,19.7,2021-03-09,4,65,33.757894736842104
3.3,3.3,0.0,7.0,55,8.6,22.7,2021-03-10,6,63,33.454861111111114
9.6,9.6,0.0,14.0,63,6.2,36.7,2021-03-11,6,74,36.8993288590604
0.0,0.0,0.0,0.0,3,5.1,20.9,2021-03-12,4,63,31.86111111111111
0.0,0.0,0.0,0.0,3,6.7,11.2,2021-03-13,2,72,31.784722222222225
0.0,0.0,0.0,0.0,2,9.1,10.4,2021-03-14,1,11,2.90625
0.1,0.1,0.0,1.0,51,12.2,14.9,2021-03-15,2,63,33.736111111111114
14.3,14.3,0.0,18.0,63,9.6,39.5,2021-03-16,8,65,36.861111111111114
3.1,3.1,0.0,18.0,51,7.2,25.8,2021-03-17,8,76,37.322916666666664
1.6,1.6,0.0,6.0,53,6.6,17.4,2021-03-18,4,58,32.14930555555556
3.9,3.9,0.0,11.0,55,7.1,11.8,2021-03-19,4,76,36.68888888888889
2.0,2.0,0.0,8.0,53,7.3,22.7,2021-03-20,4,65,33.076388888888886
13.4,13.4,0.0,24.0,61,6.4,28.4,2021-03-21,2,18,9.05109489051095
12.4,12.4,0.0,21.0,63,8.2,25.1,2021-03-22,4,76,35.25694444444444
5.3,5.3,0.0,15.0,61,5.9,35.8,2021-03-23,4,65,36.83333333333333
1.9,1.8,0.07,11.0,71,3.7,28.1,2021-03-24,2,69,31.632867132867126
0.7,0.7,0.0,5.0,51,3.4,19.5,2021-03-25,2,67,31.260416666666664
0.2,0.2,0.0,2.0,51,5.2,19.4,2021-03-26,2,60,29.288194444444443
0.0,0.0,0.0,0.0,2,7.3,16.4,2021-03-27,2,72,30.996515679442506
0.0,0.0,0.0,0.0,3,8.2,14.6,2021-03-28,1,11,2.888111888111888
0.3,0.3,0.0,2.0,51,8.1,19.4,2021-03-29,2,63,31.399305555555557
2.4,2.4,0.0,11.0,51,6.6,28.5,2021-03-30,4,65,35.26480836236934
0.0,0.0,0.0,0.0,3,7.3,36.4,2021-03-31,4,58,31.48611111111111
0.2,0.2,0.0,2.0,51,6.7,25.9,2021-04-01,2,63,34.31800766283525
0.0,0.0,0.0,0.0,3,8.0,19.5,2021-04-02,4,74,38.36458333333333
1.7,1.7,0.0,5.0,53,12.8,24.2,2021-04-03,1,17,6.778947368421052
2.2,2.2,0.0,6.0,53,11.8,27.5,2021-04-04,1,13,3.7909407665505226
16.8,16.8,0.0,15.0,63,7.5,26.1,2021-04-05,4,78,37.58041958041959
2.8,2.8,0.0,7.0,53,12.3,16.7,2021-04-06,2,62,32.648083623693374
1.3,1.3,0.0,6.0,53,14.0,30.8,2021-04-07,1,67,33.343859649122805
15.2,15.2,0.0,18.0,61,6.2,29.8,2021-04-08,2,72,42.24305555555556
2.2,2.2,0.0,11.0,53,6.2,26.7,2021-04-09,1,72,38.045138888888886
0.8,0.8,0.0,4.0,51,6.0,23.8,2021-04-10,1,9,5.054945054945056
0.0,0.0,0.0,0.0,3,6.7,18.7,2021-04-11,1,11,2.055555555555556
0.0,0.0,0.0,0.0,3,8.6,15.9,2021-04-12,1,74,35.73958333333333
1.5,1.5,0.0,3.0,53,11.2,12.1,2021-04-13,2,56,26.197916666666664
2.4,2.4,0.0,5.0,55,13.5,23.6,2021-04-14,1,58,25.371527777777775
0.8,0.8,0.0,5.0,51,10.4,23.3,2021-04-15,2,63,24.534722222222225
0.5,0.5,0.0,2.0,51,9.9,20.9,2021-04-16,2,63,26.208333333333332
4.6,4.6,0.0,12.0,53,10.2,31.3,2021-04-17,1,18,7.489583333333333
0.4,0.4,0.0,3.0,51,11.8,16.5,2021-04-18,1,11,2.958333333333333
6.7,6.7,0.0,14.0,55,11.7,19.7,2021-04-19,2,74,29.95138888888889
1.5,1.5,0.0,5.0,53,12.0,25.0,2021-04-20,1,60,25.015625
0.0,0.0,0.0,0.0,1,12.3,11.5,2021-04-21,1,62,28.202334630350197
0.0,0.0,0.0,0.0,3,12.0,11.5,2021-04-22,2,80,34.10452961672473
0.1,0.1,0.0,1.0,51,14.1,13.9,2021-04-23,1,11,6.029556650246305
1.5,1.5,0.0,7.0,51,12.8,25.2,2021-04-24,1,13,5.791666666666666
4.0,4.0,0.0,12.0,53,10.9,30.7,2021-04-25,1,15,5.149305555555556
0.0,0.0,0.0,0.0,3,11.3,19.0,2021-04-26,1,72,28.98611111111111
0.2,0.2,0.0,2.0,51,12.1,10.4,2021-04-27,1,74,33.142361111111114
0.0,0.0,0.0,0.0,3,14.4,16.7,2021-04-28,1,81,37.797909407665514
0.7,0.7,0.0,2.0,53,13.6,19.7,2021-04-29,1,71,33.95774647887324
0.0,0.0,0.0,0.0,3,15.3,11.8,2021-04-30,1,26,12.362369337979095
0.0,0.0,0.0,0.0,3,18.9,12.7,2021-05-01,1,13,5.100694444444445
0.0,0.0,0.0,0.0,3,20.8,20.9,2021-05-02,1,9,3.4409722222222223
0.0,0.0,0.0,0.0,3,20.3,18.7,2021-05-03,1,24,11.621527777777777
0.0,0.0,0.0,0.0,3,17.0,24.2,2021-05-04,1,24,12.413194444444445
0.1,0.1,0.0,1.0,51,17.1,19.1,2021-05-05,1,26,11.836236933797908
0.0,0.0,0.0,0.0,3,16.2,18.1,2021-05-06,1,33,12.557491289198605
0.0,0.0,0.0,0.0,3,19.7,13.6,2021-05-07,1,26,12.045138888888888
6.0,6.0,0.0,8.0,61,17.4,25.4,2021-05-08,1,18,7.451388888888889
0.0,0.0,0.0,0.0,3,14.0,26.0,2021-05-09,1,8,2.782456140350877
0.0,0.0,0.0,0.0,0,12.9,29.3,2021-05-10,1,24,10.298245614035087
0.0,0.0,0.0,0.0,0,13.5,27.8,2021-05-11,1,22,10.114982578397212
0.0,0.0,0.0,0.0,3,14.8,17.4,2021-05-12,1,15,4.7177700348432055
0.0,0.0,0.0,0.0,3,17.0,16.6,2021-05-13,1,4,1.083916083916084
0.0,0.0,0.0,0.0,1,19.1,20.6,2021-05-14,1,20,2.912698412698413
0.0,0.0,0.0,0.0,3,19.7,12.3,2021-05-15,1,11,1.8986013986013983
4.5,4.5,0.0,10.0,61,17.9,14.6,2021-05-16,1,11,2.242857142857143
0.1,0.1,0.0,1.0,51,17.6,20.7,2021-05-17,1,65,26.82899628252788
3.3,3.3,0.0,5.0,61,18.5,25.6,2021-05-18,2,83,37.677304964539005
0.0,0.0,0.0,0.0,1,19.6,13.4,2021-05-19,1,60,25.756944444444443
0.0,0.0,0.0,0.0,3,20.0,27.7,2021-05-20,1,65,39.136
29.1,29.1,0.0,14.0,63,15.2,34.2,2021-05-21,2,76,41.45993031358885
2.9,2.9,0.0,14.0,53,16.3,20.2,2021-05-22,1,13,6.825783972125436
0.0,0.0,0.0,0.0,3,17.8,11.4,2021-05-23,1,6,1.9791666666666667
0.0,0.0,0.0,0.0,3,19.2,20.0,2021-05-24,1,71,36.22932330827068
0.0,0.0,0.0,0.0,3,18.3,26.3,2021-05-25,1,67,34.625
0.0,0.0,0.0,0.0,3,17.4,31.6,2021-05-26,4,67,34.517361111111114
0.2,0.2,0.0,2.0,51,17.9,27.2,2021-05-27,4,71,34.329861111111114
0.3,0.3,0.0,1.0,51,18.1,17.1,2021-05-28,1,71,35.73867595818815
3.6,3.6,0.0,15.0,53,17.6,11.1,2021-05-29,1,20,8.600694444444445
0.5,0.5,0.0,3.0,51,19.3,21.7,2021-05-30,1,6,2.461805555555556
0.8,0.8,0.0,7.0,51,18.0,17.5,2021-05-31,1,71,34.41935483870968
16.0,16.0,0.0,18.0,63,15.7,28.9,2021-06-01,2,62,35.40766550522648
7.6,7.6,0.0,13.0,61,14.1,17.8,2021-06-02,2,60,30.428
0.7,0.7,0.0,3.0,51,15.8,19.9,2021-06-03,4,67,33.05555555555556
0.3,0.3,0.0,3.0,51,17.1,11.6,2021-06-04,1,69,33.410788381742734
0.4,0.4,0.0,4.0,51,17.4,8.8,2021-06-05,1,74,36.35684647302905
0.0,0.0,0.0,0.0,1,18.1,13.2,2021-06-06,1,45,3.4568965517241375
0.0,0.0,0.0,0.0,3,20.1,14.5,2021-06-07,1,62,32.57085020242915
0.0,0.0,0.0,0.0,3,20.1,15.7,2021-06-08,2,67,32.888888888888886
0.0,0.0,0.0,0.0,2,20.1,18.0,2021-06-09,2,62,32.90322580645161
0.0,0.0,0.0,0.0,3,20.8,20.4,2021-06-10,1,65,35.318897637795274
0.1,0.1,0.0,1.0,51,21.6,20.5,2021-06-11,2,65,34.98876404494382
0.0,0.0,0.0,0.0,3,21.6,18.4,2021-06-12,1,76,37.545454545454554
3.4,3.4,0.0,5.0,55,20.8,15.7,2021-06-13,1,15,3.8819444444444446
4.5,4.5,0.0,16.0,61,17.6,22.3,2021-06-14,1,63,36.75708502024292
6.8,6.8,0.0,17.0,61,16.5,13.2,2021-06-15,4,65,43.178899082568805
13.6,13.6,0.0,15.0,61,17.8,22.4,2021-06-16,2,63,36.43205574912892
2.2,2.2,0.0,13.0,51,19.0,14.0,2021-06-17,1,60,31.628472222222225
7.4,7.4,0.0,10.0,63,19.7,17.8,2021-06-18,1,78,36.354166666666664
30.0,30.0,0.0,15.0,65,19.8,24.8,2021-06-19,1,74,39.29963898916968
1.0,1.0,0.0,6.0,51,20.1,17.1,2021-06-20,1,17,2.6341463414634143
0.2,0.2,0.0,2.0,51,20.6,17.9,2021-06-21,1,62,31.659722222222225
0.0,0.0,0.0,0.0,3,21.4,12.4,2021-06-22,1,71,32.982394366197184
1.0,1.0,0.0,5.0,53,22.8,11.0,2021-06-23,1,67,32.85069444444444
0.1,0.1,0.0,1.0,51,22.7,10.9,2021-06-24,1,63,32.40559440559441
0.0,0.0,0.0,0.0,3,24.2,13.7,2021-06-25,1,63,32.77430555555556
0.0,0.0,0.0,0.0,3,24.8,11.2,2021-06-26,1,67,33.88850174216028
0.6,0.6,0.0,2.0,53,24.5,17.1,2021-06-27,1,15,3.774305555555556
0.0,0.0,0.0,0.0,3,24.6,21.9,2021-06-28,1,63,33.15625
0.0,0.0,0.0,0.0,2,24.7,20.6,2021-06-29,1,65,33.50826446280992
0.0,0.0,0.0,0.0,0,25.1,18.7,2021-06-30,4,67,35.40209790209791
0.0,0.0,0.0,0.0,3,26.1,13.2,2021-07-01,1,69,36.53819444444445
0.0,0.0,0.0,0.0,2,24.8,27.7,2021-07-02,1,65,35.411149825783966
14.2,14.2,0.0,15.0,63,22.7,21.1,2021-07-03,1,60,31.64210526315789
8.8,8.8,0.0,14.0,63,21.7,10.6,2021-07-04,1,44,20.290780141843967
0.2,0.2,0.0,1.0,51,23.6,16.3,2021-07-05,1,63,31.588850174216027
39.3,39.3,0.0,18.0,63,21.5,27.6,2021-07-06,1,69,37.305263157894736
6.0,6.0,0.0,20.0,61,23.1,20.5,2021-07-07,1,63,30.08421052631579
2.8,2.8,0.0,15.0,53,23.0,24.1,2021-07-08,1,67,33.04577464788733
0.9,0.9,0.0,5.0,53,23.8,26.3,2021-07-09,1,67,33.05263157894737
0.0,0.0,0.0,0.0,0,23.7,25.6,2021-07-10,1,56,30.90592334494773
0.0,0.0,0.0,0.0,2,24.4,22.3,2021-07-11,1,36,19.550877192982455
0.0,0.0,0.0,0.0,2,24.4,20.0,2021-07-12,1,62,29.494773519163765
0.0,0.0,0.0,0.0,0,24.9,21.9,2021-07-13,1,62,31.14236111111111
0.0,0.0,0.0,0.0,3,24.8,22.4,2021-07-14,2,65,34.50347222222222
0.0,0.0,0.0,0.0,2,25.6,24.5,2021-07-15,1,35,20.433098591549292
0.0,0.0,0.0,0.0,1,25.5,25.3,2021-07-16,2,47,25.027777777777775
0.0,0.0,0.0,0.0,3,26.5,18.3,2021-07-17,4,35,20.968531468531467
0.0,0.0,0.0,0.0,0,26.8,27.3,2021-07-18,1,22,7.996197718631177
0.1,0.1,0.0,1.0,51,26.4,14.1,2021-07-19,1,62,8.552419354838708
0.2,0.2,0.0,2.0,51,26.8,19.2,2021-07-20,1,31,10.490421455938696
0.7,0.7,0.0,3.0,51,25.7,20.5,2021-07-21,1,67,13.82889733840304
0.3,0.3,0.0,2.0,51,23.5,27.7,2021-07-22,1,27,12.434027777777777
0.2,0.2,0.0,2.0,51,23.5,25.2,2021-07-23,1,26,11.440972222222221
0.2,0.2,0.0,2.0,51,23.1,28.1,2021-07-24,1,26,11.746527777777777
0.0,0.0,0.0,0.0,3,24.1,26.2,2021-07-25,1,20,9.425087108013935
0.0,0.0,0.0,0.0,1,24.6,23.7,2021-07-26,1,53,21.317073170731707
0.0,0.0,0.0,0.0,0,24.8,23.3,2021-07-27,2,60,31.712962962962965
0.0,0.0,0.0,0.0,0,26.3,24.5,2021-07-28,1,62,27.940972222222225
0.0,0.0,0.0,0.0,0,26.6,23.3,2021-07-29,1,63,29.355400696864113
0.0,0.0,0.0,0.0,0,27.2,18.7,2021-07-30,1,65,30.649305555555557
0.0,0.0,0.0,0.0,1,28.2,20.5,2021-07-31,2,51,26.918439716312054
0.0,0.0,0.0,0.0,0,27.3,19.6,2021-08-01,1,36,18.29268292682927
0.0,0.0,0.0,0.0,0,28.0,11.3,2021-08-02,1,65,31.652777777777775
0.0,0.0,0.0,0.0,0,28.1,25.6,2021-08-03,1,69,32.27777777777778
0.0,0.0,0.0,0.0,3,27.6,21.9,2021-08-04,2,69,32.71875
0.0,0.0,0.0,0.0,0,28.6,18.6,2021-08-05,2,65,32.829861111111114
0.0,0.0,0.0,0.0,3,29.0,28.1,2021-08-06,2,69,33.12543554006969
7.8,7.8,0.0,12.0,63,24.1,31.4,2021-08-07,2,53,27.77700348432056
0.0,0.0,0.0,0.0,2,24.5,22.9,2021-08-08,1,38,20.342519685039367
0.0,0.0,0.0,0.0,0,23.7,16.2,2021-08-09,1,63,30.690391459074732
0.0,0.0,0.0,0.0,1,24.6,14.2,2021-08-10,1,63,31.47810218978102
2.3,2.3,0.0,4.0,55,25.2,17.9,2021-08-11,2,65,31.107142857142858
0.0,0.0,0.0,0.0,1,25.3,26.3,2021-08-12,1,67,31.87410071942446
0.5,0.5,0.0,2.0,51,24.6,26.4,2021-08-13,1,67,32.52536231884058
0.0,0.0,0.0,0.0,3,24.2,26.5,2021-08-14,1,51,28.49128919860627
0.0,0.0,0.0,0.0,2,23.7,24.2,2021-08-15,1,40,17.3584229390681
0.0,0.0,0.0,0.0,1,23.6,23.0,2021-08-16,1,62,29.65156794425087
0.0,0.0,0.0,0.0,0,24.8,23.2,2021-08-17,1,65,30.993006993006997
0.0,0.0,0.0,0.0,3,25.2,23.7,2021-08-18,2,67,31.335664335664333
1.0,1.0,0.0,6.0,51,23.7,28.0,2021-08-19,1,69,32.933797909407666
0.0,0.0,0.0,0.0,1,23.1,23.4,2021-08-20,1,67,32.263888888888886
0.0,0.0,0.0,0.0,3,22.9,27.3,2021-08-21,1,51,27.473684210526315
0.0,0.0,0.0,0.0,2,24.2,28.4,2021-08-22,1,40,19.23636363636364
0.0,0.0,0.0,0.0,1,24.6,29.5,2021-08-23,1,62,28.67361111111111
0.0,0.0,0.0,0.0,2,24.6,27.7,2021-08-24,2,65,31.072916666666664
0.0,0.0,0.0,0.0,3,24.9,21.6,2021-08-25,1,67,31.35763888888889
0.0,0.0,0.0,0.0,3,24.7,11.7,2021-08-26,1,69,32.392361111111114
0.0,0.0,0.0,0.0,1,26.9,14.3,2021-08-27,1,65,32.760416666666664
0.0,0.0,0.0,0.0,2,26.4,26.9,2021-08-28,2,53,30.646616541353385
0.0,0.0,0.0,0.0,1,25.9,17.0,2021-08-29,1,38,20.29616724738676
0.6,0.6,0.0,5.0,51,24.2,23.9,2021-08-30,1,42,22.371527777777775
0.0,0.0,0.0,0.0,1,24.6,22.4,2021-08-31,1,65,32.65972222222222
0.0,0.0,0.0,0.0,1,24.1,22.6,2021-09-01,1,69,33.61458333333333
1.0,1.0,0.0,4.0,53,22.1,19.6,2021-09-02,2,72,40.27346938775511
0.2,0.2,0.0,1.0,51,20.6,25.7,2021-09-03,2,74,37.9581881533101
0.0,0.0,0.0,0.0,3,20.2,22.6,2021-09-04,1,60,31.180555555555557
0.0,0.0,0.0,0.0,3,21.7,30.2,2021-09-05,1,45,22.243055555555557
1.0,1.0,0.0,8.0,51,21.4,39.2,2021-09-06,1,65,32.89547038327526
0.0,0.0,0.0,0.0,1,21.1,38.8,2021-09-07,2,69,34.22299651567944
0.0,0.0,0.0,0.0,3,21.2,35.6,2021-09-08,2,69,35.393728222996515
0.0,0.0,0.0,0.0,3,21.7,29.4,2021-09-09,1,71,35.23344947735192
8.8,8.8,0.0,12.0,61,19.4,18.8,2021-09-10,4,65,36.2
0.4,0.4,0.0,4.0,51,19.8,9.6,2021-09-11,1,62,32.69534050179212
0.0,0.0,0.0,0.0,3,19.1,19.8,2021-09-12,1,49,24.107142857142858
0.0,0.0,0.0,0.0,3,20.3,22.8,2021-09-13,1,65,29.96309963099631
0.0,0.0,0.0,0.0,3,20.9,23.1,2021-09-14,1,65,33.54260089686098
0.2,0.2,0.0,1.0,51,21.3,18.2,2021-09-15,1,71,33.6219512195122
0.3,0.3,0.0,2.0,51,21.6,17.9,2021-09-16,1,72,35.4875
0.0,0.0,0.0,0.0,3,21.1,13.0,2021-09-17,1,72,36.613545816733065
1.2,1.2,0.0,2.0,55,23.4,16.6,2021-09-18,1,63,32.13076923076923
4.7,4.7,0.0,1.0,63,22.0,11.7,2021-09-19,1,49,24.576
0.0,0.0,0.0,0.0,2,23.6,13.5,2021-09-20,1,65,32.12749003984064
0.1,0.1,0.0,1.0,51,19.8,25.9,2021-09-21,1,72,35.15648854961832
0.7,0.7,0.0,3.0,51,17.4,16.1,2021-09-22,2,72,36.214814814814815
10.4,10.4,0.0,19.0,61,14.0,26.2,2021-09-23,8,74,38.822916666666664
0.0,0.0,0.0,0.0,3,15.6,15.1,2021-09-24,1,72,41.58222222222222
0.5,0.5,0.0,2.0,51,19.1,16.9,2021-09-25,1,65,33.793594306049826
0.0,0.0,0.0,0.0,0,18.5,19.1,2021-09-26,1,56,26.506944444444443
0.0,0.0,0.0,0.0,0,18.6,21.9,2021-09-27,1,65,30.438596491228072
0.0,0.0,0.0,0.0,2,18.3,24.0,2021-09-28,1,74,34.44055944055944
0.4,0.4,0.0,2.0,51,17.5,27.6,2021-09-29,2,76,36.792114695340494
0.0,0.0,0.0,0.0,2,16.8,28.8,2021-09-30,8,72,46.29824561403509
1.3,1.3,0.0,12.0,51,15.8,28.2,2021-10-01,1,80,40.4822695035461
1.4,1.4,0.0,9.0,51,15.4,26.3,2021-10-02,6,69,44.73267326732673
0.1,0.1,0.0,1.0,51,15.8,20.8,2021-10-03,1,49,22.891608391608393
0.0,0.0,0.0,0.0,3,16.1,21.4,2021-10-04,1,69,32.21602787456445
0.0,0.0,0.0,0.0,3,15.7,23.0,2021-10-05,1,76,35.298611111111114
0.4,0.4,0.0,2.0,51,15.4,18.2,2021-10-06,2,72,34.888888888888886
0.0,0.0,0.0,0.0,3,15.9,27.6,2021-10-07,4,71,36.15140845070423
0.2,0.2,0.0,2.0,51,16.6,32.3,2021-10-08,2,74,35.18881118881119
5.4,5.4,0.0,16.0,53,16.8,21.4,2021-10-09,2,63,36.79094076655052
0.2,0.2,0.0,2.0,51,16.6,27.5,2021-10-10,4,47,24.01060070671378
0.0,0.0,0.0,0.0,3,18.2,19.7,2021-10-11,1,67,30.225806451612904
2.1,2.1,0.0,4.0,55,17.8,20.6,2021-10-12,1,71,36.982142857142854
8.8,8.8,0.0,9.0,61,14.2,22.2,2021-10-13,6,69,33.768953068592054
0.0,0.0,0.0,0.0,3,15.8,23.0,2021-10-14,1,72,34.168458781362006
0.0,0.0,0.0,0.0,3,17.8,19.5,2021-10-15,2,67,34.29824561403509
5.2,5.2,0.0,6.0,61,17.8,22.2,2021-10-16,6,58,34.08450704225352
6.6,6.6,0.0,14.0,61,15.0,23.4,2021-10-17,2,49,23.904929577464788
0.6,0.6,0.0,3.0,51,14.3,20.0,2021-10-18,1,65,30.56382978723404
0.0,0.0,0.0,0.0,3,14.1,19.8,2021-10-19,2,69,33.238434163701065
0.0,0.0,0.0,0.0,3,13.8,19.6,2021-10-20,2,76,35.0
0.0,0.0,0.0,0.0,0,13.0,11.0,2021-10-21,4,76,36.50347222222222
0.0,0.0,0.0,0.0,0,15.2,17.1,2021-10-22,1,74,34.96153846153846
0.0,0.0,0.0,0.0,3,15.5,18.1,2021-10-23,1,63,36.467213114754095
5.6,5.6,0.0,11.0,55,13.6,27.6,2021-10-24,1,54,26.6260162601626
0.0,0.0,0.0,0.0,3,12.3,26.7,2021-10-25,1,69,32.81923076923077
0.0,0.0,0.0,0.0,0,12.4,23.2,2021-10-26,1,71,35.46666666666666
0.1,0.1,0.0,1.0,51,13.1,27.4,2021-10-27,1,76,38.577075098814234
0.0,0.0,0.0,0.0,3,13.6,22.7,2021-10-28,1,76,35.080139372822295
0.0,0.0,0.0,0.0,3,13.5,27.2,2021-10-29,1,45,22.04861111111111
0.0,0.0,0.0,0.0,1,14.2,27.3,2021-10-30,1,53,23.399305555555557
0.9,0.9,0.0,2.0,53,14.1,20.8,2021-10-31,1,49,20.489510489510486
7.0,7.0,0.0,15.0,61,13.9,12.5,2021-11-01,1,72,35.00347222222222
7.1,7.1,0.0,6.0,63,14.1,9.9,2021-11-02,1,87,37.05902777777778
1.5,1.5,0.0,6.0,51,16.3,17.9,2021-11-03,2,71,33.375
0.0,0.0,0.0,0.0,0,17.0,10.1,2021-11-04,1,76,35.61538461538461
0.0,0.0,0.0,0.0,3,15.1,12.5,2021-11-05,1,80,37.670138888888886
0.0,0.0,0.0,0.0,3,15.1,24.4,2021-11-06,4,72,35.135416666666664
0.0,0.0,0.0,0.0,3,15.4,19.9,2021-11-07,8,60,28.40625
0.0,0.0,0.0,0.0,3,14.3,12.5,2021-11-08,1,72,31.25
4.5,4.5,0.0,3.0,61,14.6,34.5,2021-11-09,2,74,37.17132867132867
2.7,2.7,0.0,8.0,53,10.8,29.4,2021-11-10,8,78,38.03496503496504
0.0,0.0,0.0,0.0,3,10.5,26.4,2021-11-11,2,80,36.25347222222222
0.0,0.0,0.0,0.0,0,10.4,18.2,2021-11-12,1,76,36.31597222222222
0.0,0.0,0.0,0.0,3,9.6,12.5,2021-11-13,1,69,33.84027777777778
0.0,0.0,0.0,0.0,3,10.1,14.8,2021-11-14,1,56,23.489583333333332
0.0,0.0,0.0,0.0,3,12.1,20.3,2021-11-15,1,74,32.06944444444444
0.0,0.0,0.0,0.0,3,12.0,32.0,2021-11-16,2,78,36.44444444444445
0.0,0.0,0.0,0.0,3,10.9,20.6,2021-11-17,1,80,36.21527777777778
0.0,0.0,0.0,0.0,3,10.7,10.2,2021-11-18,1,78,36.153310104529616
0.6,0.6,0.0,3.0,51,9.9,18.7,2021-11-19,2,78,38.17708333333333
0.0,0.0,0.0,0.0,3,8.5,10.1,2021-11-20,1,67,33.50694444444444
0.0,0.0,0.0,0.0,3,9.4,10.4,2021-11-21,1,58,25.506944444444443
0.0,0.0,0.0,0.0,3,11.9,21.0,2021-11-22,1,71,31.51736111111111
16.1,16.1,0.0,14.0,63,13.1,25.3,2021-11-23,2,87,42.107638888888886
0.6,0.6,0.0,5.0,51,10.7,27.5,2021-11-24,9,71,37.04838709677419
0.0,0.0,0.0,0.0,3,9.9,19.8,2021-11-25,1,76,33.79790940766551
1.4,1.4,0.0,2.0,61,10.4,16.1,2021-11-26,2,74,38.37007874015748
9.4,9.4,0.0,4.0,63,15.6,36.7,2021-11-27,4,56,29.038194444444443
5.3,5.3,0.0,6.0,63,14.9,39.0,2021-11-28,4,44,20.82638888888889
11.9,11.9,0.0,8.0,63,16.7,55.7,2021-11-29,1,83,37.68402777777778
10.7,10.7,0.0,8.0,63,11.6,42.5,2021-11-30,6,63,28.501742160278745
0.0,0.0,0.0,0.0,3,8.0,27.9,2021-12-01,1,76,33.75874125874125
0.0,0.0,0.0,0.0,3,11.2,32.5,2021-12-02,1,80,35.27598566308244
0.0,0.0,0.0,0.0,3,14.4,35.8,2021-12-03,1,81,36.666666666666664
6.4,6.4,0.0,13.0,61,12.4,28.5,2021-12-04,1,69,33.17708333333333
0.2,0.2,0.0,2.0,51,11.5,12.0,2021-12-05,1,51,19.430555555555557
0.0,0.0,0.0,0.0,3,13.6,15.0,2021-12-06,1,74,30.18345323741007
4.1,4.1,0.0,5.0,61,12.7,21.1,2021-12-07,1,87,36.20774647887324
2.0,2.0,0.0,6.0,55,9.6,18.4,2021-12-08,1,74,35.58536585365854
0.2,0.2,0.0,2.0,51,10.4,25.1,2021-12-09,1,78,36.045454545454554
6.5,6.5,0.0,4.0,63,12.6,34.6,2021-12-10,1,80,37.94755244755245
0.1,0.1,0.0,1.0,51,13.7,35.4,2021-12-11,1,63,30.85763888888889
12.7,12.7,0.0,10.0,61,13.6,23.3,2021-12-12,1,62,24.153310104529616
13.9,13.9,0.0,15.0,61,11.1,20.6,2021-12-13,6,76,36.90243902439024
10.2,10.2,0.0,10.0,61,10.2,33.7,2021-12-14,1,89,39.40350877192982
9.3,9.3,0.0,24.0,53,6.4,33.0,2021-12-15,9,83,44.5625
6.3,6.3,0.0,19.0,53,5.1,20.0,2021-12-16,4,78,42.189964157706086
7.1,7.1,0.0,22.0,53,5.1,17.9,2021-12-17,1,80,41.1219512195122
3.2,3.2,0.0,17.0,51,5.0,26.4,2021-12-18,2,67,34.59027777777778
2.2,2.2,0.0,9.0,53,4.6,30.1,2021-12-19,4,44,19.54861111111111
1.2,1.2,0.0,6.0,51,4.3,24.5,2021-12-20,1,63,27.66083916083916
0.1,0.1,0.0,1.0,51,2.5,18.8,2021-12-21,1,80,33.46180555555556
0.0,0.0,0.0,0.0,3,1.0,9.7,2021-12-22,1,69,32.420138888888886
0.8,0.3,0.35,5.0,71,1.2,11.0,2021-12-23,4,72,34.545138888888886
0.0,0.0,0.0,0.0,3,4.5,33.2,2021-12-24,2,71,32.07368421052632
0.0,0.0,0.0,0.0,3,9.4,35.2,2021-12-25,1,62,32.73790322580645
0.0,0.0,0.0,0.0,3,12.0,31.6,2021-12-26,1,44,22.701570680628272
0.0,0.0,0.0,0.0,3,13.3,27.5,2021-12-27,1,69,28.936619718309856
0.0,0.0,0.0,0.0,3,13.1,28.0,2021-12-28,1,74,31.52112676056338
4.5,4.5,0.0,8.0,53,11.3,18.1,2021-12-29,1,85,36.416666666666664
2.2,2.2,0.0,7.0,53,11.2,30.1,2021-12-30,6,69,33.86458333333333
0.0,0.0,0.0,0.0,3,8.5,29.8,2021-12-31,2,65,28.791666666666664
1.8,1.8,0.0,7.0,53,7.7,16.6,2022-01-01,1,40,14.174216027874564
0.9,0.9,0.0,4.0,51,8.8,21.0,2022-01-02,1,31,14.368055555555555
0.0,0.0,0.0,0.0,3,8.6,22.9,2022-01-03,1,58,22.854166666666664
0.0,0.0,0.0,0.0,3,10.1,15.7,2022-01-04,2,58,24.715277777777775
0.0,0.0,0.0,0.0,2,12.8,33.3,2022-01-05,2,60,26.36111111111111
0.0,0.0,0.0,0.0,3,14.0,33.9,2022-01-06,4,56,26.625
0.7,0.7,0.0,5.0,51,10.5,23.2,2022-01-07,2,60,26.15625
0.7,0.7,0.0,2.0,53,9.9,21.3,2022-01-08,2,47,22.895833333333332
0.1,0.1,0.0,1.0,51,10.0,12.6,2022-01-09,2,29,13.350694444444445
0.2,0.2,0.0,1.0,51,9.7,16.5,2022-01-10,1,62,27.098245614035086
2.3,2.3,0.0,14.0,51,8.7,39.3,2022-01-11,2,71,35.15972222222222
18.4,16.5,1.33,21.0,73,3.3,43.4,2022-01-12,13,65,36.73958333333333
0.2,0.0,0.14,2.0,71,1.2,29.8,2022-01-13,6,56,26.92361111111111
0.0,0.0,0.0,0.0,3,2.1,17.2,2022-01-14,4,63,27.190972222222225
0.1,0.1,0.0,1.0,51,4.4,25.6,2022-01-15,4,45,23.163194444444443
0.3,0.2,0.07,1.0,71,2.8,18.5,2022-01-16,6,29,15.3125
0.5,0.5,0.0,1.0,53,4.6,29.6,2022-01-17,4,58,26.958333333333332
6.7,5.6,0.77,9.0,73,4.6,29.8,2022-01-18,6,62,30.621527777777775
1.3,0.0,0.91,5.0,73,1.6,28.0,2022-01-19,6,60,31.246527777777775
0.0,0.0,0.0,0.0,3,4.5,32.7,2022-01-20,4,65,30.600694444444443
30.5,24.3,4.34,16.0,75,5.9,29.5,2022-01-21,4,90,39.517361111111114
3.8,0.9,2.03,12.0,73,0.8,15.1,2022-01-22,11,29,20.131944444444443
3.0,0.0,2.1,17.0,73,-0.3,30.7,2022-01-23,13,60,24.710280373831772
4.6,0.1,3.15,7.0,75,0.1,33.4,2022-01-24,24,90,44.91111111111111
3.7,0.0,2.59,4.0,75,-0.2,31.2,2022-01-25,20,90,40.0177304964539
0.2,0.0,0.14,2.0,71,0.1,18.1,2022-01-26,1,36,23.792156862745095
0.7,0.3,0.28,2.0,73,1.6,11.1,2022-01-27,1,60,27.0
0.1,0.1,0.0,1.0,51,4.0,25.9,2022-01-28,6,69,32.79094076655052
0.2,0.2,0.0,2.0,51,5.0,17.7,2022-01-29,2,58,26.694444444444443
0.0,0.0,0.0,0.0,3,2.9,17.5,2022-01-30,2,45,20.372822299651567
0.2,0.2,0.0,1.0,51,4.0,17.6,2022-01-31,4,72,31.6875
2.0,2.0,0.0,4.0,61,6.2,20.9,2022-02-01,4,80,36.673611111111114
16.4,16.4,0.0,16.0,63,7.0,22.0,2022-02-02,4,78,40.08333333333333
19.3,18.9,0.28,23.0,73,4.0,28.6,2022-02-03,9,83,41.68402777777778
0.0,0.0,0.0,0.0,3,3.5,20.4,2022-02-04,2,69,31.59375
0.0,0.0,0.0,0.0,2,3.8,20.2,2022-02-05,1,65,29.899305555555557
0.0,0.0,0.0,0.0,3,6.0,12.7,2022-02-06,1,47,19.631944444444443
7.2,7.2,0.0,5.0,61,8.6,34.3,2022-02-07,2,62,28.458333333333332
54.9,54.9,0.0,24.0,63,6.3,40.5,2022-02-08,1,76,42.75261324041812
4.6,4.6,0.0,7.0,55,4.7,34.5,2022-02-09,1,63,30.20486111111111
0.0,0.0,0.0,0.0,2,4.6,18.2,2022-02-10,1,63,30.67361111111111
0.0,0.0,0.0,0.0,0,4.5,12.2,2022-02-11,1,63,30.465277777777775
0.0,0.0,0.0,0.0,3,6.8,24.6,2022-02-12,1,58,28.62369337979094
0.0,0.0,0.0,0.0,3,6.6,29.6,2022-02-13,1,38,17.225694444444443
0.0,0.0,0.0,0.0,3,5.6,17.1,2022-02-14,1,72,30.53125
0.0,0.0,0.0,0.0,1,4.3,11.2,2022-02-15,1,65,29.70486111111111
0.0,0.0,0.0,0.0,3,6.5,11.0,2022-02-16,1,63,29.88888888888889
0.0,0.0,0.0,0.0,3,8.4,16.5,2022-02-17,1,67,30.447916666666664
4.9,4.9,0.0,7.0,63,8.3,24.0,2022-02-18,2,63,32.39930555555556
0.0,0.0,0.0,0.0,3,5.7,10.9,2022-02-19,1,62,30.363309352517984
0.0,0.0,0.0,0.0,3,8.2,10.8,2022-02-20,1,42,17.716783216783217
0.0,0.0,0.0,0.0,3,10.3,11.2,2022-02-21,1,62,26.61888111888112
0.7,0.7,0.0,3.0,51,11.9,16.2,2022-02-22,1,62,33.389240506329116
13.2,13.2,0.0,17.0,63,9.0,24.3,2022-02-23,1,71,37.72222222222222
14.6,14.6,0.0,22.0,61,6.1,32.6,2022-02-24,6,80,41.951388888888886
5.8,5.8,0.0,15.0,53,6.5,35.5,2022-02-25,8,63,34.00694444444444
0.0,0.0,0.0,0.0,3,7.2,18.8,2022-02-26,1,56,25.67361111111111
2.4,2.4,0.0,2.0,61,7.3,28.6,2022-02-27,1,40,15.730496453900708
2.4,2.4,0.0,9.0,53,5.7,26.6,2022-02-28,1,63,30.56445993031359
0.9,0.9,0.0,7.0,51,3.2,20.9,2022-03-01,1,62,30.82638888888889
0.2,0.2,0.0,2.0,51,3.1,20.5,2022-03-02,1,63,29.258741258741257
1.4,1.4,0.0,10.0,51,3.8,22.5,2022-03-03,4,69,34.486111111111114
0.8,0.8,0.0,6.0,51,5.8,15.5,2022-03-04,1,63,30.243055555555557
0.3,0.3,0.0,3.0,51,5.8,22.1,2022-03-05,1,58,25.34375
1.0,1.0,0.0,4.0,53,6.6,33.0,2022-03-06,1,40,18.171929824561403
3.5,3.5,0.0,10.0,55,5.8,19.8,2022-03-07,8,67,31.10763888888889
3.6,3.6,0.0,14.0,53,4.4,24.8,2022-03-08,4,71,37.791666666666664
0.8,0.7,0.07,6.0,71,3.3,26.3,2022-03-09,1,72,34.375
1.7,0.3,0.98,9.0,73,1.5,35.1,2022-03-10,2,33,19.600694444444443
3.2,0.1,2.17,17.0,73,-0.3,35.4,2022-03-11,9,58,23.135416666666664
5.5,0.0,3.92,13.0,75,-1.5,26.1,2022-03-12,1,80,21.604166666666664
1.3,0.0,0.91,5.0,73,0.5,18.7,2022-03-13,6,35,15.65625
0.2,0.2,0.0,2.0,51,-0.9,15.8,2022-03-14,9,67,32.05208333333333
0.0,0.0,0.0,0.0,3,3.4,15.0,2022-03-15,1,67,33.35069444444444
0.0,0.0,0.0,0.0,3,4.8,13.1,2022-03-16,2,71,34.21875
2.9,2.9,0.0,13.0,53,5.0,33.7,2022-03-17,1,85,40.36458333333333
2.2,0.0,1.54,14.0,73,1.5,35.4,2022-03-18,8,63,34.88194444444444
3.6,0.1,2.45,17.0,73,1.3,28.2,2022-03-19,11,35,23.815972222222225
0.3,0.1,0.14,3.0,71,3.4,31.9,2022-03-20,6,31,18.277777777777775
0.1,0.1,0.0,1.0,51,4.2,30.3,2022-03-21,1,63,29.229166666666664
0.4,0.4,0.0,2.0,51,4.4,20.2,2022-03-22,2,67,34.388888888888886
0.9,0.9,0.0,6.0,51,5.3,29.0,2022-03-23,4,69,35.18402777777778
0.0,0.0,0.0,0.0,3,5.9,16.4,2022-03-24,2,74,34.9375
0.1,0.1,0.0,1.0,51,7.5,17.0,2022-03-25,2,72,35.38327526132404
3.2,2.8,0.28,5.0,73,6.1,15.8,2022-03-26,4,65,34.94773519163763
0.0,0.0,0.0,0.0,0,8.0,21.7,2022-03-27,2,58,28.652777777777775
0.0,0.0,0.0,0.0,3,10.8,10.4,2022-03-28,1,60,30.444444444444443
0.0,0.0,0.0,0.0,3,11.5,18.8,2022-03-29,1,69,32.61458333333333
0.0,0.0,0.0,0.0,3,11.6,20.1,2022-03-30,2,69,33.70629370629371
0.0,0.0,0.0,0.0,3,13.5,25.4,2022-03-31,2,69,33.98257839721254
0.4,0.4,0.0,1.0,51,16.4,28.4,2022-04-01,2,71,34.20979020979021
0.0,0.0,0.0,0.0,3,16.4,36.0,2022-04-02,2,44,18.87226277372263
8.1,8.1,0.0,9.0,63,13.0,38.1,2022-04-03,1,20,9.304964539007091
2.1,2.1,0.0,5.0,53,9.3,21.3,2022-04-04,1,65,25.481884057971012
12.8,12.8,0.0,16.0,61,9.3,13.1,2022-04-05,4,63,30.154121863799283
0.0,0.0,0.0,0.0,3,10.6,17.8,2022-04-06,2,74,29.478260869565215
4.8,4.8,0.0,5.0,61,12.0,24.3,2022-04-07,1,80,29.809859154929576
0.2,0.2,0.0,2.0,51,12.7,23.3,2022-04-08,2,71,28.54255319148936
0.0,0.0,0.0,0.0,2,14.8,13.9,2022-04-09,2,60,28.509652509652508
0.0,0.0,0.0,0.0,3,16.0,19.6,2022-04-10,1,44,17.666666666666664
12.5,12.5,0.0,15.0,61,8.3,30.8,2022-04-11,1,71,33.32517482517483
2.1,2.1,0.0,4.0,61,8.2,12.0,2022-04-12,1,72,29.950877192982457
0.1,0.1,0.0,1.0,51,9.2,14.1,2022-04-13,1,72,29.552083333333332
0.0,0.0,0.0,0.0,0,10.6,12.2,2022-04-14,1,76,30.017421602787454
0.0,0.0,0.0,0.0,0,12.6,16.3,2022-04-15,1,76,30.503472222222225
0.0,0.0,0.0,0.0,3,13.9,12.0,2022-04-16,1,60,24.881944444444443
7.9,7.9,0.0,13.0,61,11.1,33.5,2022-04-17,1,49,20.024305555555557
7.9,7.9,0.0,19.0,55,8.0,32.4,2022-04-18,4,72,34.454861111111114
3.7,3.7,0.0,11.0,53,7.3,21.6,2022-04-19,4,71,32.63194444444444
0.0,0.0,0.0,0.0,1,9.4,12.6,2022-04-20,1,74,28.915789473684207
1.0,1.0,0.0,3.0,53,10.6,19.5,2022-04-21,1,74,31.087412587412587
0.0,0.0,0.0,0.0,3,14.6,13.0,2022-04-22,1,69,28.37979094076655
0.2,0.2,0.0,1.0,51,16.0,12.4,2022-04-23,1,58,23.059027777777775
0.0,0.0,0.0,0.0,1,16.3,21.2,2022-04-24,1,47,16.11149825783972
0.0,0.0,0.0,0.0,3,14.7,17.2,2022-04-25,1,74,30.666666666666664
0.0,0.0,0.0,0.0,3,16.7,19.0,2022-04-26,1,69,31.171929824561403
0.0,0.0,0.0,0.0,0,14.5,23.2,2022-04-27,1,72,31.675958188153313
0.0,0.0,0.0,0.0,0,14.1,29.6,2022-04-28,1,74,33.49650349650349
0.0,0.0,0.0,0.0,3,13.8,26.9,2022-04-29,1,67,33.47735191637631
0.5,0.5,0.0,2.0,51,13.0,27.9,2022-04-30,1,51,22.45138888888889
0.0,0.0,0.0,0.0,3,13.7,26.0,2022-05-01,1,26,9.01388888888889
0.2,0.2,0.0,1.0,51,13.7,35.1,2022-05-02,1,67,30.659722222222225
4.4,4.4,0.0,13.0,61,12.3,23.2,2022-05-03,2,65,31.1875
0.6,0.6,0.0,5.0,51,11.4,21.7,2022-05-04,1,47,21.83916083916084
0.0,0.0,0.0,0.0,3,12.0,16.7,2022-05-05,1,40,16.403508771929825
0.0,0.0,0.0,0.0,1,12.9,24.4,2022-05-06,1,47,19.25087108013937
0.0,0.0,0.0,0.0,3,12.9,23.2,2022-05-07,1,51,23.251748251748246
0.0,0.0,0.0,0.0,3,12.9,27.9,2022-05-08,1,53,21.48031496062992
0.0,0.0,0.0,0.0,3,12.8,27.6,2022-05-09,8,63,40.60732984293194
0.0,0.0,0.0,0.0,0,13.3,27.6,2022-05-10,1,72,33.68055555555556
0.0,0.0,0.0,0.0,3,14.7,19.6,2022-05-11,1,69,34.885416666666664
0.0,0.0,0.0,0.0,0,17.2,13.2,2022-05-12,1,69,35.33451957295374
0.0,0.0,0.0,0.0,3,19.2,16.1,2022-05-13,1,69,34.8280701754386
0.0,0.0,0.0,0.0,3,18.7,15.2,2022-05-14,1,67,33.75874125874125
0.0,0.0,0.0,0.0,3,18.5,18.0,2022-05-15,1,63,26.253472222222225
0.0,0.0,0.0,0.0,3,19.0,15.3,2022-05-16,1,67,32.25
0.0,0.0,0.0,0.0,3,20.1,11.8,2022-05-17,1,69,35.00347222222222
8.3,8.3,0.0,6.0,63,17.2,37.9,2022-05-18,1,90,42.60553633217993
0.5,0.5,0.0,4.0,51,13.5,27.6,2022-05-19,1,44,19.621052631578948
0.0,0.0,0.0,0.0,0,14.8,22.9,2022-05-20,1,62,31.149305555555557
0.0,0.0,0.0,0.0,0,17.6,10.9,2022-05-21,1,60,30.421602787456447
0.1,0.1,0.0,1.0,51,17.8,16.5,2022-05-22,1,45,22.34375
1.9,1.9,0.0,4.0,53,17.9,17.4,2022-05-23,1,63,30.993055555555557
0.0,0.0,0.0,0.0,3,19.2,17.6,2022-05-24,1,65,38.374015748031496
5.3,5.3,0.0,4.0,63,19.9,20.4,2022-05-25,2,69,34.801393728223
0.0,0.0,0.0,0.0,3,21.3,12.3,2022-05-26,1,72,36.26056338028169
0.0,0.0,0.0,0.0,3,21.7,18.1,2022-05-27,1,69,34.93055555555556
0.0,0.0,0.0,0.0,3,23.3,11.4,2022-05-28,1,60,31.644599303135887
0.0,0.0,0.0,0.0,3,25.6,19.1,2022-05-29,1,45,23.13588850174216
0.0,0.0,0.0,0.0,1,23.8,21.3,2022-05-30,1,63,30.975694444444443
0.0,0.0,0.0,0.0,0,22.3,19.2,2022-05-31,1,69,33.8397212543554
0.0,0.0,0.0,0.0,2,21.4,22.2,2022-06-01,1,71,34.648083623693374
0.0,0.0,0.0,0.0,3,20.5,24.7,2022-06-02,1,69,42.270270270270274
0.0,0.0,0.0,0.0,3,21.3,26.7,2022-06-03,1,69,33.31598513011152
0.0,0.0,0.0,0.0,2,21.7,30.7,2022-06-04,1,58,26.8125
0.0,0.0,0.0,0.0,3,22.4,19.4,2022-06-05,1,42,19.545454545454543
0.0,0.0,0.0,0.0,3,21.4,24.0,2022-06-06,1,60,29.13888888888889
0.1,0.1,0.0,1.0,51,19.4,19.1,2022-06-07,2,65,32.55902777777778
1.7,1.7,0.0,9.0,51,19.4,19.3,2022-06-08,1,63,30.872340425531917
0.0,0.0,0.0,0.0,3,21.2,13.5,2022-06-09,1,65,31.3125
0.2,0.2,0.0,1.0,51,23.6,23.9,2022-06-10,1,71,31.38888888888889
7.1,7.1,0.0,8.0,63,21.9,17.9,2022-06-11,4,58,27.375
15.5,15.5,0.0,17.0,63,19.7,26.5,2022-06-12,1,36,18.159722222222225
0.0,0.0,0.0,0.0,3,21.0,24.2,2022-06-13,1,54,25.197916666666664
0.0,0.0,0.0,0.0,0,21.9,19.2,2022-06-14,1,62,29.190972222222225
0.5,0.5,0.0,1.0,53,21.5,26.8,2022-06-15,1,62,30.659649122807014
0.0,0.0,0.0,0.0,3,21.2,28.0,2022-06-16,1,67,31.22648083623693
0.0,0.0,0.0,0.0,3,21.1,24.4,2022-06-17,1,63,31.50871080139373
0.0,0.0,0.0,0.0,3,21.1,30.8,2022-06-18,1,56,26.37676056338028
0.0,0.0,0.0,0.0,1,21.3,26.3,2022-06-19,1,40,19.533101045296167
4.5,4.5,0.0,9.0,61,21.1,23.9,2022-06-20,1,60,29.74131274131274
10.4,10.4,0.0,10.0,63,20.4,15.5,2022-06-21,2,60,29.874564459930316
0.0,0.0,0.0,0.0,3,23.9,14.3,2022-06-22,1,62,29.657342657342657
0.5,0.5,0.0,2.0,51,22.9,16.3,2022-06-23,1,72,34.89895470383275
2.6,2.6,0.0,5.0,55,21.6,20.2,2022-06-24,1,67,32.24
0.1,0.1,0.0,1.0,51,22.6,16.7,2022-06-25,1,49,25.145833333333332
0.2,0.2,0.0,2.0,51,21.6,20.1,2022-06-26,1,42,19.496527777777775
3.0,3.0,0.0,8.0,53,22.2,23.4,2022-06-27,2,62,31.282157676348547
8.1,8.1,0.0,11.0,63,22.4,26.0,2022-06-28,8,60,35.13461538461539
2.2,2.2,0.0,9.0,53,22.1,22.1,2022-06-29,1,60,29.038062283737023
0.1,0.1,0.0,1.0,51,22.4,22.8,2022-06-30,1,63,30.108013937282234
0.0,0.0,0.0,0.0,0,24.0,20.1,2022-07-01,4,62,34.90871369294606
0.0,0.0,0.0,0.0,2,24.2,25.1,2022-07-02,1,49,24.466898954703833
0.0,0.0,0.0,0.0,0,23.6,32.1,2022-07-03,1,35,17.104529616724736
0.0,0.0,0.0,0.0,0,22.8,31.3,2022-07-04,2,60,27.118466898954704
0.0,0.0,0.0,0.0,0,23.4,30.8,2022-07-05,1,60,28.982578397212546
0.0,0.0,0.0,0.0,1,23.9,28.0,2022-07-06,1,60,29.96153846153846
1.5,1.5,0.0,3.0,55,24.4,24.0,2022-07-07,2,60,31.13937282229965
1.4,1.4,0.0,4.0,53,23.8,24.9,2022-07-08,2,42,19.24738675958188
1.0,1.0,0.0,5.0,51,24.0,29.3,2022-07-09,1,36,15.344947735191637
22.3,22.3,0.0,15.0,63,20.7,24.5,2022-07-10,6,38,19.686619718309856
0.4,0.4,0.0,2.0,51,22.1,19.8,2022-07-11,1,27,11.579861111111112
0.4,0.4,0.0,3.0,51,22.3,21.7,2022-07-12,1,24,9.898496240601505
0.3,0.3,0.0,3.0,51,22.1,22.5,2022-07-13,1,18,8.38327526132404
0.0,0.0,0.0,0.0,1,22.8,28.3,2022-07-14,1,22,9.88686131386861
0.0,0.0,0.0,0.0,1,23.4,26.1,2022-07-15,1,18,9.170731707317072
0.0,0.0,0.0,0.0,0,24.1,22.2,2022-07-16,1,24,11.993055555555555
0.0,0.0,0.0,0.0,1,24.6,22.3,2022-07-17,1,24,11.059027777777777
0.3,0.3,0.0,1.0,51,23.7,34.7,2022-07-18,1,53,21.52961672473868
0.0,0.0,0.0,0.0,3,22.5,33.6,2022-07-19,1,60,24.86111111111111
0.0,0.0,0.0,0.0,3,23.4,31.9,2022-07-20,1,56,25.540069686411147
0.0,0.0,0.0,0.0,0,23.6,21.4,2022-07-21,1,58,26.99636363636364
0.0,0.0,0.0,0.0,3,24.2,18.8,2022-07-22,1,62,28.070422535211268
0.0,0.0,0.0,0.0,0,25.3,16.1,2022-07-23,1,45,23.78048780487805
0.0,0.0,0.0,0.0,0,25.5,18.1,2022-07-24,1,36,16.889312977099237
0.0,0.0,0.0,0.0,3,24.9,24.1,2022-07-25,1,58,27.27177700348432
0.0,0.0,0.0,0.0,0,25.6,23.5,2022-07-26,1,63,29.127659574468083
0.0,0.0,0.0,0.0,0,25.1,26.0,2022-07-27,1,65,29.559027777777775
0.0,0.0,0.0,0.0,0,25.1,34.6,2022-07-28,1,65,29.846689895470384
0.0,0.0,0.0,0.0,1,25.3,30.6,2022-07-29,2,63,30.36111111111111
0.0,0.0,0.0,0.0,2,25.6,26.6,2022-07-30,1,47,24.913194444444443
1.5,1.5,0.0,5.0,53,26.1,25.0,2022-07-31,1,38,17.38111888111888
0.3,0.3,0.0,1.0,51,25.5,22.2,2022-08-01,1,63,27.770833333333332
0.0,0.0,0.0,0.0,0,24.1,23.8,2022-08-02,1,63,29.96875
0.0,0.0,0.0,0.0,1,24.6,27.9,2022-08-03,2,67,30.433098591549292
0.0,0.0,0.0,0.0,2,25.2,29.4,2022-08-04,1,67,30.1875
0.0,0.0,0.0,0.0,1,25.5,24.8,2022-08-05,1,67,30.090592334494772
0.0,0.0,0.0,0.0,1,25.5,28.2,2022-08-06,1,49,25.59375
0.4,0.4,0.0,2.0,51,25.9,27.2,2022-08-07,1,42,17.48409893992933
0.8,0.8,0.0,1.0,53,26.7,35.6,2022-08-08,1,62,28.788194444444443
0.1,0.1,0.0,1.0,51,27.0,28.8,2022-08-09,1,63,28.97122302158273
3.2,3.2,0.0,5.0,61,25.3,30.0,2022-08-10,1,63,29.5
13.6,13.6,0.0,15.0,65,22.7,23.9,2022-08-11,2,58,24.811188811188806
0.3,0.3,0.0,1.0,51,24.1,22.4,2022-08-12,1,62,28.833333333333332
0.9,0.9,0.0,4.0,53,24.7,24.2,2022-08-13,1,47,24.465277777777775
1.0,1.0,0.0,6.0,51,25.1,16.3,2022-08-14,1,36,18.118055555555557
24.2,24.2,0.0,12.0,63,21.5,19.5,2022-08-15,1,60,29.118466898954704
0.0,0.0,0.0,0.0,2,24.0,17.8,2022-08-16,1,65,29.73611111111111
0.0,0.0,0.0,0.0,2,25.0,12.1,2022-08-17,1,63,29.350694444444443
0.0,0.0,0.0,0.0,3,25.5,16.6,2022-08-18,1,65,30.354166666666664
0.3,0.3,0.0,2.0,51,25.2,19.7,2022-08-19,1,63,30.774305555555557
1.3,1.3,0.0,7.0,51,24.9,21.0,2022-08-20,1,49,26.368055555555557
0.0,0.0,0.0,0.0,3,25.4,23.0,2022-08-21,1,38,19.341463414634145
0.1,0.1,0.0,1.0,51,26.3,21.9,2022-08-22,1,65,30.149305555555557
4.4,4.4,0.0,6.0,61,26.1,21.9,2022-08-23,1,65,31.190972222222225
0.4,0.4,0.0,4.0,51,26.1,29.6,2022-08-24,2,69,32.947916666666664
8.4,8.4,0.0,13.0,63,23.4,16.5,2022-08-25,2,60,32.00694444444444
0.6,0.6,0.0,2.0,53,23.3,7.9,2022-08-26,1,69,30.59233449477352
1.3,1.3,0.0,10.0,51,24.3,8.4,2022-08-27,1,47,24.843205574912886
0.0,0.0,0.0,0.0,3,25.1,18.8,2022-08-28,1,36,17.527777777777775
0.0,0.0,0.0,0.0,1,25.5,23.2,2022-08-29,1,56,24.73611111111111
0.1,0.1,0.0,1.0,51,25.9,24.7,2022-08-30,1,36,18.62323943661972
3.7,3.7,0.0,8.0,61,24.7,17.5,2022-08-31,1,58,29.01754385964912
8.4,8.4,0.0,11.0,63,23.9,17.5,2022-09-01,1,69,32.041666666666664
0.2,0.2,0.0,2.0,51,25.3,20.1,2022-09-02,1,71,33.107638888888886
0.1,0.1,0.0,1.0,51,23.5,20.9,2022-09-03,1,56,29.277777777777775
0.7,0.7,0.0,6.0,51,22.2,26.8,2022-09-04,1,47,23.59923664122137
0.2,0.2,0.0,2.0,51,20.9,32.3,2022-09-05,1,69,32.35069444444444
0.8,0.8,0.0,5.0,51,20.6,32.6,2022-09-06,1,71,32.81597222222222
0.0,0.0,0.0,0.0,2,21.0,30.9,2022-09-07,1,71,33.28472222222222
0.0,0.0,0.0,0.0,0,20.8,22.9,2022-09-08,1,72,34.21602787456445
0.0,0.0,0.0,0.0,0,21.3,15.4,2022-09-09,1,71,34.5993031358885
0.0,0.0,0.0,0.0,0,22.0,8.9,2022-09-10,1,60,32.06643356643357
0.0,0.0,0.0,0.0,1,23.0,17.4,2022-09-11,1,47,23.206293706293703
2.4,2.4,0.0,3.0,61,20.4,28.8,2022-09-12,1,62,29.125
1.2,1.2,0.0,7.0,51,19.0,20.0,2022-09-13,1,67,30.965277777777775
0.0,0.0,0.0,0.0,3,19.7,10.4,2022-09-14,1,69,32.062717770034844
0.0,0.0,0.0,0.0,3,21.6,20.9,2022-09-15,1,71,32.79442508710801
0.0,0.0,0.0,0.0,3,24.2,16.9,2022-09-16,1,72,34.135416666666664
0.0,0.0,0.0,0.0,3,24.3,15.3,2022-09-17,1,58,30.86411149825784
10.6,10.6,0.0,5.0,63,21.9,25.6,2022-09-18,1,51,21.04513888888889
0.0,0.0,0.0,0.0,3,18.8,20.2,2022-09-19,1,65,30.26736111111111
0.0,0.0,0.0,0.0,1,17.1,26.0,2022-09-20,1,69,32.326388888888886
0.9,0.9,0.0,3.0,51,17.0,21.9,2022-09-21,1,71,33.46875
13.2,13.2,0.0,20.0,61,14.0,26.8,2022-09-22,8,80,40.09375
1.1,1.1,0.0,3.0,53,13.9,18.0,2022-09-23,4,71,34.545138888888886
0.0,0.0,0.0,0.0,2,15.4,15.1,2022-09-24,1,63,31.086805555555557
0.0,0.0,0.0,0.0,2,16.7,11.8,2022-09-25,1,54,24.041811846689892
0.0,0.0,0.0,0.0,3,17.6,17.0,2022-09-26,1,65,28.515679442508713
2.2,2.2,0.0,1.0,61,20.1,33.4,2022-09-27,1,69,31.937716262975776
3.9,3.9,0.0,7.0,61,21.7,28.5,2022-09-28,1,69,31.435540069686407
0.0,0.0,0.0,0.0,0,22.4,20.1,2022-09-29,1,74,32.91901408450704
0.0,0.0,0.0,0.0,2,22.4,13.8,2022-09-30,1,72,34.27777777777778
0.0,0.0,0.0,0.0,3,22.2,11.5,2022-10-01,1,63,32.11458333333333
5.0,5.0,0.0,5.0,63,21.5,30.3,2022-10-02,1,49,22.902777777777775
0.0,0.0,0.0,0.0,3,18.2,14.2,2022-10-03,1,74,31.277777777777775
0.2,0.2,0.0,2.0,51,16.6,18.9,2022-10-04,1,72,33.2536231884058
0.0,0.0,0.0,0.0,2,16.1,23.6,2022-10-05,2,72,34.686619718309856
0.1,0.1,0.0,1.0,51,17.1,30.8,2022-10-06,1,76,34.65925925925926
1.6,1.6,0.0,8.0,51,17.8,32.9,2022-10-07,1,72,35.10074626865672
5.6,5.6,0.0,9.0,63,18.0,25.8,2022-10-08,1,63,30.927007299270077
0.0,0.0,0.0,0.0,3,17.0,14.5,2022-10-09,1,53,21.97003745318352
0.0,0.0,0.0,0.0,3,17.2,23.3,2022-10-10,1,63,28.57560975609756
0.0,0.0,0.0,0.0,3,17.2,25.4,2022-10-11,1,72,32.00361010830325
0.5,0.5,0.0,4.0,51,16.8,24.5,2022-10-12,4,74,43.80829015544042
0.1,0.1,0.0,1.0,51,17.4,24.2,2022-10-13,1,76,34.01060070671378
1.6,1.6,0.0,7.0,53,17.0,31.4,2022-10-14,1,74,34.86379928315412
10.0,10.0,0.0,22.0,61,16.1,32.4,2022-10-15,9,74,41.35664335664336
0.6,0.6,0.0,5.0,51,16.4,33.2,2022-10-16,1,49,20.319444444444443
0.4,0.4,0.0,3.0,51,16.5,32.3,2022-10-17,1,69,28.725694444444443
0.2,0.2,0.0,2.0,51,16.7,29.1,2022-10-18,1,78,32.839285714285715
0.0,0.0,0.0,0.0,3,16.2,16.6,2022-10-19,1,71,33.84375
0.4,0.4,0.0,4.0,51,13.7,27.6,2022-10-20,1,78,32.888888888888886
0.0,0.0,0.0,0.0,1,12.6,21.2,2022-10-21,1,76,32.158490566037734
0.0,0.0,0.0,0.0,1,11.8,11.6,2022-10-22,1,65,32.81338028169014
0.0,0.0,0.0,0.0,3,14.9,22.0,2022-10-23,1,56,23.49647887323944
0.0,0.0,0.0,0.0,2,15.3,9.4,2022-10-24,1,71,30.017421602787454
0.0,0.0,0.0,0.0,3,15.3,11.5,2022-10-25,1,72,30.89641434262948
0.0,0.0,0.0,0.0,3,15.9,19.2,2022-10-26,1,74,30.62551440329218
0.0,0.0,0.0,0.0,3,15.5,19.1,2022-10-27,1,78,36.385416666666664
0.0,0.0,0.0,0.0,1,15.5,26.0,2022-10-28,2,71,35.97142857142857
0.0,0.0,0.0,0.0,2,14.0,23.9,2022-10-29,1,54,26.73790322580645
0.0,0.0,0.0,0.0,0,13.3,14.2,2022-10-30,1,53,22.174825174825173
2.0,2.0,0.0,2.0,55,13.7,17.1,2022-10-31,1,69,28.46341463414634
0.0,0.0,0.0,0.0,3,14.0,14.5,2022-11-01,1,72,33.77894736842105
0.0,0.0,0.0,0.0,0,13.1,13.3,2022-11-02,1,72,33.361111111111114
0.0,0.0,0.0,0.0,3,14.9,19.6,2022-11-03,1,72,31.770833333333332
0.0,0.0,0.0,0.0,3,15.0,14.2,2022-11-04,1,74,32.726950354609926
0.0,0.0,0.0,0.0,3,16.8,11.1,2022-11-05,1,69,30.888111888111887
0.0,0.0,0.0,0.0,3,16.8,17.1,2022-11-06,1,54,22.891986062717766
0.1,0.1,0.0,1.0,51,14.5,27.4,2022-11-07,1,72,30.729824561403507
0.0,0.0,0.0,0.0,3,12.2,17.9,2022-11-08,1,76,33.33916083916084
0.0,0.0,0.0,0.0,3,11.6,16.3,2022-11-09,1,80,43.42290748898679
0.0,0.0,0.0,0.0,0,11.2,17.1,2022-11-10,1,76,34.673611111111114
0.0,0.0,0.0,0.0,3,12.0,17.7,2022-11-11,1,78,35.22569444444444
0.0,0.0,0.0,0.0,3,14.3,27.0,2022-11-12,1,65,32.390243902439025
0.0,0.0,0.0,0.0,3,13.9,21.0,2022-11-13,1,62,24.992982456140354
0.0,0.0,0.0,0.0,3,12.5,22.5,2022-11-14,1,72,31.622377622377623
0.0,0.0,0.0,0.0,3,12.5,17.7,2022-11-15,1,81,33.964285714285715
0.0,0.0,0.0,0.0,3,11.7,23.0,2022-11-16,1,80,35.85069444444444
3.3,3.3,0.0,6.0,61,16.0,35.8,2022-11-17,1,90,40.0383275261324
10.3,10.3,0.0,7.0,63,17.7,33.5,2022-11-18,1,76,33.66319444444444
0.0,0.0,0.0,0.0,3,19.2,35.7,2022-11-19,1,65,31.42013888888889
0.0,0.0,0.0,0.0,3,19.7,27.9,2022-11-20,1,54,21.48771929824561
0.6,0.6,0.0,2.0,53,18.9,39.6,2022-11-21,1,74,38.574297188755025
17.0,17.0,0.0,7.0,63,12.9,31.1,2022-11-22,4,76,35.72222222222222
3.6,3.6,0.0,7.0,55,14.4,30.6,2022-11-23,1,90,37.21254355400697
0.3,0.3,0.0,2.0,51,12.4,9.7,2022-11-24,1,80,36.9757785467128
1.2,1.2,0.0,5.0,53,10.3,22.0,2022-11-25,2,72,34.63103448275862
0.1,0.1,0.0,1.0,51,8.8,21.0,2022-11-26,4,63,32.161403508771926
0.0,0.0,0.0,0.0,3,8.3,19.0,2022-11-27,1,51,20.653846153846157
0.0,0.0,0.0,0.0,3,9.9,25.5,2022-11-28,1,67,28.365853658536583
0.0,0.0,0.0,0.0,3,11.4,14.2,2022-11-29,1,78,34.40625
0.1,0.1,0.0,1.0,51,12.8,26.0,2022-11-30,6,74,35.42214532871972
0.8,0.8,0.0,6.0,51,13.0,24.2,2022-12-01,6,90,40.27112676056338
6.9,6.9,0.0,11.0,63,10.7,18.9,2022-12-02,1,78,39.89310344827586
0.0,0.0,0.0,0.0,3,10.7,20.7,2022-12-03,1,69,31.567474048442904
0.0,0.0,0.0,0.0,3,10.3,23.4,2022-12-04,1,56,21.94055944055944
0.2,0.2,0.0,1.0,51,10.4,17.9,2022-12-05,1,72,32.52430555555556
0.1,0.1,0.0,1.0,51,10.4,16.1,2022-12-06,1,74,34.52961672473868
0.1,0.1,0.0,1.0,51,8.9,15.0,2022-12-07,1,78,33.285714285714285
0.0,0.0,0.0,0.0,3,10.2,12.5,2022-12-08,1,80,34.60344827586207
0.3,0.3,0.0,1.0,51,13.2,19.9,2022-12-09,1,72,33.390243902439025
1.5,1.5,0.0,5.0,51,14.6,27.7,2022-12-10,1,63,30.118055555555557
0.1,0.1,0.0,1.0,51,16.0,43.6,2022-12-11,1,56,19.693379790940767
3.7,3.7,0.0,5.0,63,14.2,31.8,2022-12-12,4,72,32.5191637630662
14.5,14.5,0.0,11.0,63,8.5,29.2,2022-12-13,1,78,39.96875
0.0,0.0,0.0,0.0,3,8.0,22.8,2022-12-14,1,80,32.77430555555556
12.2,12.2,0.0,8.0,63,11.8,26.0,2022-12-15,1,81,36.0625
1.5,1.5,0.0,3.0,53,14.1,18.4,2022-12-16,1,78,33.92708333333333
0.0,0.0,0.0,0.0,3,14.5,16.5,2022-12-17,1,69,32.05902777777778
0.9,0.9,0.0,4.0,51,11.7,27.9,2022-12-18,1,58,20.712230215827336
2.3,2.3,0.0,11.0,51,7.1,35.4,2022-12-19,4,76,37.29411764705882
0.0,0.0,0.0,0.0,3,6.9,32.4,2022-12-20,2,81,37.132867132867126
0.0,0.0,0.0,0.0,3,6.5,15.3,2022-12-21,1,80,35.5993031358885
0.0,0.0,0.0,0.0,0,6.9,14.0,2022-12-22,1,85,36.35294117647059
0.0,0.0,0.0,0.0,3,6.9,13.0,2022-12-23,1,80,34.11458333333333
0.0,0.0,0.0,0.0,3,7.5,17.1,2022-12-24,1,67,32.603053435114504
2.3,2.3,0.0,7.0,53,9.6,13.4,2022-12-25,4,51,23.494736842105265
0.0,0.0,0.0,0.0,3,6.8,11.2,2022-12-26,1,76,32.826388888888886
0.0,0.0,0.0,0.0,3,9.0,20.0,2022-12-27,1,83,36.75
0.8,0.8,0.0,2.0,53,8.8,20.2,2022-12-28,1,81,36.13523131672598
0.0,0.0,0.0,0.0,3,8.7,15.5,2022-12-29,1,85,37.87152777777778
0.0,0.0,0.0,0.0,3,8.2,13.8,2022-12-30,1,74,33.67708333333333
0.0,0.0,0.0,0.0,3,8.2,12.0,2022-12-31,1,44,23.129353233830845
0.0,0.0,0.0,0.0,0,7.7,11.2,2023-01-01,1,45,16.927083333333332
0.0,0.0,0.0,0.0,0,6.5,12.2,2023-01-02,1,67,26.003460207612456
0.0,0.0,0.0,0.0,3,6.7,17.6,2023-01-03,1,72,31.372822299651567
0.1,0.1,0.0,1.0,51,8.5,15.9,2023-01-04,1,83,31.975088967971526
0.0,0.0,0.0,0.0,3,9.4,13.5,2023-01-05,1,72,31.25
4.0,4.0,0.0,8.0,61,9.6,19.5,2023-01-06,1,72,32.53125
0.0,0.0,0.0,0.0,3,7.3,7.8,2023-01-07,1,62,27.4375
0.0,0.0,0.0,0.0,3,6.2,12.4,2023-01-08,1,47,16.75
0.0,0.0,0.0,0.0,3,6.5,20.4,2023-01-09,1,69,29.256944444444443
0.7,0.7,0.0,1.0,53,9.2,26.5,2023-01-10,1,72,31.534722222222225
1.0,1.0,0.0,8.0,51,10.4,24.5,2023-01-11,2,78,35.94444444444444
0.7,0.7,0.0,4.0,51,8.9,19.2,2023-01-12,1,76,34.982638888888886
2.6,2.6,0.0,4.0,55,9.4,20.8,2023-01-13,8,81,39.548611111111114
0.0,0.0,0.0,0.0,3,8.9,18.8,2023-01-14,1,56,26.024305555555557
0.0,0.0,0.0,0.0,3,8.5,21.0,2023-01-15,1,42,14.409722222222221
0.0,0.0,0.0,0.0,3,6.9,13.8,2023-01-16,1,67,28.180555555555557
0.0,0.0,0.0,0.0,3,12.7,36.2,2023-01-17,1,76,33.11805555555556
0.0,0.0,0.0,0.0,3,15.0,39.4,2023-01-18,1,72,33.53472222222222
0.0,0.0,0.0,0.0,3,13.9,30.5,2023-01-19,1,76,34.173611111111114
2.3,2.3,0.0,2.0,55,11.8,31.5,2023-01-20,1,90,36.529824561403515
0.0,0.0,0.0,0.0,3,11.6,27.7,2023-01-21,1,65,31.722222222222225
0.0,0.0,0.0,0.0,3,10.9,11.9,2023-01-22,1,51,20.90181818181818
0.0,0.0,0.0,0.0,3,8.8,22.2,2023-01-23,1,74,31.14236111111111
0.0,0.0,0.0,0.0,3,7.8,20.5,2023-01-24,1,80,36.979166666666664
0.2,0.2,0.0,2.0,51,6.2,25.8,2023-01-25,4,81,39.27777777777778
0.0,0.0,0.0,0.0,3,7.9,23.0,2023-01-26,1,78,35.447916666666664
9.9,9.9,0.0,11.0,63,10.0,27.2,2023-01-27,1,72,41.798283261802574
2.3,2.3,0.0,6.0,53,6.7,20.9,2023-01-28,1,74,33.99305555555556
0.1,0.1,0.0,1.0,51,4.0,23.3,2023-01-29,1,60,25.744755244755243
0.0,0.0,0.0,0.0,3,3.7,17.9,2023-01-30,1,74,36.50694444444445
0.0,0.0,0.0,0.0,3,2.5,17.9,2023-01-31,1,81,39.8974358974359
2.3,1.5,0.56,9.0,73,4.0,18.5,2023-02-01,11,81,39.871080139372815
0.1,0.1,0.0,1.0,51,7.0,28.7,2023-02-02,1,78,35.375
1.7,1.7,0.0,5.0,53,4.7,30.8,2023-02-03,6,74,34.99650349650349
3.4,3.4,0.0,9.0,53,4.4,30.8,2023-02-04,1,76,33.66197183098592
12.3,10.0,1.61,16.0,73,2.9,47.8,2023-02-05,1,45,22.5191637630662
19.8,7.9,8.33,24.0,75,2.9,49.0,2023-02-06,13,67,36.86805555555556
3.9,0.7,2.24,20.0,73,1.6,39.2,2023-02-07,9,62,29.411971830985916
2.6,1.0,1.12,15.0,73,1.4,34.7,2023-02-08,11,58,29.17832167832168
2.3,2.3,0.0,11.0,51,3.1,28.7,2023-02-09,9,76,31.232394366197184
0.5,0.5,0.0,4.0,51,3.1,22.2,2023-02-10,4,69,28.126315789473683
0.0,0.0,0.0,0.0,3,2.9,19.9,2023-02-11,1,51,20.114982578397207
0.0,0.0,0.0,0.0,3,1.8,14.4,2023-02-12,1,44,15.469964664310954
0.2,0.2,0.0,2.0,51,4.6,17.9,2023-02-13,4,76,30.73611111111111
0.0,0.0,0.0,0.0,3,3.3,13.0,2023-02-14,1,78,35.11458333333333
1.1,1.1,0.0,7.0,51,4.1,25.6,2023-02-15,1,71,32.21875
0.0,0.0,0.0,0.0,3,3.6,21.1,2023-02-16,1,74,31.347222222222225
0.0,0.0,0.0,0.0,3,6.7,24.8,2023-02-17,2,72,32.045138888888886
0.0,0.0,0.0,0.0,3,9.6,28.9,2023-02-18,2,60,27.256944444444443
0.0,0.0,0.0,0.0,3,11.2,28.1,2023-02-19,1,53,19.572916666666664
3.0,3.0,0.0,7.0,55,9.0,24.3,2023-02-20,1,74,29.399305555555557
0.0,0.0,0.0,0.0,3,9.1,22.2,2023-02-21,1,72,32.43356643356643
0.0,0.0,0.0,0.0,3,10.3,15.3,2023-02-22,1,72,31.84375
0.0,0.0,0.0,0.0,3,8.6,28.0,2023-02-23,1,71,31.802083333333332
0.0,0.0,0.0,0.0,3,7.9,24.1,2023-02-24,1,69,31.538194444444443
0.0,0.0,0.0,0.0,3,11.3,28.6,2023-02-25,1,63,30.910071942446045
0.0,0.0,0.0,0.0,3,13.6,25.5,2023-02-26,1,49,19.17013888888889
0.1,0.1,0.0,1.0,51,14.6,21.4,2023-02-27,1,63,28.42957746478873
1.8,1.8,0.0,8.0,51,9.9,24.0,2023-02-28,1,74,37.73958333333333
2.5,2.5,0.0,6.0,53,8.2,29.3,2023-03-01,4,74,36.08362369337979
0.0,0.0,0.0,0.0,3,7.5,23.7,2023-03-02,1,72,33.25694444444444
0.3,0.3,0.0,3.0,51,7.8,19.9,2023-03-03,1,71,30.944444444444443
0.5,0.5,0.0,2.0,51,8.5,11.9,2023-03-04,1,63,30.439024390243905
12.3,12.3,0.0,19.0,61,9.2,13.8,2023-03-05,1,47,21.925266903914594
0.9,0.9,0.0,4.0,51,8.4,10.2,2023-03-06,2,67,28.958333333333332
0.2,0.2,0.0,2.0,51,10.5,23.3,2023-03-07,1,67,30.368421052631575
1.3,1.3,0.0,7.0,53,11.9,23.3,2023-03-08,1,74,35.49305555555556
1.6,1.6,0.0,3.0,55,12.8,26.7,2023-03-09,1,69,32.40277777777778
0.0,0.0,0.0,0.0,3,14.0,26.8,2023-03-10,1,71,33.513888888888886
22.6,22.6,0.0,7.0,65,13.9,33.4,2023-03-11,1,71,30.12982456140351
2.5,2.5,0.0,7.0,53,9.2,27.0,2023-03-12,1,47,21.170731707317078
0.3,0.3,0.0,3.0,51,7.4,33.2,2023-03-13,1,69,30.238596491228073
0.0,0.0,0.0,0.0,3,7.3,23.5,2023-03-14,1,71,32.46503496503497
0.0,0.0,0.0,0.0,3,8.7,10.4,2023-03-15,1,74,34.048611111111114
5.6,5.6,0.0,13.0,61,10.1,19.7,2023-03-16,1,76,38.12847222222222
20.0,20.0,0.0,24.0,61,7.6,29.6,2023-03-17,8,81,44.986111111111114
8.8,8.8,0.0,24.0,61,7.2,25.1,2023-03-18,4,74,29.965909090909086
3.4,3.4,0.0,13.0,53,8.5,28.0,2023-03-19,6,63,23.6
0.0,0.0,0.0,0.0,3,9.3,13.8,2023-03-20,1,74,31.970149253731343
0.0,0.0,0.0,0.0,3,9.8,22.7,2023-03-21,1,78,37.46363636363636
8.5,8.5,0.0,15.0,55,8.7,20.9,2023-03-22,1,90,42.31884057971014
1.0,1.0,0.0,4.0,51,9.2,17.4,2023-03-23,1,72,26.55719557195572
0.0,0.0,0.0,0.0,3,9.1,14.6,2023-03-24,1,78,27.00729927007299
0.0,0.0,0.0,0.0,3,8.8,12.2,2023-03-25,1,51,19.610294117647054
7.5,7.5,0.0,6.0,63,10.3,13.6,2023-03-26,1,44,9.325842696629213
0.1,0.1,0.0,1.0,51,13.8,36.2,2023-03-27,1,69,28.79245283018868
20.7,20.7,0.0,17.0,63,9.6,40.6,2023-03-28,6,69,35.642105263157895
14.4,13.8,0.42,21.0,73,4.7,29.6,2023-03-29,1,81,30.42
1.8,0.3,1.05,2.0,75,4.4,20.0,2023-03-30,1,78,22.915662650602407
0.3,0.3,0.0,1.0,51,8.3,23.1,2023-03-31,1,80,30.079710144927535
1.3,1.3,0.0,1.0,61,13.9,34.9,2023-04-01,1,67,26.443181818181817
10.1,10.1,0.0,13.0,63,13.5,32.9,2023-04-02,1,60,19.986062717770036
3.7,3.7,0.0,10.0,53,13.5,30.1,2023-04-03,1,71,28.774305555555557
5.2,5.2,0.0,7.0,63,13.4,23.5,2023-04-04,1,83,34.270370370370365
1.7,1.7,0.0,9.0,51,8.5,22.0,2023-04-05,1,81,32.697916666666664
5.6,5.6,0.0,7.0,61,9.6,13.4,2023-04-06,1,89,33.44128113879004
2.9,2.9,0.0,12.0,53,8.9,18.9,2023-04-07,2,80,25.489208633093526
0.1,0.1,0.0,1.0,51,9.8,23.0,2023-04-08,1,72,29.97872340425532
0.0,0.0,0.0,0.0,3,10.2,27.4,2023-04-09,1,58,20.91044776119403
4.7,4.7,0.0,19.0,53,9.7,29.1,2023-04-10,1,81,34.13483146067416
5.6,5.6,0.0,21.0,53,9.5,26.3,2023-04-11,1,85,37.34782608695652
17.8,17.8,0.0,19.0,63,10.0,30.8,2023-04-12,6,87,36.251184834123215
0.0,0.0,0.0,0.0,2,11.6,16.3,2023-04-13,1,76,22.951724137931038
0.0,0.0,0.0,0.0,3,15.1,19.3,2023-04-14,1,83,32.58510638297872
0.0,0.0,0.0,0.0,3,16.3,12.6,2023-04-15,1,63,29.083333333333332
0.3,0.3,0.0,2.0,51,15.4,8.8,2023-04-16,1,49,16.296819787985864
0.6,0.6,0.0,2.0,53,14.3,15.3,2023-04-17,1,74,31.282229965156795
0.7,0.7,0.0,3.0,51,12.9,19.7,2023-04-18,1,76,32.989436619718305
3.1,3.1,0.0,7.0,61,12.1,16.0,2023-04-19,1,69,30.108391608391607
0.3,0.3,0.0,2.0,51,11.9,18.8,2023-04-20,1,63,19.254480286738353
0.8,0.8,0.0,2.0,53,12.4,18.5,2023-04-21,1,80,33.51398601398601
0.0,0.0,0.0,0.0,3,13.4,20.7,2023-04-22,1,72,36.75087719298246
0.0,0.0,0.0,0.0,3,11.7,19.9,2023-04-23,11,58,41.47
0.0,0.0,0.0,0.0,3,12.0,11.7,2023-04-24,1,62,22.83695652173913
0.1,0.1,0.0,1.0,51,14.8,23.7,2023-04-25,1,74,43.48087431693989
17.7,17.7,0.0,15.0,63,14.1,16.9,2023-04-26,1,69,35.08833922261484
18.9,18.9,0.0,19.0,61,10.9,29.6,2023-04-27,1,78,40.01748251748252
0.0,0.0,0.0,0.0,3,10.6,22.6,2023-04-28,1,76,37.78745644599303
0.1,0.1,0.0,1.0,51,10.7,15.9,2023-04-29,1,71,35.90909090909091
0.0,0.0,0.0,0.0,2,12.3,17.1,2023-04-30,1,62,29.346153846153847
0.0,0.0,0.0,0.0,1,13.9,16.1,2023-05-01,1,51,21.631944444444443
0.0,0.0,0.0,0.0,3,14.8,28.7,2023-05-02,1,69,35.3006993006993
0.0,0.0,0.0,0.0,3,15.5,23.5,2023-05-03,1,71,34.968858131487885
6.4,6.4,0.0,4.0,63,14.8,22.0,2023-05-04,1,71,36.4636678200692
1.9,1.9,0.0,4.0,55,12.8,28.1,2023-05-05,1,67,33.64664310954064
19.5,19.5,0.0,8.0,65,12.9,24.9,2023-05-06,1,67,33.416961130742045
0.0,0.0,0.0,0.0,3,14.0,24.2,2023-05-07,17,69,42.37762237762237
0.0,0.0,0.0,0.0,3,13.7,22.3,2023-05-08,1,72,32.90344827586207
0.5,0.5,0.0,3.0,51,12.7,25.3,2023-05-09,1,74,33.16724738675958
0.7,0.7,0.0,4.0,51,12.1,26.3,2023-05-10,1,67,31.8280701754386
0.0,0.0,0.0,0.0,3,12.2,31.8,2023-05-11,1,72,33.318996415770606
0.4,0.4,0.0,4.0,51,12.4,27.5,2023-05-12,9,71,44.28042328042328
0.0,0.0,0.0,0.0,3,13.3,16.4,2023-05-13,1,63,28.49825783972125
0.2,0.2,0.0,2.0,51,14.0,18.9,2023-05-14,1,26,4.651567944250871
0.0,0.0,0.0,0.0,3,17.4,18.1,2023-05-15,1,60,22.87676056338028
0.0,0.0,0.0,0.0,3,19.0,24.7,2023-05-16,1,69,32.39930555555556
7.5,7.5,0.0,5.0,63,15.7,26.2,2023-05-17,1,72,37.21328671328671
7.6,7.6,0.0,17.0,55,14.4,19.8,2023-05-18,6,81,58.1875
1.3,1.3,0.0,8.0,51,14.9,22.3,2023-05-19,1,49,20.322807017543855
1.9,1.9,0.0,5.0,53,15.1,22.6,2023-05-20,1,54,24.711805555555557
0.1,0.1,0.0,1.0,51,16.0,21.1,2023-05-21,1,54,24.003496503496503
0.0,0.0,0.0,0.0,3,16.3,29.5,2023-05-22,1,63,28.9198606271777
2.1,2.1,0.0,9.0,51,16.1,18.6,2023-05-23,1,67,31.03125
1.4,1.4,0.0,9.0,51,16.2,15.5,2023-05-24,1,71,32.50526315789474
0.7,0.7,0.0,4.0,51,17.3,16.2,2023-05-25,1,71,33.385416666666664
2.3,2.3,0.0,2.0,61,17.7,16.3,2023-05-26,1,71,34.2791519434629
0.0,0.0,0.0,0.0,3,17.7,22.8,2023-05-27,1,69,32.69337979094077
1.4,1.4,0.0,10.0,51,17.5,27.8,2023-05-28,1,40,14.788194444444445
0.6,0.6,0.0,6.0,51,18.2,23.7,2023-05-29,4,63,29.662020905923345
2.2,2.2,0.0,11.0,53,18.8,20.9,2023-05-30,1,71,33.91428571428572
9.8,9.8,0.0,8.0,63,19.2,13.0,2023-05-31,1,72,33.63066202090592
0.0,0.0,0.0,0.0,3,19.0,21.9,2023-06-01,1,71,36.1490909090909
0.0,0.0,0.0,0.0,3,19.7,27.8,2023-06-02,4,67,47.787564766839374
2.9,2.9,0.0,5.0,61,19.2,24.2,2023-06-03,1,69,40.362204724409445
6.1,6.1,0.0,12.0,61,18.8,24.4,2023-06-04,1,54,25.703557312252965
0.0,0.0,0.0,0.0,3,18.4,22.4,2023-06-05,1,65,33.8875
0.0,0.0,0.0,0.0,3,19.1,27.1,2023-06-06,1,71,36.01423487544484
0.0,0.0,0.0,0.0,1,18.9,27.3,2023-06-07,1,78,36.73384030418251
0.0,0.0,0.0,0.0,3,19.3,25.3,2023-06-08,1,72,37.3170731707317
0.1,0.1,0.0,1.0,51,19.5,19.1,2023-06-09,1,74,37.55871886120997
0.0,0.0,0.0,0.0,3,19.2,13.5,2023-06-10,1,71,35.65964912280702
0.0,0.0,0.0,0.0,3,20.4,20.3,2023-06-11,1,54,24.034934497816597
1.4,1.4,0.0,6.0,53,19.4,28.0,2023-06-12,1,65,33.03472222222222
0.0,0.0,0.0,0.0,3,19.3,25.6,2023-06-13,1,67,34.597122302158276
1.5,1.5,0.0,11.0,51,19.8,18.5,2023-06-14,1,72,35.93992932862191
0.0,0.0,0.0,0.0,3,20.9,23.2,2023-06-15,1,78,37.73076923076923
0.0,0.0,0.0,0.0,3,22.1,24.6,2023-06-16,1,71,36.316901408450704
5.1,5.1,0.0,10.0,61,21.4,23.6,2023-06-17,6,69,33.88461538461539
1.5,1.5,0.0,5.0,55,21.2,19.1,2023-06-18,1,53,24.489510489510486
15.3,15.3,0.0,16.0,63,20.8,16.0,2023-06-19,1,71,34.55244755244755
10.0,10.0,0.0,16.0,63,20.8,16.7,2023-06-20,1,74,37.01754385964912
0.1,0.1,0.0,1.0,51,22.2,11.5,2023-06-21,1,74,38.4808362369338
0.1,0.1,0.0,1.0,51,22.6,18.3,2023-06-22,1,72,39.1875
0.0,0.0,0.0,0.0,1,23.3,23.1,2023-06-23,1,65,36.75778546712802
0.0,0.0,0.0,0.0,0,23.8,22.4,2023-06-24,2,47,33.10697674418605
0.0,0.0,0.0,0.0,0,22.9,18.7,2023-06-25,1,31,14.118577075098814
0.1,0.1,0.0,1.0,51,23.2,17.4,2023-06-26,1,31,13.338129496402876
0.3,0.3,0.0,2.0,51,23.7,22.4,2023-06-27,1,26,7.885057471264368
0.0,0.0,0.0,0.0,0,24.2,15.2,2023-06-28,1,36,14.097560975609756
1.6,1.6,0.0,3.0,55,20.4,23.0,2023-06-29,1,40,16.91166077738516
0.0,0.0,0.0,0.0,3,20.8,14.0,2023-06-30,1,38,15.188153310104529
0.0,0.0,0.0,0.0,0,23.0,16.6,2023-07-01,1,29,13.540069686411147
0.0,0.0,0.0,0.0,0,25.1,12.2,2023-07-02,1,24,8.650793650793652
0.4,0.4,0.0,2.0,51,25.5,25.5,2023-07-03,1,54,22.7984496124031
0.0,0.0,0.0,0.0,0,25.1,23.6,2023-07-04,1,63,27.038596491228073
0.0,0.0,0.0,0.0,3,24.7,25.0,2023-07-05,11,63,40.2463768115942
1.0,1.0,0.0,2.0,53,25.7,22.9,2023-07-06,1,67,31.130742049469966
0.9,0.9,0.0,3.0,53,26.1,15.3,2023-07-07,1,67,32.87900355871886
21.6,21.6,0.0,19.0,63,22.5,23.0,2023-07-08,4,60,32.7429718875502
0.4,0.4,0.0,3.0,51,22.5,30.1,2023-07-09,1,45,21.248251748251747
0.0,0.0,0.0,0.0,0,23.5,9.9,2023-07-10,2,63,39.465437788018434
0.0,0.0,0.0,0.0,2,24.5,17.1,2023-07-11,1,69,33.16319444444444
0.3,0.3,0.0,1.0,51,26.5,14.3,2023-07-12,1,72,34.561403508771924
0.0,0.0,0.0,0.0,1,27.9,9.8,2023-07-13,1,67,32.94773519163763
0.0,0.0,0.0,0.0,3,29.1,20.3,2023-07-14,1,69,33.5
0.0,0.0,0.0,0.0,0,26.3,26.0,2023-07-15,1,38,23.180555555555557
0.0,0.0,0.0,0.0,0,24.6,25.3,2023-07-16,8,38,27.323353293413174
0.0,0.0,0.0,0.0,0,24.6,27.7,2023-07-17,1,65,29.6013986013986
0.0,0.0,0.0,0.0,0,24.7,24.8,2023-07-18,1,65,30.801393728223
0.0,0.0,0.0,0.0,0,25.5,23.8,2023-07-19,1,67,31.434931506849317
0.0,0.0,0.0,0.0,2,27.9,11.0,2023-07-20,15,69,42.48529411764706
0.0,0.0,0.0,0.0,1,26.8,20.9,2023-07-21,1,63,30.857142857142858
0.0,0.0,0.0,0.0,3,28.3,13.8,2023-07-22,1,49,25.29824561403509
0.2,0.2,0.0,1.0,51,28.8,24.8,2023-07-23,1,40,18.511111111111113
0.0,0.0,0.0,0.0,1,26.0,22.7,2023-07-24,1,63,30.425087108013937
0.0,0.0,0.0,0.0,0,27.0,11.3,2023-07-25,11,65,42.40909090909091
0.0,0.0,0.0,0.0,0,30.6,17.1,2023-07-26,1,60,30.294545454545453
0.6,0.6,0.0,3.0,51,25.4,33.6,2023-07-27,1,69,34.29616724738676
0.0,0.0,0.0,0.0,1,22.4,21.2,2023-07-28,1,65,31.03125
0.0,0.0,0.0,0.0,0,22.9,24.0,2023-07-29,1,47,25.57913669064748
0.0,0.0,0.0,0.0,1,23.5,24.2,2023-07-30,1,40,18.261324041811847
0.0,0.0,0.0,0.0,3,23.8,27.7,2023-07-31,1,60,27.36630036630037
0.6,0.6,0.0,5.0,51,24.7,21.0,2023-08-01,1,67,30.558718861209965
0.0,0.0,0.0,0.0,3,25.5,13.8,2023-08-02,1,69,30.55749128919861
0.0,0.0,0.0,0.0,3,29.0,20.0,2023-08-03,1,65,30.67832167832168
0.0,0.0,0.0,0.0,0,29.3,28.3,2023-08-04,1,62,30.986062717770036
0.0,0.0,0.0,0.0,3,27.2,19.4,2023-08-05,1,44,24.027972027972027
0.0,0.0,0.0,0.0,2,28.2,33.8,2023-08-06,2,38,23.364102564102563
0.0,0.0,0.0,0.0,2,27.3,20.4,2023-08-07,1,67,33.797356828193834
0.0,0.0,0.0,0.0,2,25.0,31.9,2023-08-08,1,65,29.27046263345196
0.0,0.0,0.0,0.0,3,23.4,32.4,2023-08-09,1,71,30.034965034965037
1.6,1.6,0.0,3.0,53,24.2,19.4,2023-08-10,1,63,30.822916666666664
1.5,1.5,0.0,8.0,53,23.1,24.3,2023-08-11,1,62,31.506993006993007
0.0,0.0,0.0,0.0,1,24.4,31.3,2023-08-12,1,47,24.649122807017545
0.3,0.3,0.0,2.0,51,25.0,38.7,2023-08-13,1,40,17.83275261324042
0.4,0.4,0.0,4.0,51,25.8,34.7,2023-08-14,1,67,28.73776223776224
0.1,0.1,0.0,1.0,51,26.4,17.5,2023-08-15,1,63,29.207142857142856
0.0,0.0,0.0,0.0,3,25.8,32.7,2023-08-16,1,67,30.174545454545452
0.0,0.0,0.0,0.0,2,26.1,32.4,2023-08-17,1,67,29.797909407665504
0.0,0.0,0.0,0.0,3,26.3,35.1,2023-08-18,1,67,30.496503496503497
0.0,0.0,0.0,0.0,2,25.7,37.4,2023-08-19,1,53,26.765734265734263
0.0,0.0,0.0,0.0,3,25.9,27.0,2023-08-20,1,40,21.819230769230767
0.0,0.0,0.0,0.0,3,26.3,23.8,2023-08-21,1,65,29.625441696113075
0.0,0.0,0.0,0.0,0,26.8,27.0,2023-08-22,1,71,31.23611111111111
0.0,0.0,0.0,0.0,0,26.2,30.0,2023-08-23,1,67,31.674825174825173
0.0,0.0,0.0,0.0,1,26.2,26.6,2023-08-24,1,65,28.735042735042732
0.0,0.0,0.0,0.0,1,26.0,29.1,2023-08-25,1,69,32.204861111111114
0.0,0.0,0.0,0.0,0,26.2,32.9,2023-08-26,1,51,26.934027777777775
0.0,0.0,0.0,0.0,3,25.5,30.5,2023-08-27,1,45,19.675958188153313
0.0,0.0,0.0,0.0,3,25.3,24.2,2023-08-28,1,62,28.881944444444443
0.0,0.0,0.0,0.0,0,25.7,22.8,2023-08-29,1,72,34.05208333333333
0.0,0.0,0.0,0.0,0,26.4,16.3,2023-08-30,1,42,20.34375
0.0,0.0,0.0,0.0,3,27.3,15.7,2023-08-31,1,67,30.34494773519164
6.4,6.4,0.0,4.0,63,24.5,20.7,2023-09-01,1,65,30.791666666666664
0.4,0.4,0.0,1.0,51,25.1,28.7,2023-09-02,1,54,28.052083333333332
0.7,0.7,0.0,7.0,51,24.9,30.9,2023-09-03,1,45,22.368055555555557
0.8,0.8,0.0,2.0,53,24.2,25.3,2023-09-04,1,69,30.773519163763066
0.8,0.8,0.0,6.0,51,23.4,33.4,2023-09-05,1,71,34.43055555555556
0.1,0.1,0.0,1.0,51,24.2,33.9,2023-09-06,1,74,33.541666666666664
0.0,0.0,0.0,0.0,3,24.8,32.6,2023-09-07,1,74,35.84965034965035
0.1,0.1,0.0,1.0,51,23.8,32.8,2023-09-08,1,72,42.70666666666666
0.0,0.0,0.0,0.0,2,23.0,30.1,2023-09-09,1,63,32.19163763066202
0.0,0.0,0.0,0.0,1,22.9,31.1,2023-09-10,1,49,21.122222222222224
0.0,0.0,0.0,0.0,3,21.8,30.1,2023-09-11,1,63,28.412587412587406
0.0,0.0,0.0,0.0,1,21.6,23.3,2023-09-12,1,67,32.462406015037594
0.0,0.0,0.0,0.0,0,21.2,21.7,2023-09-13,1,67,31.395104895104893
0.0,0.0,0.0,0.0,2,21.9,21.4,2023-09-14,1,67,39.36486486486486
0.0,0.0,0.0,0.0,3,21.5,18.3,2023-09-15,1,67,31.611307420494697
0.0,0.0,0.0,0.0,3,22.1,26.6,2023-09-16,1,62,30.652777777777775
0.0,0.0,0.0,0.0,3,22.8,29.3,2023-09-17,1,49,22.602787456445995
0.0,0.0,0.0,0.0,3,21.8,31.1,2023-09-18,1,69,30.212543554006967
0.0,0.0,0.0,0.0,2,21.8,26.2,2023-09-19,1,65,31.202090592334493
0.0,0.0,0.0,0.0,3,20.4,20.2,2023-09-20,1,72,31.680701754385964
0.0,0.0,0.0,0.0,3,20.3,18.3,2023-09-21,1,69,32.44444444444444
0.0,0.0,0.0,0.0,2,21.5,12.0,2023-09-22,1,67,31.820422535211268
0.0,0.0,0.0,0.0,0,24.7,16.6,2023-09-23,8,60,45.0573476702509
0.0,0.0,0.0,0.0,0,23.3,23.7,2023-09-24,1,54,22.97435897435897
0.0,0.0,0.0,0.0,3,22.9,33.1,2023-09-25,1,72,31.052083333333332
0.0,0.0,0.0,0.0,3,22.9,33.1,2023-09-26,1,72,41.03930131004367
0.2,0.2,0.0,1.0,51,22.6,31.1,2023-09-27,1,69,33.188153310104525
13.8,13.8,0.0,14.0,63,20.9,21.4,2023-09-28,1,85,36.63194444444445
0.9,0.9,0.0,7.0,51,20.1,12.6,2023-09-29,1,69,35.066202090592334
19.7,19.7,0.0,15.0,63,19.3,12.9,2023-09-30,1,72,34.54929577464789
21.6,21.6,0.0,24.0,63,18.2,26.3,2023-10-01,1,69,30.0
3.9,3.9,0.0,12.0,53,19.0,25.7,2023-10-02,1,76,34.656140350877195
0.0,0.0,0.0,0.0,2,18.8,23.3,2023-10-03,1,71,33.24210526315789
0.0,0.0,0.0,0.0,1,17.6,15.3,2023-10-04,1,76,33.72222222222222
0.0,0.0,0.0,0.0,3,17.8,21.5,2023-10-05,1,74,33.07317073170732
0.0,0.0,0.0,0.0,3,18.8,19.2,2023-10-06,2,71,44.115942028985515
0.0,0.0,0.0,0.0,3,19.1,19.5,2023-10-07,1,63,31.430604982206404
0.0,0.0,0.0,0.0,0,18.0,19.6,2023-10-08,1,56,24.32638888888889
0.5,0.5,0.0,5.0,51,16.9,31.5,2023-10-09,1,69,30.378472222222225
0.0,0.0,0.0,0.0,3,15.6,17.6,2023-10-10,1,74,33.68402777777778
0.1,0.1,0.0,1.0,51,16.0,29.3,2023-10-11,1,74,33.23636363636364
0.0,0.0,0.0,0.0,1,17.5,20.1,2023-10-12,1,74,34.38610038610038
0.0,0.0,0.0,0.0,3,15.8,8.2,2023-10-13,1,78,34.89930555555556
0.0,0.0,0.0,0.0,3,17.4,18.3,2023-10-14,1,69,27.77092511013216
0.1,0.1,0.0,1.0,51,16.6,11.8,2023-10-15,1,54,23.508896797153024
4.1,4.1,0.0,11.0,53,16.1,30.0,2023-10-16,1,83,36.0985401459854
0.0,0.0,0.0,0.0,3,15.5,23.5,2023-10-17,1,72,33.325
12.4,12.4,0.0,21.0,61,14.8,22.2,2023-10-18,1,81,36.62633451957295
0.3,0.3,0.0,3.0,51,15.5,17.1,2023-10-19,1,78,33.34146341463414
0.0,0.0,0.0,0.0,0,18.3,27.1,2023-10-20,1,72,33.76491228070176
0.0,0.0,0.0,0.0,0,20.3,20.1,2023-10-21,1,65,30.604166666666664
0.0,0.0,0.0,0.0,3,19.3,11.2,2023-10-22,1,56,24.13240418118467
0.0,0.0,0.0,0.0,3,19.4,10.8,2023-10-23,1,69,30.59649122807017
0.0,0.0,0.0,0.0,3,18.6,11.5,2023-10-24,1,81,36.62152777777778
0.0,0.0,0.0,0.0,3,19.0,24.7,2023-10-25,1,74,33.52797202797203
0.0,0.0,0.0,0.0,3,22.1,29.6,2023-10-26,1,80,36.01052631578948
0.0,0.0,0.0,0.0,3,21.5,30.1,2023-10-27,1,76,34.1013986013986
0.0,0.0,0.0,0.0,3,22.0,32.0,2023-10-28,1,62,27.90625
0.4,0.4,0.0,2.0,51,19.8,16.1,2023-10-29,1,49,20.801393728223
0.0,0.0,0.0,0.0,3,19.5,21.9,2023-10-30,1,74,29.853658536585364
0.1,0.1,0.0,1.0,51,18.2,13.7,2023-10-31,1,74,31.310104529616723
0.0,0.0,0.0,0.0,3,19.5,18.9,2023-11-01,1,76,32.6794425087108
17.0,17.0,0.0,16.0,63,17.1,24.6,2023-11-02,1,90,37.02482269503545
0.7,0.7,0.0,5.0,51,19.7,34.0,2023-11-03,1,80,34.82867132867133
1.2,1.2,0.0,1.0,55,23.0,37.0,2023-11-04,1,63,31.73263888888889
8.7,8.7,0.0,2.0,63,19.7,33.3,2023-11-05,1,53,25.270833333333332
0.4,0.4,0.0,4.0,51,20.2,34.5,2023-11-06,1,74,31.348591549295772
0.2,0.2,0.0,2.0,51,18.7,10.0,2023-11-07,1,78,34.32871972318339
0.0,0.0,0.0,0.0,3,18.1,18.5,2023-11-08,1,78,34.27598566308244
10.7,10.7,0.0,7.0,63,14.5,25.0,2023-11-09,1,81,39.69014084507042
0.0,0.0,0.0,0.0,3,14.1,15.5,2023-11-10,1,83,36.73958333333333
12.9,12.9,0.0,9.0,63,18.4,44.6,2023-11-11,1,80,36.95833333333333
0.4,0.4,0.0,2.0,51,16.2,32.8,2023-11-12,1,58,24.756944444444443
27.6,27.6,0.0,16.0,63,14.4,26.7,2023-11-13,1,83,41.13028169014085
0.0,0.0,0.0,0.0,3,12.3,13.6,2023-11-14,1,81,38.62867647058824
0.4,0.4,0.0,2.0,51,16.5,24.2,2023-11-15,1,87,38.84642857142857
33.2,33.2,0.0,13.0,63,13.0,23.5,2023-11-16,4,80,40.732394366197184
0.0,0.0,0.0,0.0,3,12.6,18.7,2023-11-17,1,78,35.64388489208633
57.6,57.6,0.0,20.0,65,11.6,34.1,2023-11-18,1,71,37.295138888888886
26.2,24.9,0.91,18.0,73,5.5,31.1,2023-11-19,1,51,22.559027777777775
3.7,3.7,0.0,5.0,61,9.3,21.0,2023-11-20,1,74,30.63859649122807
0.1,0.1,0.0,1.0,51,12.7,16.7,2023-11-21,1,80,35.83333333333333
0.0,0.0,0.0,0.0,3,15.4,21.6,2023-11-22,1,89,38.5625
4.4,4.4,0.0,12.0,53,12.6,20.8,2023-11-23,4,72,37.846689895470384
2.9,2.9,0.0,8.0,55,13.8,26.8,2023-11-24,1,80,36.066202090592334
0.2,0.2,0.0,2.0,51,16.6,38.5,2023-11-25,1,71,33.19163763066202
7.5,7.5,0.0,4.0,63,8.9,47.6,2023-11-26,1,47,18.37979094076655
0.0,0.0,0.0,0.0,3,4.3,22.7,2023-11-27,1,74,30.23611111111111
1.6,1.6,0.0,7.0,51,10.3,45.4,2023-11-28,1,89,38.84912280701754
30.6,30.6,0.0,20.0,63,14.3,52.9,2023-11-29,2,90,46.99596774193548
14.4,14.4,0.0,4.0,63,11.2,28.4,2023-11-30,2,78,40.224264705882355
0.0,0.0,0.0,0.0,3,15.6,33.3,2023-12-01,1,80,38.4251968503937
0.0,0.0,0.0,0.0,3,17.5,41.4,2023-12-02,1,71,32.34027777777778
0.0,0.0,0.0,0.0,3,18.1,40.0,2023-12-03,1,58,22.722222222222225
3.5,3.5,0.0,12.0,53,10.4,29.0,2023-12-04,1,85,41.80208333333333
0.0,0.0,0.0,0.0,3,10.3,23.0,2023-12-05,1,85,37.949640287769775
2.0,2.0,0.0,5.0,53,10.5,15.0,2023-12-06,1,80,40.21484375
4.3,4.3,0.0,17.0,53,10.4,15.4,2023-12-07,1,89,44.561151079136685
5.6,5.6,0.0,20.0,61,8.0,28.7,2023-12-08,8,85,46.68029739776952
13.0,13.0,0.0,23.0,63,6.7,30.6,2023-12-09,8,74,39.14685314685315
0.4,0.4,0.0,2.0,51,6.6,12.7,2023-12-10,1,56,21.18815331010453
0.0,0.0,0.0,0.0,3,7.8,12.7,2023-12-11,1,74,30.784722222222225
0.0,0.0,0.0,0.0,3,8.7,15.3,2023-12-12,1,76,32.96180555555556
0.0,0.0,0.0,0.0,3,9.4,12.1,2023-12-13,1,76,35.11805555555556
0.0,0.0,0.0,0.0,3,14.6,37.3,2023-12-14,1,81,35.80633802816901
7.1,7.1,0.0,7.0,61,11.8,28.0,2023-12-15,1,81,37.74021352313167
23.3,23.3,0.0,24.0,63,8.1,39.0,2023-12-16,2,74,39.070175438596486
3.3,3.3,0.0,4.0,55,6.6,30.8,2023-12-17,1,53,21.438596491228072
0.0,0.0,0.0,0.0,2,5.8,9.0,2023-12-18,1,74,32.37282229965157
0.0,0.0,0.0,0.0,3,7.3,10.7,2023-12-19,1,78,34.822916666666664
0.0,0.0,0.0,0.0,3,6.8,13.3,2023-12-20,1,83,37.1875
2.3,2.3,0.0,9.0,53,9.9,16.1,2023-12-21,1,83,40.621052631578955
9.3,9.3,0.0,13.0,63,9.7,30.0,2023-12-22,2,89,40.329861111111114
1.4,1.4,0.0,1.0,61,9.6,38.5,2023-12-23,1,67,29.95438596491228
0.8,0.8,0.0,1.0,53,11.6,28.3,2023-12-24,1,53,19.159722222222225
0.0,0.0,0.0,0.0,3,13.1,23.9,2023-12-25,1,74,30.883895131086145
0.0,0.0,0.0,0.0,0,13.2,21.3,2023-12-26,1,78,36.423611111111114
0.2,0.2,0.0,2.0,51,12.8,22.1,2023-12-27,1,80,37.52083333333333
0.0,0.0,0.0,0.0,3,9.0,10.9,2023-12-28,1,81,38.71929824561404
0.0,0.0,0.0,0.0,3,7.8,14.5,2023-12-29,1,74,36.89583333333333
0.0,0.0,0.0,0.0,3,9.2,11.5,2023-12-30,1,62,27.07638888888889
0.3,0.3,0.0,3.0,51,10.6,10.6,2023-12-31,1,40,10.868327402135233
0.0,0.0,0.0,0.0,3,11.3,20.6,2024-01-01,1,45,15.401433691756273
6.9,6.9,0.0,6.0,61,11.2,23.4,2024-01-02,1,80,32.64312267657992
2.5,2.5,0.0,5.0,53,10.9,23.4,2024-01-03,1,71,39.24870466321244
0.4,0.4,0.0,2.0,51,12.7,23.9,2024-01-04,1,76,35.051094890510946
1.4,1.4,0.0,4.0,53,10.9,28.9,2024-01-05,1,74,33.647058823529406
0.0,0.0,0.0,0.0,3,11.1,17.3,2024-01-06,1,62,27.049122807017543
3.2,3.2,0.0,2.0,61,12.6,37.7,2024-01-07,1,44,19.69485294117647
1.6,1.6,0.0,3.0,61,12.0,37.8,2024-01-08,1,78,34.31272727272727
17.7,17.6,0.07,17.0,71,4.5,33.0,2024-01-09,2,87,46.06810035842294
13.4,13.4,0.0,18.0,61,4.5,34.8,2024-01-10,8,83,42.83025830258303
0.0,0.0,0.0,0.0,3,4.2,19.0,2024-01-11,1,69,30.52650176678445
0.5,0.5,0.0,5.0,51,2.7,27.0,2024-01-12,1,83,35.08333333333333
0.0,0.0,0.0,0.0,3,1.8,24.0,2024-01-13,1,56,23.62190812720848
0.0,0.0,0.0,0.0,3,2.8,21.9,2024-01-14,1,63,18.284722222222225
0.0,0.0,0.0,0.0,3,9.2,30.3,2024-01-15,1,72,30.277777777777775
10.4,10.4,0.0,14.0,63,10.2,31.3,2024-01-16,1,80,37.37847222222222
0.0,0.0,0.0,0.0,3,7.3,13.0,2024-01-17,1,78,33.675
0.6,0.6,0.0,3.0,51,11.8,34.7,2024-01-18,1,78,36.49650349650349
10.1,10.1,0.0,6.0,63,14.3,43.1,2024-01-19,1,78,37.18181818181817
20.6,20.6,0.0,16.0,63,8.5,34.4,2024-01-20,1,76,38.805653710247356
5.0,5.0,0.0,9.0,53,5.3,33.8,2024-01-21,6,63,24.95486111111111
0.2,0.2,0.0,2.0,51,5.3,29.1,2024-01-22,2,76,34.91385767790262
0.0,0.0,0.0,0.0,2,5.2,18.1,2024-01-23,1,83,38.93333333333333
0.1,0.1,0.0,1.0,51,5.5,19.8,2024-01-24,1,89,42.261648745519715
1.3,1.3,0.0,2.0,55,6.0,24.2,2024-01-25,1,81,42.34504792332268
2.7,2.7,0.0,6.0,61,5.9,18.3,2024-01-26,1,85,40.5390625
5.0,5.0,0.0,8.0,61,5.0,19.7,2024-01-27,1,71,35.46153846153846
1.5,1.5,0.0,6.0,53,4.6,23.1,2024-01-28,1,56,26.194444444444443
4.4,4.1,0.21,19.0,71,3.5,25.3,2024-01-29,6,81,42.35087719298246
2.8,2.6,0.14,13.0,71,4.0,34.5,2024-01-30,4,76,40.79930795847751
0.3,0.3,0.0,3.0,51,5.5,31.8,2024-01-31,6,76,39.13937282229965
0.0,0.0,0.0,0.0,3,5.7,17.8,2024-02-01,1,80,36.1184668989547
0.2,0.2,0.0,2.0,51,5.0,15.9,2024-02-02,1,80,36.69444444444445
0.0,0.0,0.0,0.0,3,5.6,15.3,2024-02-03,1,69,30.543589743589745
0.3,0.3,0.0,2.0,51,7.8,22.8,2024-02-04,1,60,26.58921161825726
0.0,0.0,0.0,0.0,3,10.5,27.1,2024-02-05,1,72,31.713754646840147
0.0,0.0,0.0,0.0,2,11.8,20.3,2024-02-06,1,81,36.60701754385965
0.0,0.0,0.0,0.0,3,12.6,27.8,2024-02-07,1,78,35.42508710801393
0.4,0.4,0.0,3.0,51,13.6,28.0,2024-02-08,1,72,35.25087108013937
0.0,0.0,0.0,0.0,3,12.3,23.4,2024-02-09,1,78,36.729166666666664
0.0,0.0,0.0,0.0,3,13.6,31.9,2024-02-10,1,67,32.818815331010455
0.0,0.0,0.0,0.0,3,14.5,33.1,2024-02-11,1,53,21.965277777777775
3.4,3.4,0.0,11.0,53,13.5,21.2,2024-02-12,1,81,34.729166666666664
3.4,3.4,0.0,7.0,55,10.5,18.6,2024-02-13,1,74,36.540069686411144
0.7,0.7,0.0,5.0,51,7.9,27.5,2024-02-14,1,85,39.59375
13.9,13.9,0.0,22.0,61,6.9,27.0,2024-02-15,9,87,46.27526132404181
6.2,6.2,0.0,14.0,61,7.2,18.9,2024-02-16,6,72,39.83333333333333
0.2,0.2,0.0,2.0,51,6.8,20.6,2024-02-17,2,67,33.25524475524475
0.0,0.0,0.0,0.0,3,6.1,14.8,2024-02-18,1,49,19.274305555555557
0.0,0.0,0.0,0.0,3,6.3,16.3,2024-02-19,1,71,30.624561403508768
0.0,0.0,0.0,0.0,2,5.6,16.4,2024-02-20,1,74,35.36458333333333
0.0,0.0,0.0,0.0,3,5.8,12.5,2024-02-21,1,72,36.62369337979094
0.0,0.0,0.0,0.0,3,6.6,10.2,2024-02-22,1,76,36.30069930069929
0.0,0.0,0.0,0.0,3,9.5,18.5,2024-02-23,1,74,34.91166077738516
0.0,0.0,0.0,0.0,0,12.4,20.0,2024-02-24,1,69,34.03272727272727
0.0,0.0,0.0,0.0,3,12.5,12.5,2024-02-25,1,54,23.968641114982574
0.0,0.0,0.0,0.0,3,11.3,16.3,2024-02-26,1,72,32.28125
0.0,0.0,0.0,0.0,3,9.0,16.6,2024-02-27,1,76,35.13194444444444
0.0,0.0,0.0,0.0,3,8.7,15.3,2024-02-28,1,72,34.74086378737541
0.0,0.0,0.0,0.0,3,9.4,19.5,2024-02-29,1,78,36.477351916376314
0.0,0.0,0.0,0.0,3,9.6,19.2,2024-03-01,1,74,35.53521126760564
0.0,0.0,0.0,0.0,3,9.3,14.6,2024-03-02,1,67,31.90625
0.6,0.6,0.0,3.0,51,8.1,14.1,2024-03-03,1,65,22.729166666666664
0.0,0.0,0.0,0.0,3,8.5,10.4,2024-03-04,1,71,33.041666666666664
1.9,1.9,0.0,6.0,55,10.0,13.3,2024-03-05,1,85,38.763888888888886
1.7,1.7,0.0,8.0,53,8.2,18.1,2024-03-06,1,80,38.59375
0.0,0.0,0.0,0.0,3,7.2,16.1,2024-03-07,1,81,39.107638888888886
16.1,16.1,0.0,22.0,61,6.5,18.6,2024-03-08,1,90,48.375
2.8,2.8,0.0,9.0,53,6.4,15.6,2024-03-09,1,72,33.58680555555556
0.0,0.0,0.0,0.0,3,6.1,13.3,2024-03-10,1,54,21.090592334494772
0.0,0.0,0.0,0.0,3,10.6,12.2,2024-03-11,1,74,26.717770034843205
4.8,4.8,0.0,6.0,61,12.7,17.7,2024-03-12,1,83,33.611111111111114
9.1,9.1,0.0,10.0,61,11.3,23.8,2024-03-13,1,71,30.072916666666664
1.6,1.6,0.0,5.0,53,9.7,15.0,2024-03-14,1,76,29.649305555555557
5.9,5.9,0.0,13.0,61,8.0,16.8,2024-03-15,6,72,32.329861111111114
0.3,0.3,0.0,3.0,51,7.4,13.7,2024-03-16,1,58,21.121951219512194
0.0,0.0,0.0,0.0,3,8.0,16.2,2024-03-17,1,40,13.689795918367347
0.0,0.0,0.0,0.0,2,7.8,12.7,2024-03-18,1,78,28.20486111111111
0.1,0.1,0.0,1.0,51,9.9,21.2,2024-03-19,1,80,30.28125
6.1,6.1,0.0,15.0,61,6.4,26.6,2024-03-20,2,81,36.90972222222222
0.4,0.4,0.0,2.0,51,5.8,14.1,2024-03-21,1,85,32.98601398601399
3.4,3.3,0.07,9.0,71,5.9,22.5,2024-03-22,1,76,32.135416666666664
0.0,0.0,0.0,0.0,3,6.7,13.1,2024-03-23,1,71,26.340277777777775
0.0,0.0,0.0,0.0,3,9.2,19.7,2024-03-24,1,53,18.027777777777775
8.7,8.7,0.0,9.0,63,10.4,34.7,2024-03-25,1,83,33.95422535211268
0.0,0.0,0.0,0.0,3,9.8,17.1,2024-03-26,1,78,31.246527777777775
6.2,6.2,0.0,8.0,63,14.2,15.0,2024-03-27,1,62,27.709923664122137
1.3,1.3,0.0,2.0,55,16.2,23.0,2024-03-28,8,81,42.074866310160424
0.0,0.0,0.0,0.0,1,14.5,14.2,2024-03-29,1,81,33.85664335664336
0.0,0.0,0.0,0.0,3,16.6,10.7,2024-03-30,1,63,26.102112676056336
0.0,0.0,0.0,0.0,3,15.9,14.1,2024-03-31,1,56,10.610714285714284
0.0,0.0,0.0,0.0,3,16.5,15.0,2024-04-01,1,80,28.63888888888889
0.0,0.0,0.0,0.0,3,17.6,16.6,2024-04-02,1,83,32.3125
0.0,0.0,0.0,0.0,3,15.3,22.3,2024-04-03,1,80,34.512195121951216
0.0,0.0,0.0,0.0,3,14.1,16.4,2024-04-04,1,80,37.68214285714286
0.0,0.0,0.0,0.0,3,13.0,10.6,2024-04-05,1,78,36.40209790209791
0.0,0.0,0.0,0.0,3,14.0,12.5,2024-04-06,1,62,25.377622377622377
1.3,1.3,0.0,6.0,51,12.4,22.8,2024-04-07,1,29,11.625
0.0,0.0,0.0,0.0,0,12.5,26.1,2024-04-08,1,60,16.829268292682926
0.0,0.0,0.0,0.0,0,13.0,20.6,2024-04-09,1,40,11.297491039426523
0.0,0.0,0.0,0.0,3,13.1,20.0,2024-04-10,1,67,32.021428571428565
0.0,0.0,0.0,0.0,3,14.0,19.8,2024-04-11,1,71,33.69444444444444
0.0,0.0,0.0,0.0,0,15.2,19.9,2024-04-12,1,53,24.84375
0.0,0.0,0.0,0.0,3,15.4,19.2,2024-04-13,1,44,20.15625
0.0,0.0,0.0,0.0,1,16.0,11.4,2024-04-14,1,35,14.222222222222221
0.0,0.0,0.0,0.0,3,17.2,11.8,2024-04-15,1,60,25.473867595818813
0.0,0.0,0.0,0.0,3,19.9,19.6,2024-04-16,1,63,32.479166666666664
0.4,0.4,0.0,2.0,51,20.4,30.7,2024-04-17,1,69,34.49652777777778
0.6,0.6,0.0,3.0,51,16.5,28.7,2024-04-18,1,71,34.80208333333333
4.9,4.9,0.0,17.0,53,13.1,22.7,2024-04-19,2,83,43.07719298245615
31.9,31.9,0.0,22.0,63,12.5,32.3,2024-04-20,1,71,37.40277777777778
0.0,0.0,0.0,0.0,3,12.9,18.8,2024-04-21,1,51,21.822916666666664
2.3,2.3,0.0,3.0,61,15.7,25.3,2024-04-22,1,62,30.269230769230766
0.4,0.4,0.0,2.0,51,16.4,23.9,2024-04-23,1,49,20.097222222222225
0.0,0.0,0.0,0.0,3,20.5,26.3,2024-04-24,1,69,34.13240418118467
0.4,0.4,0.0,4.0,51,18.4,11.2,2024-04-25,1,72,35.36140350877193
1.4,1.4,0.0,7.0,51,15.7,16.3,2024-04-26,1,71,35.8448275862069
0.0,0.0,0.0,0.0,3,14.2,31.4,2024-04-27,1,71,33.02430555555556
22.6,22.6,0.0,7.0,65,14.5,25.0,2024-04-28,1,58,26.062717770034844
0.6,0.6,0.0,4.0,51,14.1,21.1,2024-04-29,1,71,33.1184668989547
0.7,0.7,0.0,6.0,51,14.7,24.1,2024-04-30,1,76,38.1958041958042
15.1,15.1,0.0,14.0,65,14.0,25.0,2024-05-01,2,44,20.76736111111111
0.4,0.4,0.0,3.0,51,13.7,16.0,2024-05-02,1,76,34.826388888888886
3.6,3.6,0.0,7.0,55,14.5,15.4,2024-05-03,1,81,37.80968858131488
1.8,1.8,0.0,8.0,53,13.9,16.8,2024-05-04,6,65,32.835087719298244
6.8,6.8,0.0,3.0,63,13.4,27.1,2024-05-05,1,58,24.566433566433567
0.0,0.0,0.0,0.0,0,12.3,10.5,2024-05-06,1,67,33.11149825783972
0.0,0.0,0.0,0.0,1,15.2,10.9,2024-05-07,1,72,35.6875
0.0,0.0,0.0,0.0,3,17.7,21.4,2024-05-08,1,72,35.3125
0.0,0.0,0.0,0.0,3,15.7,23.1,2024-05-09,1,76,36.487804878048784
19.8,19.8,0.0,12.0,63,14.9,38.4,2024-05-10,1,69,37.20833333333333
10.2,10.2,0.0,12.0,63,13.9,34.6,2024-05-11,1,71,33.9859649122807
0.1,0.1,0.0,1.0,51,13.9,19.4,2024-05-12,1,67,29.090592334494772
5.6,5.6,0.0,6.0,61,12.8,27.2,2024-05-13,1,74,33.42708333333333
0.0,0.0,0.0,0.0,3,12.2,17.3,2024-05-14,1,67,33.44097222222222
0.0,0.0,0.0,0.0,3,13.3,21.1,2024-05-15,1,72,33.84375
0.2,0.2,0.0,1.0,51,14.2,20.0,2024-05-16,1,72,33.83680555555556
4.4,4.4,0.0,7.0,61,15.4,24.5,2024-05-17,1,71,31.67816091954023
0.0,0.0,0.0,0.0,3,16.6,15.6,2024-05-18,1,67,33.75347222222222
2.3,2.3,0.0,2.0,61,15.7,26.2,2024-05-19,1,56,21.416666666666664
0.0,0.0,0.0,0.0,3,16.4,20.2,2024-05-20,1,67,30.871527777777775
0.0,0.0,0.0,0.0,3,16.7,18.4,2024-05-21,1,69,34.122807017543856
0.0,0.0,0.0,0.0,1,18.2,18.4,2024-05-22,1,71,34.77430555555556
3.6,3.6,0.0,5.0,61,16.9,20.5,2024-05-23,1,78,36.55902777777778
7.7,7.7,0.0,11.0,61,17.3,17.7,2024-05-24,8,69,37.770034843205565
0.0,0.0,0.0,0.0,3,17.7,24.5,2024-05-25,1,69,35.34859154929577
0.0,0.0,0.0,0.0,3,17.2,30.1,2024-05-26,1,54,25.354166666666664
0.7,0.7,0.0,5.0,51,16.3,19.2,2024-05-27,1,71,32.90277777777778
1.9,1.9,0.0,9.0,51,16.1,10.0,2024-05-28,1,67,33.37152777777778
0.0,0.0,0.0,0.0,3,18.1,9.9,2024-05-29,1,72,35.17894736842105
0.0,0.0,0.0,0.0,1,19.8,13.8,2024-05-30,1,74,36.74652777777778
0.0,0.0,0.0,0.0,1,21.6,12.2,2024-05-31,1,69,36.017361111111114
0.0,0.0,0.0,0.0,3,23.0,12.7,2024-06-01,1,67,34.21830985915493
0.0,0.0,0.0,0.0,3,24.6,14.3,2024-06-02,1,49,25.03135888501742
0.0,0.0,0.0,0.0,3,26.0,18.1,2024-06-03,1,71,35.751748251748246
0.0,0.0,0.0,0.0,3,26.2,13.6,2024-06-04,1,71,38.21527777777778
0.0,0.0,0.0,0.0,2,25.2,19.4,2024-06-05,1,76,39.96193771626297
0.0,0.0,0.0,0.0,3,24.1,24.2,2024-06-06,1,74,41.25
0.0,0.0,0.0,0.0,3,23.8,23.5,2024-06-07,1,72,40.43356643356643
0.0,0.0,0.0,0.0,3,23.2,25.3,2024-06-08,1,71,34.05902777777778
0.0,0.0,0.0,0.0,0,23.6,22.7,2024-06-09,1,49,24.739583333333332
0.0,0.0,0.0,0.0,2,25.0,15.5,2024-06-10,1,71,36.86013986013985
0.0,0.0,0.0,0.0,3,27.8,13.0,2024-06-11,1,74,39.5609756097561
0.0,0.0,0.0,0.0,2,27.8,21.5,2024-06-12,1,74,41.02439024390244
0.0,0.0,0.0,0.0,3,28.2,18.6,2024-06-13,1,78,42.86458333333333
9.4,9.4,0.0,7.0,63,25.3,35.8,2024-06-14,1,62,37.61672473867596
0.2,0.2,0.0,2.0,51,21.8,17.0,2024-06-15,1,35,17.354166666666664
0.0,0.0,0.0,0.0,1,22.6,19.6,2024-06-16,1,38,17.868055555555557
0.0,0.0,0.0,0.0,0,23.8,20.1,2024-06-17,1,38,18.069930069930066
0.0,0.0,0.0,0.0,0,24.1,31.1,2024-06-18,1,27,11.993055555555555
0.0,0.0,0.0,0.0,0,24.2,29.6,2024-06-19,1,27,11.442508710801391
0.0,0.0,0.0,0.0,0,24.3,27.4,2024-06-20,1,24,10.809027777777777
0.0,0.0,0.0,0.0,2,24.5,30.0,2024-06-21,1,58,11.951388888888888
0.0,0.0,0.0,0.0,1,23.5,31.7,2024-06-22,1,62,13.642361111111112
0.0,0.0,0.0,0.0,0,23.5,32.8,2024-06-23,1,26,11.086805555555555
0.0,0.0,0.0,0.0,3,23.8,25.5,2024-06-24,1,65,25.184027777777775
0.0,0.0,0.0,0.0,2,24.1,29.4,2024-06-25,1,67,31.874564459930316
0.0,0.0,0.0,0.0,1,23.6,27.6,2024-06-26,1,69,32.13937282229965
0.0,0.0,0.0,0.0,0,23.3,29.5,2024-06-27,1,67,35.05614035087719
0.0,0.0,0.0,0.0,3,23.7,34.6,2024-06-28,1,71,35.86594202898551
0.0,0.0,0.0,0.0,1,24.1,32.1,2024-06-29,1,72,34.35034013605442
0.0,0.0,0.0,0.0,0,24.8,24.3,2024-06-30,1,69,21.565972222222225
0.0,0.0,0.0,0.0,3,24.4,25.5,2024-07-01,1,69,34.87328767123288
0.0,0.0,0.0,0.0,3,26.3,16.9,2024-07-02,1,69,33.50519031141869
0.0,0.0,0.0,0.0,2,25.1,26.5,2024-07-03,1,71,34.91319444444444
5.2,5.2,0.0,8.0,63,24.0,20.2,2024-07-04,1,76,37.267361111111114
2.6,2.6,0.0,3.0,61,22.7,21.3,2024-07-05,1,71,34.61805555555556
1.0,1.0,0.0,4.0,51,23.8,32.2,2024-07-06,1,56,26.565972222222225
0.0,0.0,0.0,0.0,0,25.2,27.7,2024-07-07,1,42,21.041666666666664
0.0,0.0,0.0,0.0,1,25.7,25.9,2024-07-08,1,62,31.374125874125877
0.0,0.0,0.0,0.0,0,26.9,26.6,2024-07-09,1,69,32.27430555555556
0.0,0.0,0.0,0.0,3,27.6,27.8,2024-07-10,1,67,33.745644599303134
13.3,13.3,0.0,13.0,63,24.7,25.0,2024-07-11,1,67,34.404181184668985
3.3,3.3,0.0,7.0,55,26.1,25.5,2024-07-12,1,65,34.52083333333333
0.0,0.0,0.0,0.0,2,26.6,27.3,2024-07-13,1,47,26.75
0.0,0.0,0.0,0.0,0,26.7,23.3,2024-07-14,1,38,16.765734265734263
0.0,0.0,0.0,0.0,1,26.7,26.2,2024-07-15,1,33,17.121951219512194
0.0,0.0,0.0,0.0,3,27.6,26.9,2024-07-16,1,69,30.354166666666664
0.9,0.9,0.0,1.0,53,28.8,23.5,2024-07-17,1,67,31.20701754385965
0.0,0.0,0.0,0.0,3,28.8,24.5,2024-07-18,1,67,32.77700348432056
0.0,0.0,0.0,0.0,2,28.5,28.1,2024-07-19,1,69,33.90559440559441
0.4,0.4,0.0,4.0,51,28.3,26.5,2024-07-20,1,51,26.809027777777775
0.0,0.0,0.0,0.0,0,28.0,24.5,2024-07-21,1,42,18.864285714285717
0.0,0.0,0.0,0.0,2,28.3,22.2,2024-07-22,1,65,31.11111111111111
0.9,0.9,0.0,2.0,53,27.1,25.9,2024-07-23,1,69,32.53472222222222
0.7,0.7,0.0,2.0,53,26.4,25.8,2024-07-24,1,67,32.71232876712329
0.6,0.6,0.0,3.0,51,26.6,26.9,2024-07-25,1,71,34.11418685121107
2.5,2.5,0.0,9.0,53,23.6,26.2,2024-07-26,1,65,33.66901408450704
1.7,1.7,0.0,8.0,51,23.9,22.9,2024-07-27,1,51,28.27177700348432
0.1,0.1,0.0,1.0,51,25.6,28.9,2024-07-28,1,44,20.034843205574912
0.0,0.0,0.0,0.0,0,26.8,29.2,2024-07-29,1,67,30.698961937716263
3.3,3.3,0.0,7.0,61,25.5,31.3,2024-07-30,1,69,34.96283783783784
0.0,0.0,0.0,0.0,1,24.5,27.0,2024-07-31,1,71,32.96875
0.0,0.0,0.0,0.0,1,24.1,25.0,2024-08-01,1,69,33.33797909407665
0.0,0.0,0.0,0.0,0,24.6,22.2,2024-08-02,1,65,31.979166666666664
0.0,0.0,0.0,0.0,0,25.8,11.0,2024-08-03,1,53,26.105263157894736
0.0,0.0,0.0,0.0,2,26.6,19.5,2024-08-04,1,38,18.28125
0.2,0.2,0.0,2.0,51,24.9,23.3,2024-08-05,1,63,29.5
0.0,0.0,0.0,0.0,1,25.6,15.0,2024-08-06,1,65,29.60763888888889
0.4,0.4,0.0,2.0,51,23.8,22.3,2024-08-07,1,62,28.178571428571427
0.1,0.1,0.0,1.0,51,24.0,21.6,2024-08-08,1,65,37.62694300518135
0.1,0.1,0.0,1.0,51,25.6,23.8,2024-08-09,1,63,29.83127572016461
0.2,0.2,0.0,2.0,51,25.8,24.1,2024-08-10,1,53,31.015075376884425
0.0,0.0,0.0,0.0,0,26.3,26.6,2024-08-11,1,40,20.672727272727272
0.0,0.0,0.0,0.0,1,26.1,27.1,2024-08-12,1,63,29.003484320557487
0.0,0.0,0.0,0.0,0,26.4,26.3,2024-08-13,1,69,30.79861111111111
0.0,0.0,0.0,0.0,0,27.2,34.4,2024-08-14,1,67,30.569444444444443
0.0,0.0,0.0,0.0,0,25.9,27.8,2024-08-15,1,72,34.50349650349651
0.0,0.0,0.0,0.0,1,24.9,30.4,2024-08-16,1,67,31.807017543859647
0.0,0.0,0.0,0.0,1,25.2,29.9,2024-08-17,1,54,27.578397212543557
0.0,0.0,0.0,0.0,3,25.0,24.3,2024-08-18,1,40,20.309027777777775
1.2,1.2,0.0,5.0,53,24.5,17.7,2024-08-19,1,63,30.75261324041812
0.0,0.0,0.0,0.0,0,24.2,19.2,2024-08-20,1,65,31.54513888888889
1.3,1.3,0.0,4.0,53,24.1,18.7,2024-08-21,1,65,32.39583333333333
0.0,0.0,0.0,0.0,1,25.4,19.6,2024-08-22,1,67,32.20629370629371
0.0,0.0,0.0,0.0,0,25.7,23.4,2024-08-23,1,65,32.62717770034843
0.0,0.0,0.0,0.0,1,25.9,24.2,2024-08-24,1,53,27.574912891986063
0.0,0.0,0.0,0.0,3,25.2,26.8,2024-08-25,1,40,20.045296167247383
0.1,0.1,0.0,1.0,51,25.9,26.6,2024-08-26,1,65,29.149825783972123
1.7,1.7,0.0,4.0,61,24.8,24.1,2024-08-27,1,69,33.40559440559441
0.0,0.0,0.0,0.0,3,24.0,17.4,2024-08-28,1,67,32.15625
4.7,4.7,0.0,7.0,61,23.8,17.5,2024-08-29,1,72,35.142857142857146
3.3,3.3,0.0,9.0,53,22.9,18.7,2024-08-30,1,62,23.662020905923345
0.7,0.7,0.0,4.0,51,23.4,14.3,2024-08-31,1,51,23.555555555555557
4.6,4.6,0.0,10.0,61,23.2,17.9,2024-09-01,1,42,21.90592334494773
20.2,20.2,0.0,13.0,63,22.0,14.8,2024-09-02,1,69,31.36013986013986
1.6,1.6,0.0,10.0,51,23.6,11.0,2024-09-03,1,72,34.24390243902439
0.5,0.5,0.0,2.0,51,24.2,25.1,2024-09-04,1,72,35.13937282229965
0.0,0.0,0.0,0.0,0,23.6,16.1,2024-09-05,1,76,37.32068965517241
0.0,0.0,0.0,0.0,2,23.2,17.4,2024-09-06,1,72,36.48096885813149
1.1,1.1,0.0,5.0,51,22.6,17.8,2024-09-07,1,63,33.510416666666664
2.2,2.2,0.0,13.0,51,21.7,25.7,2024-09-08,2,47,26.602787456445995
1.7,1.7,0.0,5.0,53,22.3,18.6,2024-09-09,1,63,31.725694444444443
0.2,0.2,0.0,1.0,51,24.0,17.1,2024-09-10,1,69,33.657534246575345
0.4,0.4,0.0,2.0,51,23.6,16.4,2024-09-11,1,69,35.60481099656357
0.9,0.9,0.0,7.0,51,23.9,18.8,2024-09-12,1,72,36.266435986159166
0.0,0.0,0.0,0.0,2,24.8,13.5,2024-09-13,1,72,35.40972222222222
0.0,0.0,0.0,0.0,2,26.4,24.0,2024-09-14,1,65,34.75694444444444
4.7,4.7,0.0,7.0,63,21.9,21.8,2024-09-15,1,65,26.88888888888889
0.9,0.9,0.0,5.0,53,20.1,18.1,2024-09-16,1,72,33.52430555555556
3.1,3.1,0.0,6.0,61,20.1,20.7,2024-09-17,1,78,37.404181184668985
3.4,3.4,0.0,12.0,55,20.1,22.3,2024-09-18,1,72,34.204861111111114
0.4,0.4,0.0,3.0,51,19.9,22.5,2024-09-19,1,72,35.05902777777778
2.6,2.6,0.0,8.0,55,19.6,21.0,2024-09-20,1,74,37.0383275261324
7.0,7.0,0.0,10.0,63,19.3,22.4,2024-09-21,1,63,33.958188153310104
1.6,1.6,0.0,7.0,53,20.2,27.3,2024-09-22,1,56,25.51736111111111
1.0,1.0,0.0,5.0,51,19.1,17.3,2024-09-23,1,74,33.43402777777778
0.1,0.1,0.0,1.0,51,19.9,11.7,2024-09-24,1,72,34.22727272727273
0.0,0.0,0.0,0.0,2,20.8,18.7,2024-09-25,1,74,35.642361111111114
0.0,0.0,0.0,0.0,3,20.9,19.1,2024-09-26,1,80,36.404181184668985
0.0,0.0,0.0,0.0,3,21.2,18.7,2024-09-27,1,74,36.21180555555556
0.0,0.0,0.0,0.0,3,22.2,17.8,2024-09-28,1,71,36.04577464788732
1.8,1.8,0.0,1.0,61,22.1,15.4,2024-09-29,1,58,28.690972222222225
34.0,34.0,0.0,14.0,65,16.8,27.6,2024-09-30,4,71,38.10320284697509
0.4,0.4,0.0,4.0,51,16.0,19.1,2024-10-01,1,74,34.6875
0.2,0.2,0.0,1.0,51,17.6,14.7,2024-10-02,1,71,34.02491103202847
0.0,0.0,0.0,0.0,3,18.2,9.9,2024-10-03,1,76,35.35664335664336
0.0,0.0,0.0,0.0,0,21.3,16.0,2024-10-04,1,72,36.13235294117647
0.0,0.0,0.0,0.0,3,24.1,10.1,2024-10-05,1,67,35.41549295774648
0.1,0.1,0.0,1.0,51,22.2,15.4,2024-10-06,1,58,27.277777777777775
1.3,1.3,0.0,7.0,51,19.1,20.3,2024-10-07,2,71,35.536585365853654
0.0,0.0,0.0,0.0,3,18.4,19.5,2024-10-08,1,80,37.63028169014085
0.5,0.5,0.0,1.0,53,19.0,19.2,2024-10-09,1,78,36.54895104895105
0.3,0.3,0.0,2.0,51,21.2,17.4,2024-10-10,1,80,38.14685314685315
0.0,0.0,0.0,0.0,3,22.5,20.5,2024-10-11,1,80,37.27208480565371
2.3,2.3,0.0,10.0,53,19.6,22.7,2024-10-12,1,83,37.55434782608696
0.0,0.0,0.0,0.0,3,16.6,16.7,2024-10-13,1,58,25.503472222222225
0.0,0.0,0.0,0.0,3,15.9,14.1,2024-10-14,1,72,32.71875
0.0,0.0,0.0,0.0,3,16.3,20.1,2024-10-15,1,78,37.12891986062718
0.8,0.8,0.0,8.0,51,14.9,28.5,2024-10-16,1,80,38.5583038869258
1.6,1.6,0.0,11.0,53,13.3,28.6,2024-10-17,1,80,40.65277777777778
1.2,1.2,0.0,6.0,53,12.5,22.4,2024-10-18,1,9,2.2333333333333334
