latitude,longitude,elevation,utc_offset_seconds,timezone,timezone_abbreviation
41.01933,29.015692,36.0,10800,Europe/Istanbul,GMT+3
time,precipitation_sum (mm),rain_sum (mm),snowfall_sum (cm),precipitation_hours (h),weather_code (wmo code),temperature_2m_mean (°C),wind_speed_10m_max (km/h)
2018-01-01,0.00,0.00,0.00,0.0,1,7.0,19.6
2018-01-02,0.10,0.10,0.00,1.0,51,8.7,20.9
2018-01-03,10.70,10.70,0.00,14.0,63,8.9,9.4
2018-01-04,2.40,2.40,0.00,9.0,55,8.1,14.0
2018-01-05,1.30,1.30,0.00,5.0,53,7.8,16.6
2018-01-06,0.00,0.00,0.00,0.0,3,6.4,12.0
2018-01-07,0.00,0.00,0.00,0.0,1,7.7,16.3
2018-01-08,0.00,0.00,0.00,0.0,3,9.5,10.5
2018-01-09,0.10,0.10,0.00,1.0,51,8.4,17.6
2018-01-10,0.00,0.00,0.00,0.0,3,8.7,21.6
2018-01-11,1.40,1.40,0.00,7.0,51,8.4,16.1
2018-01-12,5.40,5.40,0.00,21.0,53,8.3,19.1
2018-01-13,3.20,3.20,0.00,13.0,55,7.2,35.7
2018-01-14,2.30,2.30,0.00,10.0,51,4.6,36.2
2018-01-15,0.00,0.00,0.00,0.0,3,3.4,14.3
2018-01-16,6.70,6.70,0.00,10.0,61,6.0,19.0
2018-01-17,4.00,4.00,0.00,13.0,53,10.2,28.3
2018-01-18,11.60,11.60,0.00,19.0,61,6.8,33.7
2018-01-19,0.00,0.00,0.00,0.0,3,5.1,23.6
2018-01-20,0.20,0.20,0.00,1.0,51,8.6,32.1
2018-01-21,12.30,12.30,0.00,15.0,63,9.2,36.3
2018-01-22,11.40,11.40,0.00,22.0,61,7.6,33.9
2018-01-23,4.60,4.60,0.00,13.0,55,3.9,37.5
2018-01-24,2.60,1.60,0.70,13.0,73,2.7,35.3
2018-01-25,0.00,0.00,0.00,0.0,3,2.8,32.1
2018-01-26,0.00,0.00,0.00,0.0,3,2.7,23.3
2018-01-27,0.00,0.00,0.00,0.0,3,2.7,13.8
2018-01-28,0.00,0.00,0.00,0.0,3,3.7,11.6
2018-01-29,0.00,0.00,0.00,0.0,3,3.9,16.8
2018-01-30,0.00,0.00,0.00,0.0,1,7.0,19.1
2018-01-31,0.00,0.00,0.00,0.0,2,6.5,12.8
2018-02-01,0.00,0.00,0.00,0.0,2,8.0,28.4
2018-02-02,0.00,0.00,0.00,0.0,3,11.6,32.9
2018-02-03,0.30,0.30,0.00,2.0,51,12.8,41.0
2018-02-04,16.90,16.90,0.00,6.0,63,12.6,43.5
2018-02-05,3.00,3.00,0.00,2.0,61,6.9,18.4
2018-02-06,0.00,0.00,0.00,0.0,3,6.5,17.4
2018-02-07,0.40,0.40,0.00,2.0,51,8.6,15.3
2018-02-08,4.80,4.80,0.00,11.0,61,10.6,23.5
2018-02-09,0.00,0.00,0.00,0.0,2,9.2,15.5
2018-02-10,4.20,4.20,0.00,7.0,61,8.1,29.5
2018-02-11,13.30,13.30,0.00,18.0,63,7.9,29.7
2018-02-12,1.20,1.20,0.00,4.0,51,4.7,17.1
2018-02-13,0.00,0.00,0.00,0.0,3,5.6,11.5
2018-02-14,3.30,3.30,0.00,6.0,55,8.9,31.9
2018-02-15,0.50,0.50,0.00,3.0,51,7.5,27.8
2018-02-16,0.20,0.20,0.00,2.0,51,7.0,29.1
2018-02-17,0.00,0.00,0.00,0.0,3,6.6,19.3
2018-02-18,0.00,0.00,0.00,0.0,3,6.3,17.9
2018-02-19,0.00,0.00,0.00,0.0,3,6.3,29.5
2018-02-20,0.20,0.20,0.00,2.0,51,6.9,28.4
2018-02-21,3.00,3.00,0.00,9.0,53,7.6,26.3
2018-02-22,0.00,0.00,0.00,0.0,3,8.6,23.7
2018-02-23,0.00,0.00,0.00,0.0,3,7.2,25.6
2018-02-24,2.80,2.80,0.00,3.0,61,6.8,24.4
2018-02-25,15.90,15.90,0.00,19.0,63,4.8,28.0
2018-02-26,3.40,3.40,0.00,4.0,61,5.6,40.7
2018-02-27,1.10,1.10,0.00,8.0,51,4.6,23.1
2018-02-28,15.20,15.20,0.00,8.0,63,3.9,30.6
2018-03-01,0.40,0.00,0.28,4.0,71,-0.0,21.3
2018-03-02,0.10,0.10,0.00,1.0,51,7.2,16.6
2018-03-03,12.90,12.90,0.00,11.0,63,11.0,34.8
2018-03-04,34.80,34.80,0.00,18.0,63,9.8,26.3
2018-03-05,0.00,0.00,0.00,0.0,3,7.2,30.7
2018-03-06,8.20,8.20,0.00,11.0,63,11.4,26.4
2018-03-07,5.90,5.90,0.00,9.0,61,14.1,30.4
2018-03-08,25.80,25.80,0.00,18.0,63,10.5,16.9
2018-03-09,0.20,0.20,0.00,2.0,51,8.7,12.9
2018-03-10,0.00,0.00,0.00,0.0,3,8.6,8.5
2018-03-11,0.00,0.00,0.00,0.0,3,9.8,12.0
2018-03-12,0.00,0.00,0.00,0.0,3,11.9,11.8
2018-03-13,3.10,3.10,0.00,8.0,55,12.7,26.6
2018-03-14,0.00,0.00,0.00,0.0,2,11.7,23.8
2018-03-15,1.20,1.20,0.00,1.0,55,10.4,14.3
2018-03-16,0.00,0.00,0.00,0.0,3,11.2,18.0
2018-03-17,0.00,0.00,0.00,0.0,3,14.8,26.1
2018-03-18,0.30,0.30,0.00,2.0,51,16.4,30.7
2018-03-19,4.20,4.20,0.00,12.0,53,9.9,25.5
2018-03-20,0.40,0.40,0.00,2.0,51,12.1,37.7
2018-03-21,0.00,0.00,0.00,0.0,3,12.5,18.9
2018-03-22,0.70,0.70,0.00,7.0,51,7.9,38.2
2018-03-23,2.20,2.20,0.00,6.0,55,9.1,31.9
2018-03-24,2.00,2.00,0.00,7.0,53,6.7,23.4
2018-03-25,7.40,7.40,0.00,8.0,63,7.6,21.1
2018-03-26,0.10,0.10,0.00,1.0,51,13.1,19.2
2018-03-27,3.10,3.10,0.00,6.0,61,12.7,22.7
2018-03-28,0.50,0.50,0.00,4.0,51,9.4,26.8
2018-03-29,6.70,6.70,0.00,16.0,53,7.1,28.2
2018-03-30,0.00,0.00,0.00,0.0,3,8.5,11.5
2018-03-31,0.00,0.00,0.00,0.0,3,12.9,12.7
2018-04-01,0.50,0.50,0.00,2.0,51,15.4,27.0
2018-04-02,10.70,10.70,0.00,9.0,63,11.2,16.7
2018-04-03,0.00,0.00,0.00,0.0,1,10.9,12.1
2018-04-04,0.00,0.00,0.00,0.0,1,11.6,10.8
2018-04-05,0.00,0.00,0.00,0.0,3,14.4,9.2
2018-04-06,0.00,0.00,0.00,0.0,3,13.8,26.2
2018-04-07,1.90,1.90,0.00,4.0,55,11.4,27.9
2018-04-08,1.50,1.50,0.00,2.0,55,11.2,32.8
2018-04-09,0.00,0.00,0.00,0.0,3,11.4,15.2
2018-04-10,0.00,0.00,0.00,0.0,3,12.9,8.0
2018-04-11,0.00,0.00,0.00,0.0,3,15.1,10.2
2018-04-12,0.10,0.10,0.00,1.0,51,16.5,20.0
2018-04-13,0.00,0.00,0.00,0.0,0,14.5,21.0
2018-04-14,0.00,0.00,0.00,0.0,3,11.9,25.8
2018-04-15,0.00,0.00,0.00,0.0,3,13.2,27.7
2018-04-16,0.00,0.00,0.00,0.0,3,13.0,27.2
2018-04-17,0.20,0.20,0.00,2.0,51,12.1,20.8
2018-04-18,0.00,0.00,0.00,0.0,3,11.9,21.7
2018-04-19,0.00,0.00,0.00,0.0,3,13.3,19.0
2018-04-20,5.80,5.80,0.00,10.0,63,12.4,27.8
2018-04-21,0.00,0.00,0.00,0.0,1,12.4,19.5
2018-04-22,0.00,0.00,0.00,0.0,0,13.1,15.0
2018-04-23,0.00,0.00,0.00,0.0,0,15.8,9.5
2018-04-24,0.00,0.00,0.00,0.0,2,17.7,8.7
2018-04-25,0.00,0.00,0.00,0.0,3,18.5,12.6
2018-04-26,0.00,0.00,0.00,0.0,1,19.7,18.4
2018-04-27,0.00,0.00,0.00,0.0,3,19.4,21.4
2018-04-28,0.00,0.00,0.00,0.0,3,16.7,29.0
2018-04-29,0.00,0.00,0.00,0.0,3,16.1,26.0
2018-04-30,0.00,0.00,0.00,0.0,3,15.2,18.3
2018-05-01,0.00,0.00,0.00,0.0,3,14.5,18.6
2018-05-02,0.00,0.00,0.00,0.0,3,15.0,18.3
2018-05-03,0.00,0.00,0.00,0.0,3,16.1,25.0
2018-05-04,0.00,0.00,0.00,0.0,3,16.0,24.8
2018-05-05,0.10,0.10,0.00,1.0,51,15.6,23.8
2018-05-06,18.10,18.10,0.00,20.0,63,15.4,15.6
2018-05-07,14.90,14.90,0.00,19.0,63,16.1,12.9
2018-05-08,6.50,6.50,0.00,18.0,55,17.0,19.6
2018-05-09,10.10,10.10,0.00,11.0,63,16.4,15.4
2018-05-10,4.40,4.40,0.00,12.0,61,17.2,10.6
2018-05-11,11.20,11.20,0.00,13.0,63,16.2,22.9
2018-05-12,1.20,1.20,0.00,5.0,51,15.6,28.0
2018-05-13,0.00,0.00,0.00,0.0,0,14.6,11.7
2018-05-14,0.00,0.00,0.00,0.0,2,16.0,9.0
2018-05-15,0.00,0.00,0.00,0.0,2,19.8,9.7
2018-05-16,0.00,0.00,0.00,0.0,3,21.8,13.2
2018-05-17,0.20,0.20,0.00,1.0,51,22.9,16.6
2018-05-18,0.10,0.10,0.00,1.0,51,22.4,13.0
2018-05-19,0.30,0.30,0.00,2.0,51,21.7,19.1
2018-05-20,1.40,1.40,0.00,4.0,53,19.1,24.6
2018-05-21,0.00,0.00,0.00,0.0,3,18.9,25.5
2018-05-22,0.20,0.20,0.00,2.0,51,18.9,24.0
2018-05-23,0.40,0.40,0.00,3.0,51,19.3,19.0
2018-05-24,0.00,0.00,0.00,0.0,3,19.8,25.9
2018-05-25,4.20,4.20,0.00,7.0,61,19.1,26.5
2018-05-26,3.30,3.30,0.00,7.0,55,20.5,23.4
2018-05-27,5.80,5.80,0.00,7.0,61,19.0,31.1
2018-05-28,0.00,0.00,0.00,0.0,3,19.0,23.7
2018-05-29,4.80,4.80,0.00,10.0,61,18.9,26.1
2018-05-30,0.00,0.00,0.00,0.0,2,19.8,25.5
2018-05-31,0.00,0.00,0.00,0.0,3,19.3,21.7
2018-06-01,0.00,0.00,0.00,0.0,3,19.7,18.4
2018-06-02,0.10,0.10,0.00,1.0,51,19.8,25.4
2018-06-03,0.00,0.00,0.00,0.0,3,18.6,16.1
2018-06-04,0.00,0.00,0.00,0.0,3,19.8,9.8
2018-06-05,1.70,1.70,0.00,4.0,53,21.9,8.7
2018-06-06,0.00,0.00,0.00,0.0,3,23.4,9.0
2018-06-07,0.00,0.00,0.00,0.0,3,23.8,20.0
2018-06-08,0.00,0.00,0.00,0.0,3,22.9,21.0
2018-06-09,0.00,0.00,0.00,0.0,3,23.8,21.7
2018-06-10,0.00,0.00,0.00,0.0,2,22.5,31.8
2018-06-11,0.00,0.00,0.00,0.0,2,22.5,30.1
2018-06-12,0.00,0.00,0.00,0.0,0,21.9,24.4
2018-06-13,0.00,0.00,0.00,0.0,0,21.6,23.4
2018-06-14,0.00,0.00,0.00,0.0,3,22.2,17.3
2018-06-15,0.00,0.00,0.00,0.0,3,24.1,19.1
2018-06-16,10.90,10.90,0.00,5.0,63,24.3,21.0
2018-06-17,3.10,3.10,0.00,10.0,53,21.7,12.1
2018-06-18,5.00,5.00,0.00,15.0,55,21.3,16.3
2018-06-19,0.60,0.60,0.00,5.0,51,22.4,21.7
2018-06-20,1.40,1.40,0.00,6.0,53,23.2,24.1
2018-06-21,0.60,0.60,0.00,2.0,51,23.8,12.5
2018-06-22,0.30,0.30,0.00,2.0,51,22.5,12.2
2018-06-23,4.00,4.00,0.00,7.0,63,21.7,28.5
2018-06-24,0.00,0.00,0.00,0.0,3,20.6,28.0
2018-06-25,0.00,0.00,0.00,0.0,3,21.6,28.6
2018-06-26,7.90,7.90,0.00,4.0,63,22.9,28.0
2018-06-27,6.70,6.70,0.00,7.0,63,22.5,20.9
2018-06-28,11.00,11.00,0.00,5.0,63,22.3,13.1
2018-06-29,2.80,2.80,0.00,3.0,61,22.0,20.9
2018-06-30,0.20,0.20,0.00,1.0,51,23.0,21.7
2018-07-01,0.70,0.70,0.00,6.0,51,23.5,14.3
2018-07-02,0.00,0.00,0.00,0.0,0,23.6,19.7
2018-07-03,0.00,0.00,0.00,0.0,0,25.0,17.6
2018-07-04,0.00,0.00,0.00,0.0,0,25.3,20.9
2018-07-05,0.00,0.00,0.00,0.0,1,24.8,19.7
2018-07-06,1.80,1.80,0.00,4.0,55,23.9,15.4
2018-07-07,0.00,0.00,0.00,0.0,1,24.2,22.2
2018-07-08,0.00,0.00,0.00,0.0,1,24.2,20.1
2018-07-09,0.60,0.60,0.00,4.0,51,24.1,16.5
2018-07-10,0.10,0.10,0.00,1.0,51,25.1,18.1
2018-07-11,0.00,0.00,0.00,0.0,1,24.9,23.5
2018-07-12,0.00,0.00,0.00,0.0,1,25.2,21.9
2018-07-13,0.00,0.00,0.00,0.0,1,25.5,20.0
2018-07-14,2.90,2.90,0.00,10.0,53,24.5,20.2
2018-07-15,0.30,0.30,0.00,3.0,51,24.4,20.3
2018-07-16,0.60,0.60,0.00,3.0,51,24.5,9.4
2018-07-17,0.00,0.00,0.00,0.0,1,26.2,15.1
2018-07-18,2.50,2.50,0.00,6.0,53,24.2,12.6
2018-07-19,2.50,2.50,0.00,4.0,61,24.1,17.5
2018-07-20,2.20,2.20,0.00,8.0,53,24.0,15.1
2018-07-21,1.70,1.70,0.00,7.0,53,25.0,9.7
2018-07-22,2.20,2.20,0.00,2.0,61,25.6,13.2
2018-07-23,0.00,0.00,0.00,0.0,3,27.2,15.8
2018-07-24,10.40,10.40,0.00,14.0,63,23.0,20.2
2018-07-25,6.80,6.80,0.00,11.0,63,22.7,13.9
2018-07-26,2.20,2.20,0.00,10.0,53,24.5,13.8
2018-07-27,7.60,7.60,0.00,7.0,61,24.4,7.7
2018-07-28,1.00,1.00,0.00,7.0,51,24.8,11.1
2018-07-29,1.50,1.50,0.00,6.0,53,24.6,16.9
2018-07-30,1.70,1.70,0.00,6.0,53,25.4,20.5
2018-07-31,0.40,0.40,0.00,3.0,51,25.9,24.1
2018-08-01,0.60,0.60,0.00,3.0,51,26.2,21.8
2018-08-02,0.50,0.50,0.00,3.0,51,26.3,29.8
2018-08-03,0.00,0.00,0.00,0.0,2,26.3,28.6
2018-08-04,0.00,0.00,0.00,0.0,1,26.4,30.6
2018-08-05,0.00,0.00,0.00,0.0,0,26.4,28.0
2018-08-06,0.00,0.00,0.00,0.0,1,26.0,23.5
2018-08-07,0.00,0.00,0.00,0.0,2,26.3,24.2
2018-08-08,0.30,0.30,0.00,2.0,51,26.0,27.9
2018-08-09,0.00,0.00,0.00,0.0,1,26.0,32.9
2018-08-10,0.00,0.00,0.00,0.0,1,25.9,30.6
2018-08-11,0.00,0.00,0.00,0.0,3,24.9,30.6
2018-08-12,0.10,0.10,0.00,1.0,51,23.9,24.0
2018-08-13,0.00,0.00,0.00,0.0,3,23.6,26.6
2018-08-14,0.00,0.00,0.00,0.0,0,24.4,28.3
2018-08-15,0.00,0.00,0.00,0.0,0,25.3,25.6
2018-08-16,0.00,0.00,0.00,0.0,2,25.2,23.2
2018-08-17,0.00,0.00,0.00,0.0,2,25.3,20.4
2018-08-18,0.00,0.00,0.00,0.0,2,26.0,26.2
2018-08-19,0.00,0.00,0.00,0.0,0,26.7,31.3
2018-08-20,0.00,0.00,0.00,0.0,1,25.5,28.8
2018-08-21,0.00,0.00,0.00,0.0,2,24.5,24.0
2018-08-22,0.00,0.00,0.00,0.0,1,25.1,29.4
2018-08-23,0.00,0.00,0.00,0.0,0,25.5,30.3
2018-08-24,0.00,0.00,0.00,0.0,2,25.2,28.1
2018-08-25,0.00,0.00,0.00,0.0,1,25.6,21.4
2018-08-26,0.00,0.00,0.00,0.0,3,24.9,18.4
2018-08-27,0.10,0.10,0.00,1.0,51,24.9,23.7
2018-08-28,0.00,0.00,0.00,0.0,3,25.6,29.9
2018-08-29,0.00,0.00,0.00,0.0,3,25.4,26.2
2018-08-30,0.00,0.00,0.00,0.0,1,25.1,24.6
2018-08-31,0.00,0.00,0.00,0.0,1,25.5,26.1
2018-09-01,0.00,0.00,0.00,0.0,1,25.6,25.1
2018-09-02,0.00,0.00,0.00,0.0,2,25.9,25.9
2018-09-03,0.00,0.00,0.00,0.0,1,25.5,22.6
2018-09-04,0.00,0.00,0.00,0.0,3,24.7,18.7
2018-09-05,0.10,0.10,0.00,1.0,51,24.2,20.6
2018-09-06,11.50,11.50,0.00,15.0,63,21.6,24.8
2018-09-07,2.00,2.00,0.00,3.0,61,22.4,15.5
2018-09-08,5.20,5.20,0.00,4.0,63,22.8,14.1
2018-09-09,1.90,1.90,0.00,2.0,61,21.8,20.0
2018-09-10,5.80,5.80,0.00,9.0,63,20.1,17.5
2018-09-11,2.60,2.60,0.00,3.0,61,20.8,8.3
2018-09-12,2.60,2.60,0.00,5.0,53,19.7,16.6
2018-09-13,2.00,2.00,0.00,5.0,53,21.6,29.7
2018-09-14,18.10,18.10,0.00,19.0,63,19.5,17.2
2018-09-15,1.40,1.40,0.00,6.0,51,21.1,15.2
2018-09-16,1.00,1.00,0.00,4.0,51,21.8,17.9
2018-09-17,0.20,0.20,0.00,2.0,51,21.1,24.0
2018-09-18,0.00,0.00,0.00,0.0,3,20.3,26.1
2018-09-19,0.00,0.00,0.00,0.0,2,20.5,29.1
2018-09-20,0.00,0.00,0.00,0.0,3,21.0,26.4
2018-09-21,0.00,0.00,0.00,0.0,3,21.6,25.3
2018-09-22,0.00,0.00,0.00,0.0,3,21.2,16.4
2018-09-23,0.00,0.00,0.00,0.0,3,20.5,16.6
2018-09-24,0.00,0.00,0.00,0.0,0,20.2,12.0
2018-09-25,2.60,2.60,0.00,15.0,51,16.7,36.4
2018-09-26,4.80,4.80,0.00,18.0,53,14.6,36.1
2018-09-27,0.20,0.20,0.00,2.0,51,16.6,38.1
2018-09-28,0.60,0.60,0.00,1.0,53,17.7,30.8
2018-09-29,0.80,0.80,0.00,3.0,51,19.0,16.6
2018-09-30,5.80,5.80,0.00,15.0,61,18.7,30.8
2018-10-01,0.70,0.70,0.00,3.0,51,20.6,22.4
2018-10-02,3.90,3.90,0.00,10.0,55,19.0,27.4
2018-10-03,0.40,0.40,0.00,3.0,51,18.9,14.3
2018-10-04,1.00,1.00,0.00,3.0,53,16.8,20.2
2018-10-05,0.00,0.00,0.00,0.0,3,16.4,28.7
2018-10-06,0.00,0.00,0.00,0.0,0,17.0,25.4
2018-10-07,0.00,0.00,0.00,0.0,0,17.6,21.1
2018-10-08,0.00,0.00,0.00,0.0,3,16.5,20.5
2018-10-09,0.00,0.00,0.00,0.0,3,17.5,25.9
2018-10-10,0.00,0.00,0.00,0.0,3,17.5,24.7
2018-10-11,9.20,9.20,0.00,12.0,63,16.8,26.2
2018-10-12,1.30,1.30,0.00,6.0,53,17.6,27.2
2018-10-13,0.10,0.10,0.00,1.0,51,17.8,30.9
2018-10-14,1.60,1.60,0.00,8.0,51,17.6,27.1
2018-10-15,0.20,0.20,0.00,2.0,51,17.8,23.2
2018-10-16,0.00,0.00,0.00,0.0,3,17.7,20.1
2018-10-17,1.30,1.30,0.00,13.0,51,17.9,23.1
2018-10-18,0.30,0.30,0.00,3.0,51,17.8,17.7
2018-10-19,0.00,0.00,0.00,0.0,3,17.6,15.5
2018-10-20,0.00,0.00,0.00,0.0,3,16.8,16.5
2018-10-21,1.30,1.30,0.00,8.0,51,16.3,16.6
2018-10-22,0.20,0.20,0.00,2.0,51,16.1,21.4
2018-10-23,0.00,0.00,0.00,0.0,3,16.3,23.0
2018-10-24,0.10,0.10,0.00,1.0,51,15.9,22.4
2018-10-25,4.80,4.80,0.00,10.0,61,11.2,38.0
2018-10-26,0.00,0.00,0.00,0.0,3,12.9,27.6
2018-10-27,0.00,0.00,0.00,0.0,2,15.0,17.4
2018-10-28,0.00,0.00,0.00,0.0,3,16.0,15.0
2018-10-29,0.00,0.00,0.00,0.0,1,15.9,12.2
2018-10-30,0.00,0.00,0.00,0.0,3,15.1,10.5
2018-10-31,0.00,0.00,0.00,0.0,3,15.9,12.0
2018-11-01,0.00,0.00,0.00,0.0,3,16.3,20.0
2018-11-02,0.00,0.00,0.00,0.0,3,16.6,23.7
2018-11-03,0.00,0.00,0.00,0.0,3,16.0,26.5
2018-11-04,0.00,0.00,0.00,0.0,3,16.4,26.7
2018-11-05,0.00,0.00,0.00,0.0,3,15.9,25.4
2018-11-06,0.10,0.10,0.00,1.0,51,14.9,23.3
2018-11-07,0.00,0.00,0.00,0.0,3,14.5,22.8
2018-11-08,0.70,0.70,0.00,5.0,51,13.7,24.2
2018-11-09,0.60,0.60,0.00,6.0,51,14.2,18.4
2018-11-10,0.30,0.30,0.00,3.0,51,14.3,21.0
2018-11-11,0.00,0.00,0.00,0.0,3,14.0,18.4
2018-11-12,0.00,0.00,0.00,0.0,2,13.6,20.9
2018-11-13,0.30,0.30,0.00,3.0,51,12.0,26.0
2018-11-14,0.20,0.20,0.00,2.0,51,10.4,19.2
2018-11-15,20.60,20.60,0.00,17.0,63,9.4,22.0
2018-11-16,7.20,7.20,0.00,24.0,53,8.6,27.6
2018-11-17,0.20,0.20,0.00,2.0,51,9.6,21.7
2018-11-18,6.30,6.30,0.00,8.0,61,11.3,28.2
2018-11-19,13.30,13.30,0.00,13.0,61,13.7,21.1
2018-11-20,0.20,0.20,0.00,2.0,51,11.4,19.7
2018-11-21,3.40,3.40,0.00,12.0,53,13.3,14.5
2018-11-22,1.40,1.40,0.00,12.0,51,10.9,29.9
2018-11-23,0.00,0.00,0.00,0.0,3,9.5,24.3
2018-11-24,0.00,0.00,0.00,0.0,3,9.2,19.9
2018-11-25,0.00,0.00,0.00,0.0,3,8.5,10.3
2018-11-26,4.80,4.80,0.00,8.0,61,11.9,35.3
2018-11-27,2.60,2.60,0.00,10.0,53,15.7,33.3
2018-11-28,12.80,12.80,0.00,15.0,63,13.0,32.4
2018-11-29,14.50,14.50,0.00,24.0,61,7.5,39.0
2018-11-30,9.40,9.40,0.00,21.0,53,6.5,35.3
2018-12-01,0.00,0.00,0.00,0.0,3,5.2,22.3
2018-12-02,0.00,0.00,0.00,0.0,3,7.8,20.2
2018-12-03,0.00,0.00,0.00,0.0,3,9.2,14.0
2018-12-04,0.30,0.30,0.00,2.0,51,10.1,21.7
2018-12-05,17.90,17.90,0.00,24.0,61,10.0,28.8
2018-12-06,10.10,10.10,0.00,17.0,55,6.6,33.3
2018-12-07,0.00,0.00,0.00,0.0,3,4.0,28.4
2018-12-08,0.00,0.00,0.00,0.0,3,5.0,11.9
2018-12-09,0.30,0.30,0.00,1.0,51,8.8,15.0
2018-12-10,22.60,22.60,0.00,22.0,63,9.9,19.5
2018-12-11,23.40,23.40,0.00,16.0,63,6.4,34.9
2018-12-12,6.00,6.00,0.00,12.0,61,4.4,19.5
2018-12-13,0.00,0.00,0.00,0.0,3,5.3,21.2
2018-12-14,0.00,0.00,0.00,0.0,3,6.4,10.9
2018-12-15,1.50,1.50,0.00,5.0,53,10.5,14.1
2018-12-16,0.10,0.10,0.00,1.0,51,11.5,19.6
2018-12-17,1.40,1.40,0.00,7.0,51,9.5,10.0
2018-12-18,10.10,10.10,0.00,18.0,61,9.1,32.9
2018-12-19,32.90,32.60,0.21,23.0,73,4.6,41.8
2018-12-20,0.00,0.00,0.00,0.0,3,3.5,25.3
2018-12-21,0.00,0.00,0.00,0.0,3,5.6,9.9
2018-12-22,0.00,0.00,0.00,0.0,3,7.7,20.4
2018-12-23,4.20,4.20,0.00,8.0,55,9.0,21.8
2018-12-24,0.30,0.30,0.00,1.0,51,9.5,37.7
2018-12-25,22.60,22.60,0.00,16.0,63,5.7,35.2
2018-12-26,0.30,0.30,0.00,3.0,51,3.0,21.3
2018-12-27,0.10,0.10,0.00,1.0,51,3.4,17.3
2018-12-28,0.00,0.00,0.00,0.0,3,4.3,11.8
2018-12-29,10.10,10.10,0.00,18.0,61,5.2,19.9
2018-12-30,2.80,2.80,0.00,9.0,55,4.2,13.3
2018-12-31,0.00,0.00,0.00,0.0,3,3.6,14.1
2019-01-01,0.00,0.00,0.00,0.0,3,4.4,24.8
2019-01-02,0.00,0.00,0.00,0.0,3,5.1,14.9
2019-01-03,9.60,9.60,0.00,17.0,61,5.2,29.5
2019-01-04,17.50,12.00,3.85,17.0,75,2.9,43.0
2019-01-05,12.10,10.90,0.84,19.0,73,2.7,29.0
2019-01-06,0.70,0.70,0.00,4.0,51,2.2,20.2
2019-01-07,2.40,0.20,1.61,11.0,73,1.2,22.5
2019-01-08,2.90,0.00,2.03,10.0,73,-0.0,30.7
2019-01-09,0.20,0.20,0.00,2.0,51,3.1,30.1
2019-01-10,0.20,0.20,0.00,2.0,51,9.0,36.7
2019-01-11,24.40,24.40,0.00,18.0,63,8.9,36.0
2019-01-12,13.30,13.30,0.00,24.0,61,3.8,22.6
2019-01-13,0.80,0.80,0.00,3.0,51,3.1,20.0
2019-01-14,0.00,0.00,0.00,0.0,3,4.9,21.7
2019-01-15,12.50,10.40,1.47,22.0,73,4.4,37.7
2019-01-16,0.10,0.10,0.00,1.0,51,2.8,37.5
2019-01-17,0.00,0.00,0.00,0.0,1,5.4,18.4
2019-01-18,0.00,0.00,0.00,0.0,3,6.4,15.1
2019-01-19,0.10,0.10,0.00,1.0,51,8.7,18.7
2019-01-20,0.60,0.60,0.00,4.0,51,8.5,18.0
2019-01-21,1.30,1.30,0.00,9.0,51,6.5,22.5
2019-01-22,0.00,0.00,0.00,0.0,3,5.9,20.1
2019-01-23,6.40,6.40,0.00,8.0,61,8.2,24.0
2019-01-24,0.70,0.70,0.00,4.0,51,10.6,27.3
2019-01-25,0.20,0.20,0.00,2.0,51,10.7,22.5
2019-01-26,2.00,2.00,0.00,8.0,53,11.2,22.9
2019-01-27,2.50,2.50,0.00,12.0,53,6.4,20.1
2019-01-28,0.00,0.00,0.00,0.0,3,6.9,14.9
2019-01-29,0.00,0.00,0.00,0.0,3,10.7,17.9
2019-01-30,0.10,0.10,0.00,1.0,51,11.3,20.7
2019-01-31,10.70,10.70,0.00,8.0,63,10.2,26.1
2019-02-01,4.00,4.00,0.00,11.0,53,8.2,32.6
2019-02-02,0.00,0.00,0.00,0.0,3,9.5,17.7
2019-02-03,0.00,0.00,0.00,0.0,3,9.9,16.8
2019-02-04,0.00,0.00,0.00,0.0,3,11.1,14.5
2019-02-05,0.00,0.00,0.00,0.0,3,8.4,22.9
2019-02-06,3.60,3.60,0.00,5.0,61,8.0,30.9
2019-02-07,8.30,8.30,0.00,15.0,61,6.5,29.3
2019-02-08,2.90,2.90,0.00,16.0,51,6.5,21.8
2019-02-09,0.50,0.50,0.00,5.0,51,5.4,21.3
2019-02-10,0.00,0.00,0.00,0.0,3,4.4,10.9
2019-02-11,0.00,0.00,0.00,0.0,3,7.3,28.0
2019-02-12,8.80,8.80,0.00,9.0,61,10.6,34.4
2019-02-13,17.70,17.70,0.00,24.0,61,5.7,35.4
2019-02-14,0.40,0.40,0.00,4.0,51,5.3,31.4
2019-02-15,2.90,2.90,0.00,14.0,53,5.2,33.4
2019-02-16,0.00,0.00,0.00,0.0,3,5.4,26.7
2019-02-17,0.00,0.00,0.00,0.0,3,5.2,14.6
2019-02-18,0.00,0.00,0.00,0.0,0,6.0,9.2
2019-02-19,0.00,0.00,0.00,0.0,0,7.1,16.8
2019-02-20,0.00,0.00,0.00,0.0,2,6.1,12.3
2019-02-21,0.70,0.70,0.00,3.0,53,7.4,18.2
2019-02-22,0.00,0.00,0.00,0.0,3,5.5,14.3
2019-02-23,14.70,11.20,2.45,24.0,73,3.4,39.3
2019-02-24,7.10,3.40,2.59,24.0,73,2.2,31.2
2019-02-25,0.80,0.80,0.00,7.0,51,4.9,30.6
2019-02-26,0.10,0.10,0.00,1.0,51,4.9,18.9
2019-02-27,5.10,5.10,0.00,24.0,53,4.3,27.8
2019-02-28,0.30,0.30,0.00,3.0,51,4.7,26.6
2019-03-01,0.00,0.00,0.00,0.0,2,8.8,27.8
2019-03-02,0.40,0.40,0.00,3.0,51,8.4,25.0
2019-03-03,0.00,0.00,0.00,0.0,3,5.1,22.4
2019-03-04,0.00,0.00,0.00,0.0,0,3.5,10.2
2019-03-05,0.00,0.00,0.00,0.0,3,7.6,23.3
2019-03-06,2.50,2.50,0.00,7.0,53,9.9,18.9
2019-03-07,0.00,0.00,0.00,0.0,3,9.2,11.7
2019-03-08,0.00,0.00,0.00,0.0,2,11.6,14.0
2019-03-09,0.00,0.00,0.00,0.0,3,11.7,17.4
2019-03-10,0.00,0.00,0.00,0.0,3,11.3,21.2
2019-03-11,0.00,0.00,0.00,0.0,3,13.2,26.4
2019-03-12,20.80,20.80,0.00,11.0,63,10.8,30.5
2019-03-13,12.40,12.40,0.00,14.0,61,6.6,34.0
2019-03-14,0.00,0.00,0.00,0.0,3,7.1,17.1
2019-03-15,0.90,0.90,0.00,3.0,53,6.4,16.9
2019-03-16,0.00,0.00,0.00,0.0,3,8.1,22.4
2019-03-17,0.00,0.00,0.00,0.0,3,10.9,22.2
2019-03-18,0.00,0.00,0.00,0.0,0,13.1,11.5
2019-03-19,0.00,0.00,0.00,0.0,3,12.5,12.9
2019-03-20,0.00,0.00,0.00,0.0,2,10.0,28.4
2019-03-21,0.10,0.10,0.00,1.0,51,8.9,27.0
2019-03-22,0.00,0.00,0.00,0.0,3,8.0,20.9
2019-03-23,0.00,0.00,0.00,0.0,3,8.4,25.1
2019-03-24,0.00,0.00,0.00,0.0,2,5.9,19.3
2019-03-25,0.00,0.00,0.00,0.0,0,7.3,8.9
2019-03-26,0.00,0.00,0.00,0.0,3,9.6,21.9
2019-03-27,0.10,0.10,0.00,1.0,51,8.7,21.3
2019-03-28,0.00,0.00,0.00,0.0,3,7.8,28.0
2019-03-29,0.00,0.00,0.00,0.0,3,6.3,37.2
2019-03-30,0.00,0.00,0.00,0.0,3,7.2,37.0
2019-03-31,0.00,0.00,0.00,0.0,3,8.0,39.6
2019-04-01,0.00,0.00,0.00,0.0,3,8.5,19.6
2019-04-02,0.00,0.00,0.00,0.0,3,8.4,31.3
2019-04-03,0.00,0.00,0.00,0.0,3,8.2,25.0
2019-04-04,0.00,0.00,0.00,0.0,3,8.3,21.0
2019-04-05,0.00,0.00,0.00,0.0,3,9.4,18.9
2019-04-06,0.00,0.00,0.00,0.0,3,9.7,26.3
2019-04-07,1.00,1.00,0.00,2.0,53,12.4,13.5
2019-04-08,0.90,0.90,0.00,3.0,53,15.1,16.9
2019-04-09,1.80,1.80,0.00,5.0,53,13.4,14.3
2019-04-10,6.10,6.10,0.00,15.0,61,11.7,13.5
2019-04-11,10.00,10.00,0.00,13.0,61,12.4,21.3
2019-04-12,2.10,2.10,0.00,7.0,53,13.7,29.1
2019-04-13,6.10,6.10,0.00,10.0,61,13.8,13.6
2019-04-14,10.50,10.50,0.00,17.0,63,12.5,17.1
2019-04-15,0.60,0.60,0.00,6.0,51,10.1,24.8
2019-04-16,0.10,0.10,0.00,1.0,51,9.1,20.8
2019-04-17,0.00,0.00,0.00,0.0,2,10.2,12.6
2019-04-18,0.70,0.70,0.00,5.0,51,9.4,23.0
2019-04-19,1.30,1.30,0.00,9.0,51,9.0,21.6
2019-04-20,3.70,3.70,0.00,12.0,53,7.5,27.1
2019-04-21,0.00,0.00,0.00,0.0,3,9.1,21.8
2019-04-22,0.00,0.00,0.00,0.0,3,8.9,17.9
2019-04-23,0.00,0.00,0.00,0.0,3,10.6,18.1
2019-04-24,2.60,2.60,0.00,5.0,55,14.0,16.2
2019-04-25,0.00,0.00,0.00,0.0,3,14.7,19.9
2019-04-26,0.00,0.00,0.00,0.0,3,13.4,17.7
2019-04-27,0.00,0.00,0.00,0.0,3,14.8,14.7
2019-04-28,0.00,0.00,0.00,0.0,3,16.3,13.5
2019-04-29,0.00,0.00,0.00,0.0,3,18.5,8.7
2019-04-30,0.00,0.00,0.00,0.0,2,17.4,17.6
2019-05-01,0.00,0.00,0.00,0.0,3,17.0,22.9
2019-05-02,4.90,4.90,0.00,7.0,61,14.9,23.6
2019-05-03,0.00,0.00,0.00,0.0,2,15.1,16.1
2019-05-04,0.50,0.50,0.00,2.0,51,17.2,24.9
2019-05-05,4.80,4.80,0.00,10.0,61,18.0,18.8
2019-05-06,0.30,0.30,0.00,2.0,51,18.8,13.2
2019-05-07,8.40,8.40,0.00,14.0,61,15.0,27.5
2019-05-08,4.90,4.90,0.00,14.0,55,12.4,13.8
2019-05-09,0.10,0.10,0.00,1.0,51,13.8,10.2
2019-05-10,6.00,6.00,0.00,16.0,55,14.9,16.6
2019-05-11,12.40,12.40,0.00,10.0,63,15.5,18.1
2019-05-12,0.00,0.00,0.00,0.0,3,16.8,17.2
2019-05-13,0.00,0.00,0.00,0.0,3,16.2,27.4
2019-05-14,0.20,0.20,0.00,1.0,51,17.4,26.6
2019-05-15,0.00,0.00,0.00,0.0,3,20.2,15.7
2019-05-16,0.00,0.00,0.00,0.0,3,18.2,20.0
2019-05-17,0.70,0.70,0.00,2.0,53,16.9,30.9
2019-05-18,0.10,0.10,0.00,1.0,51,17.4,15.3
2019-05-19,0.00,0.00,0.00,0.0,3,19.8,18.4
2019-05-20,0.00,0.00,0.00,0.0,3,22.4,14.0
2019-05-21,0.20,0.20,0.00,1.0,51,21.4,15.4
2019-05-22,0.00,0.00,0.00,0.0,3,21.1,23.0
2019-05-23,0.00,0.00,0.00,0.0,3,21.1,13.8
2019-05-24,8.60,8.60,0.00,10.0,61,18.3,17.5
2019-05-25,5.40,5.40,0.00,8.0,61,17.6,19.4
2019-05-26,0.00,0.00,0.00,0.0,1,19.5,13.8
2019-05-27,0.00,0.00,0.00,0.0,3,20.8,22.5
2019-05-28,0.00,0.00,0.00,0.0,3,23.4,17.2
2019-05-29,0.00,0.00,0.00,0.0,2,22.8,15.8
2019-05-30,0.00,0.00,0.00,0.0,0,22.0,13.6
2019-05-31,0.00,0.00,0.00,0.0,0,23.0,18.8
2019-06-01,0.00,0.00,0.00,0.0,3,21.5,24.0
2019-06-02,0.50,0.50,0.00,4.0,51,21.6,21.2
2019-06-03,0.00,0.00,0.00,0.0,2,22.1,14.4
2019-06-04,6.70,6.70,0.00,4.0,63,21.1,13.3
2019-06-05,0.40,0.40,0.00,3.0,51,21.9,14.8
2019-06-06,0.10,0.10,0.00,1.0,51,22.5,12.0
2019-06-07,0.00,0.00,0.00,0.0,1,23.0,17.6
2019-06-08,0.00,0.00,0.00,0.0,3,23.2,19.3
2019-06-09,1.60,1.60,0.00,2.0,53,22.5,27.0
2019-06-10,0.10,0.10,0.00,1.0,51,22.9,24.6
2019-06-11,2.20,2.20,0.00,8.0,53,22.9,16.5
2019-06-12,4.70,4.70,0.00,7.0,63,22.4,12.1
2019-06-13,0.00,0.00,0.00,0.0,2,24.3,18.3
2019-06-14,0.70,0.70,0.00,4.0,51,23.9,20.4
2019-06-15,2.10,2.10,0.00,13.0,51,23.4,23.2
2019-06-16,3.40,3.40,0.00,4.0,61,24.5,21.4
2019-06-17,1.90,1.90,0.00,4.0,61,25.4,22.6
2019-06-18,1.50,1.50,0.00,3.0,53,25.0,23.7
2019-06-19,0.90,0.90,0.00,4.0,51,24.5,22.5
2019-06-20,0.00,0.00,0.00,0.0,3,24.4,13.6
2019-06-21,2.50,2.50,0.00,6.0,55,24.1,15.0
2019-06-22,0.00,0.00,0.00,0.0,3,25.6,21.3
2019-06-23,0.00,0.00,0.00,0.0,3,26.4,15.3
2019-06-24,0.00,0.00,0.00,0.0,2,26.6,21.9
2019-06-25,0.00,0.00,0.00,0.0,2,26.2,24.2
2019-06-26,0.00,0.00,0.00,0.0,2,26.1,29.8
2019-06-27,0.00,0.00,0.00,0.0,1,26.2,28.0
2019-06-28,1.10,1.10,0.00,5.0,53,24.2,29.8
2019-06-29,0.00,0.00,0.00,0.0,1,23.7,30.2
2019-06-30,0.20,0.20,0.00,2.0,51,22.0,27.3
2019-07-01,0.00,0.00,0.00,0.0,0,22.6,25.0
2019-07-02,0.00,0.00,0.00,0.0,0,24.0,26.3
2019-07-03,0.00,0.00,0.00,0.0,2,24.7,23.8
2019-07-04,0.00,0.00,0.00,0.0,2,25.1,25.0
2019-07-05,0.00,0.00,0.00,0.0,1,25.2,23.0
2019-07-06,0.10,0.10,0.00,1.0,51,24.4,21.1
2019-07-07,0.00,0.00,0.00,0.0,0,25.1,23.9
2019-07-08,0.00,0.00,0.00,0.0,2,25.5,19.4
2019-07-09,0.00,0.00,0.00,0.0,2,26.5,19.1
2019-07-10,2.00,2.00,0.00,2.0,61,23.9,22.6
2019-07-11,16.00,16.00,0.00,10.0,63,20.0,28.0
2019-07-12,0.30,0.30,0.00,2.0,51,20.6,14.3
2019-07-13,0.00,0.00,0.00,0.0,3,21.2,13.2
2019-07-14,2.00,2.00,0.00,7.0,51,19.9,15.9
2019-07-15,7.90,7.90,0.00,18.0,55,19.6,16.9
2019-07-16,0.00,0.00,0.00,0.0,3,21.0,22.2
2019-07-17,0.00,0.00,0.00,0.0,3,22.4,29.2
2019-07-18,0.00,0.00,0.00,0.0,2,22.8,19.3
2019-07-19,0.00,0.00,0.00,0.0,0,23.3,27.5
2019-07-20,0.00,0.00,0.00,0.0,1,23.7,29.2
2019-07-21,0.00,0.00,0.00,0.0,0,23.9,22.7
2019-07-22,0.00,0.00,0.00,0.0,1,24.1,24.2
2019-07-23,0.00,0.00,0.00,0.0,1,24.6,22.0
2019-07-24,7.30,7.30,0.00,11.0,63,22.0,22.0
2019-07-25,0.40,0.40,0.00,3.0,51,22.9,19.2
2019-07-26,0.00,0.00,0.00,0.0,1,23.3,21.5
2019-07-27,0.00,0.00,0.00,0.0,1,23.7,26.6
2019-07-28,0.00,0.00,0.00,0.0,2,24.4,24.0
2019-07-29,0.00,0.00,0.00,0.0,0,24.5,21.1
2019-07-30,0.00,0.00,0.00,0.0,1,25.0,15.7
2019-07-31,0.00,0.00,0.00,0.0,0,25.5,19.2
2019-08-01,0.00,0.00,0.00,0.0,1,26.0,24.0
2019-08-02,0.70,0.70,0.00,4.0,51,25.6,22.0
2019-08-03,0.00,0.00,0.00,0.0,0,26.0,14.6
2019-08-04,0.80,0.80,0.00,3.0,51,24.2,23.4
2019-08-05,0.00,0.00,0.00,0.0,1,23.0,23.7
2019-08-06,0.00,0.00,0.00,0.0,1,23.3,25.6
2019-08-07,0.00,0.00,0.00,0.0,0,24.0,26.0
2019-08-08,0.00,0.00,0.00,0.0,0,24.2,22.4
2019-08-09,0.00,0.00,0.00,0.0,0,24.4,26.4
2019-08-10,0.00,0.00,0.00,0.0,1,24.9,25.4
2019-08-11,0.00,0.00,0.00,0.0,0,25.1,33.4
2019-08-12,0.00,0.00,0.00,0.0,0,25.5,36.7
2019-08-13,0.00,0.00,0.00,0.0,1,25.5,35.1
2019-08-14,0.00,0.00,0.00,0.0,3,25.6,21.7
2019-08-15,0.30,0.30,0.00,3.0,51,25.0,21.7
2019-08-16,2.80,2.80,0.00,8.0,55,23.7,25.1
2019-08-17,30.90,30.90,0.00,15.0,63,20.9,22.6
2019-08-18,2.60,2.60,0.00,4.0,61,21.2,22.9
2019-08-19,0.00,0.00,0.00,0.0,2,21.1,23.4
2019-08-20,0.00,0.00,0.00,0.0,3,22.8,25.5
2019-08-21,8.50,8.50,0.00,9.0,63,23.2,25.7
2019-08-22,0.00,0.00,0.00,0.0,1,24.7,24.4
2019-08-23,0.00,0.00,0.00,0.0,2,24.9,30.7
2019-08-24,0.00,0.00,0.00,0.0,0,25.4,28.0
2019-08-25,0.00,0.00,0.00,0.0,1,25.6,29.7
2019-08-26,0.00,0.00,0.00,0.0,0,25.9,32.0
2019-08-27,0.00,0.00,0.00,0.0,1,25.8,30.1
2019-08-28,0.00,0.00,0.00,0.0,0,25.2,31.6
2019-08-29,0.00,0.00,0.00,0.0,1,24.4,29.1
2019-08-30,0.00,0.00,0.00,0.0,3,23.6,24.3
2019-08-31,0.00,0.00,0.00,0.0,3,23.0,24.5
2019-09-01,0.00,0.00,0.00,0.0,3,23.8,26.7
2019-09-02,0.00,0.00,0.00,0.0,3,24.1,28.9
2019-09-03,0.00,0.00,0.00,0.0,0,24.4,33.4
2019-09-04,0.00,0.00,0.00,0.0,0,24.3,29.9
2019-09-05,0.20,0.20,0.00,2.0,51,23.2,30.6
2019-09-06,0.00,0.00,0.00,0.0,3,22.5,26.7
2019-09-07,0.00,0.00,0.00,0.0,2,22.1,26.3
2019-09-08,0.40,0.40,0.00,3.0,51,22.6,30.0
2019-09-09,0.00,0.00,0.00,0.0,2,22.7,24.3
2019-09-10,1.20,1.20,0.00,3.0,53,22.1,32.1
2019-09-11,0.00,0.00,0.00,0.0,3,23.2,30.0
2019-09-12,0.10,0.10,0.00,1.0,51,22.4,26.1
2019-09-13,0.00,0.00,0.00,0.0,3,22.6,36.6
2019-09-14,0.00,0.00,0.00,0.0,1,22.8,30.7
2019-09-15,1.00,1.00,0.00,5.0,51,21.5,32.2
2019-09-16,0.00,0.00,0.00,0.0,3,20.6,21.3
2019-09-17,0.00,0.00,0.00,0.0,3,20.6,14.4
2019-09-18,0.00,0.00,0.00,0.0,0,22.3,15.7
2019-09-19,0.00,0.00,0.00,0.0,3,22.0,29.3
2019-09-20,7.80,7.80,0.00,13.0,61,18.5,26.3
2019-09-21,0.30,0.30,0.00,3.0,51,16.8,24.9
2019-09-22,0.00,0.00,0.00,0.0,2,15.9,19.6
2019-09-23,0.00,0.00,0.00,0.0,3,16.6,9.2
2019-09-24,4.40,4.40,0.00,5.0,55,19.1,20.2
2019-09-25,0.30,0.30,0.00,1.0,51,19.4,14.7
2019-09-26,0.00,0.00,0.00,0.0,3,19.6,10.8
2019-09-27,1.30,1.30,0.00,7.0,51,20.1,12.7
2019-09-28,0.00,0.00,0.00,0.0,3,19.0,18.9
2019-09-29,0.00,0.00,0.00,0.0,0,19.3,11.6
2019-09-30,0.00,0.00,0.00,0.0,0,20.1,9.5
2019-10-01,0.00,0.00,0.00,0.0,0,21.6,21.3
2019-10-02,0.00,0.00,0.00,0.0,3,21.5,19.0
2019-10-03,0.00,0.00,0.00,0.0,1,22.3,17.7
2019-10-04,0.00,0.00,0.00,0.0,3,24.4,23.2
2019-10-05,12.50,12.50,0.00,11.0,61,18.1,23.6
2019-10-06,13.20,13.20,0.00,7.0,63,15.9,27.4
2019-10-07,0.40,0.40,0.00,1.0,51,16.2,24.5
2019-10-08,15.40,15.40,0.00,19.0,61,15.3,31.5
2019-10-09,0.00,0.00,0.00,0.0,3,16.1,15.4
2019-10-10,0.00,0.00,0.00,0.0,1,16.5,17.0
2019-10-11,0.00,0.00,0.00,0.0,3,18.1,23.5
2019-10-12,0.00,0.00,0.00,0.0,1,17.9,21.5
2019-10-13,0.00,0.00,0.00,0.0,0,17.9,20.5
2019-10-14,0.00,0.00,0.00,0.0,2,18.1,18.9
2019-10-15,0.00,0.00,0.00,0.0,2,17.8,17.2
2019-10-16,0.00,0.00,0.00,0.0,3,18.4,17.7
2019-10-17,0.00,0.00,0.00,0.0,3,18.2,16.8
2019-10-18,0.00,0.00,0.00,0.0,3,18.2,10.2
2019-10-19,0.00,0.00,0.00,0.0,3,17.4,15.9
2019-10-20,0.00,0.00,0.00,0.0,3,17.1,17.6
2019-10-21,0.00,0.00,0.00,0.0,3,17.9,19.7
2019-10-22,0.20,0.20,0.00,2.0,51,17.5,23.2
2019-10-23,0.00,0.00,0.00,0.0,3,17.4,26.1
2019-10-24,0.00,0.00,0.00,0.0,3,17.1,20.4
2019-10-25,0.00,0.00,0.00,0.0,3,17.0,21.9
2019-10-26,0.00,0.00,0.00,0.0,3,16.4,18.7
2019-10-27,1.20,1.20,0.00,8.0,51,16.0,16.6
2019-10-28,0.00,0.00,0.00,0.0,3,16.0,15.7
2019-10-29,1.00,1.00,0.00,5.0,51,15.6,13.7
2019-10-30,0.00,0.00,0.00,0.0,3,14.7,15.1
2019-10-31,6.70,6.70,0.00,10.0,61,15.2,13.8
2019-11-01,10.20,10.20,0.00,20.0,61,12.8,32.0
2019-11-02,0.00,0.00,0.00,0.0,3,11.7,19.8
2019-11-03,0.00,0.00,0.00,0.0,3,12.6,15.9
2019-11-04,0.00,0.00,0.00,0.0,3,17.9,18.7
2019-11-05,2.10,2.10,0.00,7.0,51,18.9,27.0
2019-11-06,0.00,0.00,0.00,0.0,2,19.6,25.9
2019-11-07,0.00,0.00,0.00,0.0,3,18.3,16.8
2019-11-08,0.00,0.00,0.00,0.0,3,17.7,12.5
2019-11-09,0.00,0.00,0.00,0.0,2,17.5,11.3
2019-11-10,0.00,0.00,0.00,0.0,3,16.5,12.0
2019-11-11,0.00,0.00,0.00,0.0,3,17.7,13.0
2019-11-12,0.00,0.00,0.00,0.0,2,16.7,14.7
2019-11-13,0.00,0.00,0.00,0.0,3,18.3,22.8
2019-11-14,3.20,3.20,0.00,7.0,61,15.5,17.5
2019-11-15,0.00,0.00,0.00,0.0,3,15.8,10.1
2019-11-16,0.00,0.00,0.00,0.0,1,15.0,21.4
2019-11-17,0.00,0.00,0.00,0.0,3,15.8,17.9
2019-11-18,0.00,0.00,0.00,0.0,3,15.3,13.0
2019-11-19,0.00,0.00,0.00,0.0,2,15.3,14.6
2019-11-20,0.00,0.00,0.00,0.0,3,14.1,14.4
2019-11-21,0.00,0.00,0.00,0.0,3,13.5,20.8
2019-11-22,0.00,0.00,0.00,0.0,3,13.5,29.0
2019-11-23,3.10,3.10,0.00,10.0,53,13.4,13.4
2019-11-24,0.00,0.00,0.00,0.0,3,12.7,11.2
2019-11-25,0.80,0.80,0.00,3.0,51,13.5,16.5
2019-11-26,5.60,5.60,0.00,8.0,63,14.1,17.8
2019-11-27,1.60,1.60,0.00,5.0,53,11.3,28.1
2019-11-28,0.00,0.00,0.00,0.0,3,13.4,25.9
2019-11-29,17.30,17.30,0.00,11.0,63,15.2,30.7
2019-11-30,7.80,7.80,0.00,7.0,63,14.7,21.1
2019-12-01,2.00,2.00,0.00,13.0,51,9.2,32.5
2019-12-02,0.00,0.00,0.00,0.0,3,8.5,15.9
2019-12-03,1.80,1.80,0.00,8.0,53,9.6,21.8
2019-12-04,9.10,9.10,0.00,18.0,53,7.7,28.0
2019-12-05,0.00,0.00,0.00,0.0,3,7.5,25.5
2019-12-06,0.00,0.00,0.00,0.0,0,6.2,10.4
2019-12-07,0.20,0.20,0.00,2.0,51,7.3,15.3
2019-12-08,0.50,0.50,0.00,3.0,51,9.6,13.2
2019-12-09,0.00,0.00,0.00,0.0,3,7.3,10.2
2019-12-10,0.00,0.00,0.00,0.0,0,7.9,13.6
2019-12-11,2.60,2.60,0.00,5.0,61,8.0,20.4
2019-12-12,2.10,2.10,0.00,7.0,55,9.8,14.3
2019-12-13,3.50,3.50,0.00,3.0,61,10.7,13.7
2019-12-14,2.20,2.20,0.00,2.0,61,12.0,19.6
2019-12-15,1.70,1.70,0.00,5.0,53,10.3,15.2
2019-12-16,0.00,0.00,0.00,0.0,0,7.8,12.2
2019-12-17,0.00,0.00,0.00,0.0,1,9.1,12.9
2019-12-18,0.00,0.00,0.00,0.0,0,11.5,18.3
2019-12-19,0.00,0.00,0.00,0.0,3,11.3,12.8
2019-12-20,0.00,0.00,0.00,0.0,3,10.2,20.5
2019-12-21,0.60,0.60,0.00,2.0,51,14.2,36.7
2019-12-22,0.10,0.10,0.00,1.0,51,16.0,39.5
2019-12-23,2.30,2.30,0.00,9.0,53,14.1,33.0
2019-12-24,7.40,7.40,0.00,17.0,61,9.8,25.9
2019-12-25,3.10,3.10,0.00,10.0,55,8.7,16.9
2019-12-26,11.90,11.90,0.00,17.0,61,7.8,24.1
2019-12-27,1.40,1.40,0.00,4.0,53,6.5,17.0
2019-12-28,2.30,2.30,0.00,6.0,55,5.1,22.7
2019-12-29,5.30,5.30,0.00,19.0,53,5.4,25.5
2019-12-30,7.10,7.10,0.00,14.0,53,7.3,42.5
2019-12-31,7.30,7.30,0.00,13.0,53,6.5,34.6
2020-01-01,2.80,2.80,0.00,12.0,53,5.2,28.5
2020-01-02,4.90,4.90,0.00,24.0,53,5.3,27.4
2020-01-03,0.10,0.10,0.00,1.0,51,5.2,17.5
2020-01-04,0.00,0.00,0.00,0.0,3,5.3,10.8
2020-01-05,4.20,4.20,0.00,10.0,53,6.0,19.0
2020-01-06,36.90,36.90,0.00,24.0,63,6.7,43.2
2020-01-07,30.70,30.70,0.00,24.0,61,5.9,47.2
2020-01-08,5.70,5.70,0.00,16.0,53,4.8,37.4
2020-01-09,0.10,0.10,0.00,1.0,51,4.7,23.2
2020-01-10,0.00,0.00,0.00,0.0,3,4.4,7.8
2020-01-11,0.00,0.00,0.00,0.0,3,5.9,10.2
2020-01-12,1.60,1.60,0.00,7.0,51,7.1,19.3
2020-01-13,0.30,0.30,0.00,3.0,51,6.8,15.0
2020-01-14,0.00,0.00,0.00,0.0,3,5.5,9.2
2020-01-15,0.00,0.00,0.00,0.0,3,6.5,18.7
2020-01-16,0.00,0.00,0.00,0.0,3,7.9,25.5
2020-01-17,0.00,0.00,0.00,0.0,3,6.9,30.5
2020-01-18,0.00,0.00,0.00,0.0,3,6.8,25.0
2020-01-19,0.90,0.90,0.00,8.0,51,5.5,20.4
2020-01-20,3.90,3.90,0.00,16.0,53,5.0,33.9
2020-01-21,0.10,0.10,0.00,1.0,51,3.5,20.7
2020-01-22,0.00,0.00,0.00,0.0,3,4.2,17.4
2020-01-23,0.20,0.20,0.00,2.0,51,5.4,31.2
2020-01-24,0.00,0.00,0.00,0.0,3,4.3,14.0
2020-01-25,0.00,0.00,0.00,0.0,1,6.6,22.2
2020-01-26,0.00,0.00,0.00,0.0,3,9.2,21.7
2020-01-27,1.00,1.00,0.00,3.0,51,9.5,13.8
2020-01-28,7.30,7.30,0.00,13.0,61,8.6,25.1
2020-01-29,7.30,7.30,0.00,7.0,63,10.3,34.1
2020-01-30,13.20,13.20,0.00,12.0,63,6.4,19.1
2020-01-31,0.00,0.00,0.00,0.0,3,5.5,28.1
2020-02-01,1.00,1.00,0.00,6.0,51,9.5,28.6
2020-02-02,0.00,0.00,0.00,0.0,2,10.8,22.0
2020-02-03,0.90,0.90,0.00,3.0,51,11.8,31.4
2020-02-04,2.10,2.10,0.00,7.0,53,12.0,29.5
2020-02-05,23.10,23.10,0.00,14.0,63,12.7,31.3
2020-02-06,4.00,4.00,0.00,17.0,51,5.5,41.7
2020-02-07,3.10,3.10,0.00,11.0,53,3.8,21.5
2020-02-08,2.20,0.20,1.40,10.0,73,0.5,31.0
2020-02-09,0.00,0.00,0.00,0.0,3,0.8,13.8
2020-02-10,0.00,0.00,0.00,0.0,3,4.5,27.1
2020-02-11,2.20,2.20,0.00,5.0,55,9.7,33.2
2020-02-12,7.50,7.50,0.00,7.0,63,7.8,24.9
2020-02-13,0.10,0.10,0.00,1.0,51,7.4,18.7
2020-02-14,0.00,0.00,0.00,0.0,3,6.4,20.4
2020-02-15,3.00,3.00,0.00,11.0,53,8.0,24.6
2020-02-16,0.00,0.00,0.00,0.0,3,7.4,26.4
2020-02-17,0.00,0.00,0.00,0.0,3,6.2,19.8
2020-02-18,0.00,0.00,0.00,0.0,1,5.9,13.4
2020-02-19,0.00,0.00,0.00,0.0,3,7.5,13.7
2020-02-20,5.20,5.20,0.00,12.0,53,7.4,19.2
2020-02-21,4.70,4.70,0.00,16.0,53,6.7,28.3
2020-02-22,0.00,0.00,0.00,0.0,3,6.1,27.8
2020-02-23,0.00,0.00,0.00,0.0,3,5.7,16.2
2020-02-24,0.50,0.50,0.00,3.0,51,8.4,29.1
2020-02-25,0.00,0.00,0.00,0.0,3,7.3,15.9
2020-02-26,0.00,0.00,0.00,0.0,3,12.2,36.5
2020-02-27,7.80,7.80,0.00,5.0,63,14.1,43.3
2020-02-28,1.80,1.80,0.00,3.0,53,9.0,23.6
2020-02-29,7.70,7.70,0.00,19.0,55,7.7,28.6
2020-03-01,0.00,0.00,0.00,0.0,3,6.5,8.8
2020-03-02,0.00,0.00,0.00,0.0,3,9.1,23.4
2020-03-03,0.00,0.00,0.00,0.0,2,13.5,22.8
2020-03-04,0.00,0.00,0.00,0.0,3,13.8,13.8
2020-03-05,8.10,8.10,0.00,8.0,61,12.3,11.3
2020-03-06,12.90,12.90,0.00,11.0,63,10.4,15.5
2020-03-07,0.00,0.00,0.00,0.0,3,13.1,22.4
2020-03-08,0.00,0.00,0.00,0.0,3,14.8,11.7
2020-03-09,0.00,0.00,0.00,0.0,3,13.8,24.0
2020-03-10,10.70,10.70,0.00,21.0,61,9.8,23.5
2020-03-11,0.20,0.20,0.00,1.0,51,11.1,11.3
2020-03-12,0.00,0.00,0.00,0.0,0,11.5,20.5
2020-03-13,0.00,0.00,0.00,0.0,0,10.5,23.0
2020-03-14,0.00,0.00,0.00,0.0,3,9.5,22.8
2020-03-15,8.30,8.30,0.00,13.0,55,8.1,33.1
2020-03-16,1.30,1.30,0.00,5.0,51,6.0,35.1
2020-03-17,0.00,0.00,0.00,0.0,3,5.5,19.5
2020-03-18,0.30,0.30,0.00,3.0,51,4.6,27.9
2020-03-19,0.80,0.80,0.00,4.0,51,6.6,33.1
2020-03-20,0.00,0.00,0.00,0.0,3,6.7,15.3
2020-03-21,0.00,0.00,0.00,0.0,3,8.0,8.9
2020-03-22,0.00,0.00,0.00,0.0,3,9.5,25.7
2020-03-23,0.70,0.70,0.00,4.0,51,9.0,24.7
2020-03-24,1.40,1.40,0.00,14.0,51,8.0,31.1
2020-03-25,0.10,0.10,0.00,1.0,51,7.6,28.3
2020-03-26,0.00,0.00,0.00,0.0,3,8.7,35.9
2020-03-27,0.00,0.00,0.00,0.0,3,9.0,22.3
2020-03-28,5.70,5.70,0.00,13.0,53,8.3,16.3
2020-03-29,24.80,24.80,0.00,24.0,61,9.0,22.3
2020-03-30,0.00,0.00,0.00,0.0,3,10.3,19.9
2020-03-31,0.20,0.20,0.00,2.0,51,8.5,36.4
2020-04-01,0.20,0.20,0.00,2.0,51,7.8,26.7
2020-04-02,21.30,21.30,0.00,9.0,63,8.1,33.3
2020-04-03,5.40,5.40,0.00,11.0,61,7.2,19.8
2020-04-04,6.80,6.80,0.00,14.0,55,8.1,29.4
2020-04-05,13.00,13.00,0.00,23.0,61,9.3,45.5
2020-04-06,4.70,4.70,0.00,12.0,61,9.3,45.2
2020-04-07,0.00,0.00,0.00,0.0,1,9.1,47.9
2020-04-08,0.00,0.00,0.00,0.0,3,9.0,34.1
2020-04-09,0.00,0.00,0.00,0.0,3,8.6,22.1
2020-04-10,0.00,0.00,0.00,0.0,3,9.3,9.0
2020-04-11,0.00,0.00,0.00,0.0,3,10.7,20.0
2020-04-12,0.00,0.00,0.00,0.0,2,10.0,23.7
2020-04-13,0.00,0.00,0.00,0.0,3,9.8,14.1
2020-04-14,0.00,0.00,0.00,0.0,3,14.2,23.4
2020-04-15,5.50,5.50,0.00,12.0,53,9.7,33.3
2020-04-16,0.00,0.00,0.00,0.0,3,9.0,22.7
2020-04-17,0.00,0.00,0.00,0.0,3,9.9,10.7
2020-04-18,0.00,0.00,0.00,0.0,3,13.0,15.0
2020-04-19,0.00,0.00,0.00,0.0,3,15.2,11.4
2020-04-20,0.00,0.00,0.00,0.0,3,12.6,33.1
2020-04-21,2.50,2.50,0.00,8.0,53,10.2,24.8
2020-04-22,0.00,0.00,0.00,0.0,3,10.1,32.7
2020-04-23,0.00,0.00,0.00,0.0,3,9.5,27.8
2020-04-24,0.00,0.00,0.00,0.0,2,10.1,29.0
2020-04-25,0.00,0.00,0.00,0.0,3,9.4,13.0
2020-04-26,0.00,0.00,0.00,0.0,3,13.3,20.6
2020-04-27,0.00,0.00,0.00,0.0,2,14.1,20.8
2020-04-28,0.00,0.00,0.00,0.0,1,14.8,17.5
2020-04-29,0.00,0.00,0.00,0.0,3,16.2,11.9
2020-04-30,0.00,0.00,0.00,0.0,3,16.6,16.9
2020-05-01,0.00,0.00,0.00,0.0,3,16.4,16.1
2020-05-02,0.00,0.00,0.00,0.0,3,17.3,16.8
2020-05-03,3.70,3.70,0.00,10.0,55,16.2,12.7
2020-05-04,17.90,17.90,0.00,24.0,61,13.6,15.7
2020-05-05,4.00,4.00,0.00,14.0,53,14.3,19.7
2020-05-06,0.40,0.40,0.00,2.0,51,15.7,23.8
2020-05-07,6.70,6.70,0.00,8.0,61,12.3,26.0
2020-05-08,0.80,0.80,0.00,3.0,51,13.7,19.6
2020-05-09,0.00,0.00,0.00,0.0,3,14.6,11.3
2020-05-10,0.00,0.00,0.00,0.0,3,16.2,9.8
2020-05-11,0.00,0.00,0.00,0.0,3,18.9,11.7
2020-05-12,0.00,0.00,0.00,0.0,3,21.2,29.8
2020-05-13,0.00,0.00,0.00,0.0,1,17.0,26.2
2020-05-14,0.00,0.00,0.00,0.0,3,16.8,16.0
2020-05-15,0.00,0.00,0.00,0.0,3,21.4,19.7
2020-05-16,0.00,0.00,0.00,0.0,3,22.1,22.5
2020-05-17,0.00,0.00,0.00,0.0,3,21.7,17.5
2020-05-18,0.00,0.00,0.00,0.0,3,19.6,30.3
2020-05-19,0.00,0.00,0.00,0.0,3,20.7,24.7
2020-05-20,0.00,0.00,0.00,0.0,3,20.8,20.8
2020-05-21,0.60,0.60,0.00,5.0,51,17.7,29.1
2020-05-22,12.30,12.30,0.00,13.0,63,13.8,36.4
2020-05-23,3.60,3.60,0.00,7.0,61,12.6,24.1
2020-05-24,0.00,0.00,0.00,0.0,3,13.6,11.0
2020-05-25,0.90,0.90,0.00,8.0,51,14.7,20.2
2020-05-26,0.00,0.00,0.00,0.0,3,15.3,21.6
2020-05-27,7.50,7.50,0.00,12.0,61,13.8,26.5
2020-05-28,6.20,6.20,0.00,15.0,63,14.4,11.5
2020-05-29,3.90,3.90,0.00,10.0,53,15.0,18.1
2020-05-30,0.10,0.10,0.00,1.0,51,16.6,17.8
2020-05-31,0.00,0.00,0.00,0.0,1,17.8,16.3
2020-06-01,3.20,3.20,0.00,12.0,55,16.3,16.4
2020-06-02,3.60,3.60,0.00,4.0,63,16.4,13.2
2020-06-03,4.00,4.00,0.00,5.0,63,15.8,8.9
2020-06-04,0.30,0.30,0.00,3.0,51,17.7,18.7
2020-06-05,0.00,0.00,0.00,0.0,3,20.7,17.6
2020-06-06,0.00,0.00,0.00,0.0,3,22.9,18.1
2020-06-07,0.00,0.00,0.00,0.0,1,21.2,19.4
2020-06-08,0.00,0.00,0.00,0.0,3,21.2,14.2
2020-06-09,0.00,0.00,0.00,0.0,3,23.2,15.0
2020-06-10,0.00,0.00,0.00,0.0,2,23.1,18.6
2020-06-11,0.00,0.00,0.00,0.0,3,21.6,22.0
2020-06-12,1.20,1.20,0.00,2.0,55,21.2,20.7
2020-06-13,6.60,6.60,0.00,9.0,55,20.6,17.6
2020-06-14,13.50,13.50,0.00,12.0,63,20.6,21.1
2020-06-15,5.90,5.90,0.00,8.0,61,21.6,22.4
2020-06-16,0.00,0.00,0.00,0.0,3,22.7,17.9
2020-06-17,0.00,0.00,0.00,0.0,1,23.1,14.4
2020-06-18,9.20,9.20,0.00,9.0,63,21.0,13.0
2020-06-19,13.90,13.90,0.00,13.0,63,20.7,17.8
2020-06-20,1.80,1.80,0.00,5.0,53,22.8,18.9
2020-06-21,0.00,0.00,0.00,0.0,3,23.2,18.7
2020-06-22,1.20,1.20,0.00,2.0,55,22.1,15.0
2020-06-23,13.10,13.10,0.00,8.0,65,22.1,10.2
2020-06-24,17.80,17.80,0.00,16.0,63,21.7,19.2
2020-06-25,0.50,0.50,0.00,5.0,51,22.5,19.7
2020-06-26,0.70,0.70,0.00,5.0,51,22.6,29.1
2020-06-27,0.00,0.00,0.00,0.0,1,22.9,25.5
2020-06-28,0.00,0.00,0.00,0.0,0,23.1,22.7
2020-06-29,0.00,0.00,0.00,0.0,3,23.2,18.1
2020-06-30,0.00,0.00,0.00,0.0,3,23.9,11.2
2020-07-01,0.00,0.00,0.00,0.0,1,25.4,17.8
2020-07-02,0.00,0.00,0.00,0.0,3,25.3,25.3
2020-07-03,0.00,0.00,0.00,0.0,3,25.3,22.7
2020-07-04,0.00,0.00,0.00,0.0,3,25.4,22.4
2020-07-05,0.00,0.00,0.00,0.0,2,25.6,25.9
2020-07-06,0.00,0.00,0.00,0.0,3,26.4,24.6
2020-07-07,0.00,0.00,0.00,0.0,3,26.0,19.6
2020-07-08,1.30,1.30,0.00,4.0,53,23.1,35.6
2020-07-09,0.00,0.00,0.00,0.0,3,23.2,30.3
2020-07-10,0.00,0.00,0.00,0.0,3,23.1,31.1
2020-07-11,0.00,0.00,0.00,0.0,2,24.3,30.3
2020-07-12,0.00,0.00,0.00,0.0,2,24.2,26.0
2020-07-13,1.40,1.40,0.00,7.0,51,21.3,33.4
2020-07-14,0.00,0.00,0.00,0.0,3,21.9,29.1
2020-07-15,0.00,0.00,0.00,0.0,3,20.6,23.7
2020-07-16,0.00,0.00,0.00,0.0,3,21.6,20.9
2020-07-17,0.00,0.00,0.00,0.0,2,21.9,27.6
2020-07-18,0.00,0.00,0.00,0.0,1,23.5,26.2
2020-07-19,0.00,0.00,0.00,0.0,3,24.2,23.5
2020-07-20,0.00,0.00,0.00,0.0,3,24.1,18.8
2020-07-21,0.00,0.00,0.00,0.0,1,23.5,22.5
2020-07-22,0.00,0.00,0.00,0.0,1,24.2,26.6
2020-07-23,0.00,0.00,0.00,0.0,0,25.1,31.5
2020-07-24,0.00,0.00,0.00,0.0,0,24.8,33.6
2020-07-25,0.00,0.00,0.00,0.0,1,24.3,27.5
2020-07-26,0.00,0.00,0.00,0.0,1,24.7,22.3
2020-07-27,0.00,0.00,0.00,0.0,3,24.7,22.1
2020-07-28,0.00,0.00,0.00,0.0,3,25.2,22.2
2020-07-29,0.00,0.00,0.00,0.0,0,26.0,23.6
2020-07-30,0.00,0.00,0.00,0.0,0,25.7,24.6
2020-07-31,0.00,0.00,0.00,0.0,1,25.6,22.4
2020-08-01,0.00,0.00,0.00,0.0,2,25.1,25.1
2020-08-02,0.00,0.00,0.00,0.0,2,24.6,29.0
2020-08-03,0.00,0.00,0.00,0.0,1,24.0,27.2
2020-08-04,0.00,0.00,0.00,0.0,1,24.7,26.8
2020-08-05,0.00,0.00,0.00,0.0,1,24.5,25.5
2020-08-06,0.00,0.00,0.00,0.0,1,25.2,27.8
2020-08-07,0.00,0.00,0.00,0.0,0,26.2,26.0
2020-08-08,0.00,0.00,0.00,0.0,2,26.4,31.9
2020-08-09,0.00,0.00,0.00,0.0,3,26.3,35.3
2020-08-10,0.30,0.30,0.00,2.0,51,25.6,29.5
2020-08-11,0.00,0.00,0.00,0.0,0,25.4,24.1
2020-08-12,0.00,0.00,0.00,0.0,0,25.7,23.8
2020-08-13,0.00,0.00,0.00,0.0,1,25.1,25.8
2020-08-14,0.00,0.00,0.00,0.0,1,24.1,24.3
2020-08-15,0.00,0.00,0.00,0.0,0,24.0,25.4
2020-08-16,0.00,0.00,0.00,0.0,2,23.7,29.8
2020-08-17,0.00,0.00,0.00,0.0,3,23.8,28.3
2020-08-18,0.00,0.00,0.00,0.0,3,23.4,24.0
2020-08-19,0.00,0.00,0.00,0.0,1,23.8,22.1
2020-08-20,0.20,0.20,0.00,2.0,51,22.2,20.5
2020-08-21,1.40,1.40,0.00,8.0,53,22.8,23.9
2020-08-22,0.00,0.00,0.00,0.0,3,24.0,21.4
2020-08-23,0.00,0.00,0.00,0.0,3,24.1,23.2
2020-08-24,0.00,0.00,0.00,0.0,2,24.4,27.2
2020-08-25,0.00,0.00,0.00,0.0,0,24.5,20.9
2020-08-26,0.00,0.00,0.00,0.0,3,23.8,22.8
2020-08-27,0.40,0.40,0.00,3.0,51,23.4,18.3
2020-08-28,0.00,0.00,0.00,0.0,0,24.3,23.8
2020-08-29,0.00,0.00,0.00,0.0,0,25.3,26.0
2020-08-30,0.00,0.00,0.00,0.0,3,25.2,22.1
2020-08-31,0.00,0.00,0.00,0.0,2,24.2,20.1
2020-09-01,0.00,0.00,0.00,0.0,1,24.6,20.9
2020-09-02,0.00,0.00,0.00,0.0,1,24.4,21.3
2020-09-03,0.00,0.00,0.00,0.0,3,24.7,18.6
2020-09-04,0.40,0.40,0.00,3.0,51,22.9,32.0
2020-09-05,2.10,2.10,0.00,8.0,53,22.1,28.1
2020-09-06,0.00,0.00,0.00,0.0,2,22.7,19.9
2020-09-07,0.00,0.00,0.00,0.0,0,23.3,22.9
2020-09-08,0.00,0.00,0.00,0.0,2,23.7,27.7
2020-09-09,0.00,0.00,0.00,0.0,1,24.0,29.9
2020-09-10,0.00,0.00,0.00,0.0,3,23.5,27.5
2020-09-11,0.00,0.00,0.00,0.0,3,23.4,30.0
2020-09-12,0.00,0.00,0.00,0.0,3,24.4,31.1
2020-09-13,1.30,1.30,0.00,8.0,51,24.1,28.0
2020-09-14,0.00,0.00,0.00,0.0,2,24.3,29.5
2020-09-15,0.00,0.00,0.00,0.0,1,24.4,31.6
2020-09-16,0.00,0.00,0.00,0.0,2,23.9,31.4
2020-09-17,0.00,0.00,0.00,0.0,2,23.7,18.7
2020-09-18,0.00,0.00,0.00,0.0,2,22.5,24.5
2020-09-19,0.00,0.00,0.00,0.0,3,21.3,28.6
2020-09-20,1.70,1.70,0.00,6.0,53,20.2,33.4
2020-09-21,0.00,0.00,0.00,0.0,3,21.6,27.0
2020-09-22,0.00,0.00,0.00,0.0,3,21.3,22.9
2020-09-23,0.00,0.00,0.00,0.0,3,20.7,9.0
2020-09-24,0.00,0.00,0.00,0.0,3,21.6,9.1
2020-09-25,0.20,0.20,0.00,2.0,51,22.6,11.9
2020-09-26,0.00,0.00,0.00,0.0,3,24.5,19.9
2020-09-27,0.30,0.30,0.00,2.0,51,24.1,26.2
2020-09-28,0.00,0.00,0.00,0.0,3,22.6,12.2
2020-09-29,1.80,1.80,0.00,3.0,55,21.7,33.4
2020-09-30,13.60,13.60,0.00,7.0,63,18.4,14.6
2020-10-01,0.00,0.00,0.00,0.0,1,18.6,15.9
2020-10-02,0.00,0.00,0.00,0.0,3,19.2,14.8
2020-10-03,0.00,0.00,0.00,0.0,3,19.8,11.8
2020-10-04,0.00,0.00,0.00,0.0,3,20.8,10.7
2020-10-05,0.00,0.00,0.00,0.0,3,23.8,13.5
2020-10-06,0.00,0.00,0.00,0.0,3,23.3,10.5
2020-10-07,0.00,0.00,0.00,0.0,3,24.1,12.9
2020-10-08,38.20,38.20,0.00,12.0,65,21.1,25.5
2020-10-09,8.90,8.90,0.00,10.0,61,17.3,17.6
2020-10-10,0.90,0.90,0.00,6.0,51,17.3,15.3
2020-10-11,0.00,0.00,0.00,0.0,1,18.7,12.1
2020-10-12,0.00,0.00,0.00,0.0,3,18.8,9.4
2020-10-13,0.80,0.80,0.00,2.0,53,20.8,34.9
2020-10-14,0.10,0.10,0.00,1.0,51,20.4,24.7
2020-10-15,0.00,0.00,0.00,0.0,2,18.9,9.2
2020-10-16,0.00,0.00,0.00,0.0,3,19.3,17.4
2020-10-17,1.90,1.90,0.00,4.0,53,20.7,27.7
2020-10-18,9.00,9.00,0.00,15.0,63,17.7,24.6
2020-10-19,0.20,0.20,0.00,2.0,51,16.4,22.4
2020-10-20,1.10,1.10,0.00,9.0,51,16.4,30.2
2020-10-21,0.60,0.60,0.00,4.0,51,17.9,32.7
2020-10-22,0.00,0.00,0.00,0.0,3,18.2,18.1
2020-10-23,0.00,0.00,0.00,0.0,0,17.7,11.0
2020-10-24,0.00,0.00,0.00,0.0,3,17.5,10.3
2020-10-25,0.00,0.00,0.00,0.0,3,18.4,10.0
2020-10-26,0.00,0.00,0.00,0.0,3,17.3,14.2
2020-10-27,0.00,0.00,0.00,0.0,3,17.3,19.3
2020-10-28,1.60,1.60,0.00,9.0,51,18.0,12.5
2020-10-29,20.30,20.30,0.00,7.0,63,16.2,15.0
2020-10-30,14.40,14.40,0.00,6.0,63,15.1,18.0
2020-10-31,1.20,1.20,0.00,4.0,53,13.1,20.1
2020-11-01,3.00,3.00,0.00,6.0,61,12.8,23.9
2020-11-02,0.00,0.00,0.00,0.0,0,13.3,8.2
2020-11-03,2.10,2.10,0.00,7.0,53,12.6,9.7
2020-11-04,2.70,2.70,0.00,11.0,53,13.1,23.5
2020-11-05,3.70,3.70,0.00,18.0,53,14.5,28.5
2020-11-06,2.10,2.10,0.00,12.0,53,14.6,31.1
2020-11-07,1.00,1.00,0.00,7.0,51,13.1,22.3
2020-11-08,0.00,0.00,0.00,0.0,3,14.2,26.7
2020-11-09,0.00,0.00,0.00,0.0,3,15.1,22.8
2020-11-10,0.20,0.20,0.00,2.0,51,15.1,25.5
2020-11-11,0.50,0.50,0.00,5.0,51,14.1,27.5
2020-11-12,0.00,0.00,0.00,0.0,3,14.0,19.9
2020-11-13,0.40,0.40,0.00,4.0,51,13.1,23.0
2020-11-14,0.90,0.90,0.00,7.0,51,13.0,18.7
2020-11-15,0.00,0.00,0.00,0.0,2,11.4,14.1
2020-11-16,0.00,0.00,0.00,0.0,3,11.1,11.7
2020-11-17,0.00,0.00,0.00,0.0,2,11.4,16.4
2020-11-18,1.70,1.70,0.00,11.0,51,11.4,24.2
2020-11-19,0.40,0.40,0.00,4.0,51,11.6,37.3
2020-11-20,0.00,0.00,0.00,0.0,2,11.3,27.9
2020-11-21,0.30,0.30,0.00,3.0,51,10.9,26.5
2020-11-22,0.20,0.20,0.00,2.0,51,9.9,25.5
2020-11-23,0.00,0.00,0.00,0.0,2,8.6,14.0
2020-11-24,0.00,0.00,0.00,0.0,3,8.5,20.2
2020-11-25,0.40,0.40,0.00,3.0,51,11.0,26.6
2020-11-26,0.00,0.00,0.00,0.0,3,10.3,22.8
2020-11-27,0.00,0.00,0.00,0.0,0,9.4,10.6
2020-11-28,0.00,0.00,0.00,0.0,0,8.8,13.0
2020-11-29,0.00,0.00,0.00,0.0,3,9.6,11.9
2020-11-30,0.20,0.20,0.00,2.0,51,10.3,30.4
2020-12-01,3.60,3.60,0.00,16.0,53,7.3,28.0
2020-12-02,0.00,0.00,0.00,0.0,3,6.5,15.9
2020-12-03,0.10,0.10,0.00,1.0,51,9.8,13.5
2020-12-04,0.00,0.00,0.00,0.0,1,9.8,13.9
2020-12-05,0.00,0.00,0.00,0.0,3,10.5,14.9
2020-12-06,0.00,0.00,0.00,0.0,3,11.7,22.8
2020-12-07,0.40,0.40,0.00,3.0,51,10.8,25.0
2020-12-08,1.90,1.90,0.00,9.0,53,11.0,24.5
2020-12-09,0.80,0.80,0.00,4.0,51,10.3,15.9
2020-12-10,0.00,0.00,0.00,0.0,3,13.2,23.5
2020-12-11,2.00,2.00,0.00,6.0,53,12.6,28.9
2020-12-12,2.50,2.50,0.00,11.0,53,11.9,22.7
2020-12-13,5.10,5.10,0.00,12.0,61,12.7,18.8
2020-12-14,3.60,3.60,0.00,9.0,61,12.4,29.5
2020-12-15,15.90,15.90,0.00,24.0,63,10.2,32.1
2020-12-16,0.10,0.10,0.00,1.0,51,9.5,17.7
2020-12-17,0.00,0.00,0.00,0.0,3,9.4,18.2
2020-12-18,0.00,0.00,0.00,0.0,3,9.0,18.2
2020-12-19,0.00,0.00,0.00,0.0,2,8.1,13.2
2020-12-20,0.00,0.00,0.00,0.0,3,8.2,18.3
2020-12-21,0.20,0.20,0.00,2.0,51,8.1,19.4
2020-12-22,0.20,0.20,0.00,2.0,51,6.9,14.1
2020-12-23,0.10,0.10,0.00,1.0,51,6.3,11.5
2020-12-24,0.00,0.00,0.00,0.0,3,10.3,21.8
2020-12-25,0.00,0.00,0.00,0.0,3,12.5,31.2
2020-12-26,0.00,0.00,0.00,0.0,3,14.8,29.0
2020-12-27,0.00,0.00,0.00,0.0,3,12.9,20.6
2020-12-28,0.10,0.10,0.00,1.0,51,12.5,20.0
2020-12-29,0.00,0.00,0.00,0.0,3,13.6,29.5
2020-12-30,0.00,0.00,0.00,0.0,2,12.2,20.3
2020-12-31,0.40,0.40,0.00,2.0,51,12.4,16.6
2021-01-01,4.20,4.20,0.00,9.0,55,11.7,25.5
2021-01-02,0.00,0.00,0.00,0.0,1,10.0,12.2
2021-01-03,0.20,0.20,0.00,1.0,51,10.5,14.8
2021-01-04,0.00,0.00,0.00,0.0,3,11.7,17.7
2021-01-05,1.60,1.60,0.00,2.0,61,11.5,26.1
2021-01-06,0.00,0.00,0.00,0.0,3,10.2,11.8
2021-01-07,0.00,0.00,0.00,0.0,3,12.0,25.3
2021-01-08,0.00,0.00,0.00,0.0,3,14.0,32.3
2021-01-09,10.50,10.50,0.00,13.0,61,11.9,27.0
2021-01-10,28.00,28.00,0.00,23.0,63,9.0,22.8
2021-01-11,1.80,1.80,0.00,7.0,53,12.8,17.8
2021-01-12,14.50,14.50,0.00,15.0,63,12.9,28.9
2021-01-13,19.90,19.90,0.00,23.0,63,7.0,23.1
2021-01-14,1.50,1.50,0.00,7.0,51,4.3,20.4
2021-01-15,9.30,4.60,3.29,9.0,75,3.0,20.8
2021-01-16,8.70,5.60,2.17,9.0,73,2.2,27.0
2021-01-17,8.10,2.90,3.71,20.0,73,0.3,32.7
2021-01-18,0.60,0.00,0.42,6.0,71,-1.1,13.4
2021-01-19,0.10,0.00,0.07,1.0,71,-1.3,9.0
2021-01-20,0.00,0.00,0.00,0.0,3,2.5,26.1
2021-01-21,0.00,0.00,0.00,0.0,3,7.7,23.6
2021-01-22,0.00,0.00,0.00,0.0,3,10.7,27.2
2021-01-23,0.00,0.00,0.00,0.0,3,11.8,27.3
2021-01-24,2.00,2.00,0.00,4.0,55,10.9,34.5
2021-01-25,5.70,5.70,0.00,10.0,61,11.8,38.2
2021-01-26,2.40,2.40,0.00,4.0,53,12.3,32.4
2021-01-27,16.90,16.70,0.14,20.0,71,5.7,34.6
2021-01-28,2.50,0.80,1.19,8.0,73,2.0,17.4
2021-01-29,0.00,0.00,0.00,0.0,3,5.4,34.7
2021-01-30,11.00,11.00,0.00,14.0,61,7.8,26.0
2021-01-31,0.00,0.00,0.00,0.0,3,9.5,19.0
2021-02-01,0.10,0.10,0.00,1.0,51,12.5,23.2
2021-02-02,4.30,4.30,0.00,12.0,61,11.7,17.1
2021-02-03,0.40,0.40,0.00,3.0,51,10.9,12.3
2021-02-04,0.00,0.00,0.00,0.0,3,9.7,19.9
2021-02-05,0.00,0.00,0.00,0.0,3,9.9,10.6
2021-02-06,0.00,0.00,0.00,0.0,2,9.6,16.4
2021-02-07,0.00,0.00,0.00,0.0,3,11.4,25.5
2021-02-08,0.40,0.40,0.00,2.0,51,15.2,37.7
2021-02-09,3.60,3.60,0.00,8.0,61,14.6,43.8
2021-02-10,4.10,4.10,0.00,6.0,61,13.1,33.2
2021-02-11,0.00,0.00,0.00,0.0,3,14.2,29.3
2021-02-12,14.20,13.70,0.35,10.0,71,5.0,36.1
2021-02-13,0.70,0.00,0.49,3.0,73,0.9,24.6
2021-02-14,19.40,1.20,12.74,24.0,75,1.0,32.4
2021-02-15,4.80,0.50,3.01,18.0,73,1.3,31.9
2021-02-16,1.90,0.00,1.33,15.0,71,0.3,38.1
2021-02-17,1.00,0.00,0.70,7.0,73,0.3,27.0
2021-02-18,3.60,3.60,0.00,12.0,53,2.7,24.6
2021-02-19,0.90,0.90,0.00,6.0,51,2.7,17.3
2021-02-20,0.00,0.00,0.00,0.0,3,2.2,13.4
2021-02-21,0.00,0.00,0.00,0.0,3,4.2,19.3
2021-02-22,0.00,0.00,0.00,0.0,3,4.8,11.6
2021-02-23,0.00,0.00,0.00,0.0,0,6.4,9.3
2021-02-24,0.00,0.00,0.00,0.0,3,6.2,20.3
2021-02-25,0.00,0.00,0.00,0.0,3,7.3,19.1
2021-02-26,0.00,0.00,0.00,0.0,0,7.3,17.1
2021-02-27,0.00,0.00,0.00,0.0,0,7.1,10.4
2021-02-28,0.20,0.20,0.00,2.0,51,6.9,26.6
2021-03-01,1.90,1.90,0.00,7.0,53,6.5,19.8
2021-03-02,2.20,2.20,0.00,14.0,51,5.6,26.5
2021-03-03,0.00,0.00,0.00,0.0,3,5.6,22.2
2021-03-04,0.00,0.00,0.00,0.0,1,4.8,10.8
2021-03-05,0.00,0.00,0.00,0.0,2,8.9,20.5
2021-03-06,13.40,13.40,0.00,10.0,63,9.0,30.7
2021-03-07,3.50,3.50,0.00,11.0,53,5.1,24.9
2021-03-08,0.00,0.00,0.00,0.0,1,3.8,14.3
2021-03-09,0.00,0.00,0.00,0.0,2,6.5,19.7
2021-03-10,3.30,3.30,0.00,7.0,55,8.6,22.7
2021-03-11,9.60,9.60,0.00,14.0,63,6.2,36.7
2021-03-12,0.00,0.00,0.00,0.0,3,5.1,20.9
2021-03-13,0.00,0.00,0.00,0.0,3,6.7,11.2
2021-03-14,0.00,0.00,0.00,0.0,2,9.1,10.4
2021-03-15,0.10,0.10,0.00,1.0,51,12.2,14.9
2021-03-16,14.30,14.30,0.00,18.0,63,9.6,39.5
2021-03-17,3.10,3.10,0.00,18.0,51,7.2,25.8
2021-03-18,1.60,1.60,0.00,6.0,53,6.6,17.4
2021-03-19,3.90,3.90,0.00,11.0,55,7.1,11.8
2021-03-20,2.00,2.00,0.00,8.0,53,7.3,22.7
2021-03-21,13.40,13.40,0.00,24.0,61,6.4,28.4
2021-03-22,12.40,12.40,0.00,21.0,63,8.2,25.1
2021-03-23,5.30,5.30,0.00,15.0,61,5.9,35.8
2021-03-24,1.90,1.80,0.07,11.0,71,3.7,28.1
2021-03-25,0.70,0.70,0.00,5.0,51,3.4,19.5
2021-03-26,0.20,0.20,0.00,2.0,51,5.2,19.4
2021-03-27,0.00,0.00,0.00,0.0,2,7.3,16.4
2021-03-28,0.00,0.00,0.00,0.0,3,8.2,14.6
2021-03-29,0.30,0.30,0.00,2.0,51,8.1,19.4
2021-03-30,2.40,2.40,0.00,11.0,51,6.6,28.5
2021-03-31,0.00,0.00,0.00,0.0,3,7.3,36.4
2021-04-01,0.20,0.20,0.00,2.0,51,6.7,25.9
2021-04-02,0.00,0.00,0.00,0.0,3,8.0,19.5
2021-04-03,1.70,1.70,0.00,5.0,53,12.8,24.2
2021-04-04,2.20,2.20,0.00,6.0,53,11.8,27.5
2021-04-05,16.80,16.80,0.00,15.0,63,7.5,26.1
2021-04-06,2.80,2.80,0.00,7.0,53,12.3,16.7
2021-04-07,1.30,1.30,0.00,6.0,53,14.0,30.8
2021-04-08,15.20,15.20,0.00,18.0,61,6.2,29.8
2021-04-09,2.20,2.20,0.00,11.0,53,6.2,26.7
2021-04-10,0.80,0.80,0.00,4.0,51,6.0,23.8
2021-04-11,0.00,0.00,0.00,0.0,3,6.7,18.7
2021-04-12,0.00,0.00,0.00,0.0,3,8.6,15.9
2021-04-13,1.50,1.50,0.00,3.0,53,11.2,12.1
2021-04-14,2.40,2.40,0.00,5.0,55,13.5,23.6
2021-04-15,0.80,0.80,0.00,5.0,51,10.4,23.3
2021-04-16,0.50,0.50,0.00,2.0,51,9.9,20.9
2021-04-17,4.60,4.60,0.00,12.0,53,10.2,31.3
2021-04-18,0.40,0.40,0.00,3.0,51,11.8,16.5
2021-04-19,6.70,6.70,0.00,14.0,55,11.7,19.7
2021-04-20,1.50,1.50,0.00,5.0,53,12.0,25.0
2021-04-21,0.00,0.00,0.00,0.0,1,12.3,11.5
2021-04-22,0.00,0.00,0.00,0.0,3,12.0,11.5
2021-04-23,0.10,0.10,0.00,1.0,51,14.1,13.9
2021-04-24,1.50,1.50,0.00,7.0,51,12.8,25.2
2021-04-25,4.00,4.00,0.00,12.0,53,10.9,30.7
2021-04-26,0.00,0.00,0.00,0.0,3,11.3,19.0
2021-04-27,0.20,0.20,0.00,2.0,51,12.1,10.4
2021-04-28,0.00,0.00,0.00,0.0,3,14.4,16.7
2021-04-29,0.70,0.70,0.00,2.0,53,13.6,19.7
2021-04-30,0.00,0.00,0.00,0.0,3,15.3,11.8
2021-05-01,0.00,0.00,0.00,0.0,3,18.9,12.7
2021-05-02,0.00,0.00,0.00,0.0,3,20.8,20.9
2021-05-03,0.00,0.00,0.00,0.0,3,20.3,18.7
2021-05-04,0.00,0.00,0.00,0.0,3,17.0,24.2
2021-05-05,0.10,0.10,0.00,1.0,51,17.1,19.1
2021-05-06,0.00,0.00,0.00,0.0,3,16.2,18.1
2021-05-07,0.00,0.00,0.00,0.0,3,19.7,13.6
2021-05-08,6.00,6.00,0.00,8.0,61,17.4,25.4
2021-05-09,0.00,0.00,0.00,0.0,3,14.0,26.0
2021-05-10,0.00,0.00,0.00,0.0,0,12.9,29.3
2021-05-11,0.00,0.00,0.00,0.0,0,13.5,27.8
2021-05-12,0.00,0.00,0.00,0.0,3,14.8,17.4
2021-05-13,0.00,0.00,0.00,0.0,3,17.0,16.6
2021-05-14,0.00,0.00,0.00,0.0,1,19.1,20.6
2021-05-15,0.00,0.00,0.00,0.0,3,19.7,12.3
2021-05-16,4.50,4.50,0.00,10.0,61,17.9,14.6
2021-05-17,0.10,0.10,0.00,1.0,51,17.6,20.7
2021-05-18,3.30,3.30,0.00,5.0,61,18.5,25.6
2021-05-19,0.00,0.00,0.00,0.0,1,19.6,13.4
2021-05-20,0.00,0.00,0.00,0.0,3,20.0,27.7
2021-05-21,29.10,29.10,0.00,14.0,63,15.2,34.2
2021-05-22,2.90,2.90,0.00,14.0,53,16.3,20.2
2021-05-23,0.00,0.00,0.00,0.0,3,17.8,11.4
2021-05-24,0.00,0.00,0.00,0.0,3,19.2,20.0
2021-05-25,0.00,0.00,0.00,0.0,3,18.3,26.3
2021-05-26,0.00,0.00,0.00,0.0,3,17.4,31.6
2021-05-27,0.20,0.20,0.00,2.0,51,17.9,27.2
2021-05-28,0.30,0.30,0.00,1.0,51,18.1,17.1
2021-05-29,3.60,3.60,0.00,15.0,53,17.6,11.1
2021-05-30,0.50,0.50,0.00,3.0,51,19.3,21.7
2021-05-31,0.80,0.80,0.00,7.0,51,18.0,17.5
2021-06-01,16.00,16.00,0.00,18.0,63,15.7,28.9
2021-06-02,7.60,7.60,0.00,13.0,61,14.1,17.8
2021-06-03,0.70,0.70,0.00,3.0,51,15.8,19.9
2021-06-04,0.30,0.30,0.00,3.0,51,17.1,11.6
2021-06-05,0.40,0.40,0.00,4.0,51,17.4,8.8
2021-06-06,0.00,0.00,0.00,0.0,1,18.1,13.2
2021-06-07,0.00,0.00,0.00,0.0,3,20.1,14.5
2021-06-08,0.00,0.00,0.00,0.0,3,20.1,15.7
2021-06-09,0.00,0.00,0.00,0.0,2,20.1,18.0
2021-06-10,0.00,0.00,0.00,0.0,3,20.8,20.4
2021-06-11,0.10,0.10,0.00,1.0,51,21.6,20.5
2021-06-12,0.00,0.00,0.00,0.0,3,21.6,18.4
2021-06-13,3.40,3.40,0.00,5.0,55,20.8,15.7
2021-06-14,4.50,4.50,0.00,16.0,61,17.6,22.3
2021-06-15,6.80,6.80,0.00,17.0,61,16.5,13.2
2021-06-16,13.60,13.60,0.00,15.0,61,17.8,22.4
2021-06-17,2.20,2.20,0.00,13.0,51,19.0,14.0
2021-06-18,7.40,7.40,0.00,10.0,63,19.7,17.8
2021-06-19,30.00,30.00,0.00,15.0,65,19.8,24.8
2021-06-20,1.00,1.00,0.00,6.0,51,20.1,17.1
2021-06-21,0.20,0.20,0.00,2.0,51,20.6,17.9
2021-06-22,0.00,0.00,0.00,0.0,3,21.4,12.4
2021-06-23,1.00,1.00,0.00,5.0,53,22.8,11.0
2021-06-24,0.10,0.10,0.00,1.0,51,22.7,10.9
2021-06-25,0.00,0.00,0.00,0.0,3,24.2,13.7
2021-06-26,0.00,0.00,0.00,0.0,3,24.8,11.2
2021-06-27,0.60,0.60,0.00,2.0,53,24.5,17.1
2021-06-28,0.00,0.00,0.00,0.0,3,24.6,21.9
2021-06-29,0.00,0.00,0.00,0.0,2,24.7,20.6
2021-06-30,0.00,0.00,0.00,0.0,0,25.1,18.7
2021-07-01,0.00,0.00,0.00,0.0,3,26.1,13.2
2021-07-02,0.00,0.00,0.00,0.0,2,24.8,27.7
2021-07-03,14.20,14.20,0.00,15.0,63,22.7,21.1
2021-07-04,8.80,8.80,0.00,14.0,63,21.7,10.6
2021-07-05,0.20,0.20,0.00,1.0,51,23.6,16.3
2021-07-06,39.30,39.30,0.00,18.0,63,21.5,27.6
2021-07-07,6.00,6.00,0.00,20.0,61,23.1,20.5
2021-07-08,2.80,2.80,0.00,15.0,53,23.0,24.1
2021-07-09,0.90,0.90,0.00,5.0,53,23.8,26.3
2021-07-10,0.00,0.00,0.00,0.0,0,23.7,25.6
2021-07-11,0.00,0.00,0.00,0.0,2,24.4,22.3
2021-07-12,0.00,0.00,0.00,0.0,2,24.4,20.0
2021-07-13,0.00,0.00,0.00,0.0,0,24.9,21.9
2021-07-14,0.00,0.00,0.00,0.0,3,24.8,22.4
2021-07-15,0.00,0.00,0.00,0.0,2,25.6,24.5
2021-07-16,0.00,0.00,0.00,0.0,1,25.5,25.3
2021-07-17,0.00,0.00,0.00,0.0,3,26.5,18.3
2021-07-18,0.00,0.00,0.00,0.0,0,26.8,27.3
2021-07-19,0.10,0.10,0.00,1.0,51,26.4,14.1
2021-07-20,0.20,0.20,0.00,2.0,51,26.8,19.2
2021-07-21,0.70,0.70,0.00,3.0,51,25.7,20.5
2021-07-22,0.30,0.30,0.00,2.0,51,23.5,27.7
2021-07-23,0.20,0.20,0.00,2.0,51,23.5,25.2
2021-07-24,0.20,0.20,0.00,2.0,51,23.1,28.1
2021-07-25,0.00,0.00,0.00,0.0,3,24.1,26.2
2021-07-26,0.00,0.00,0.00,0.0,1,24.6,23.7
2021-07-27,0.00,0.00,0.00,0.0,0,24.8,23.3
2021-07-28,0.00,0.00,0.00,0.0,0,26.3,24.5
2021-07-29,0.00,0.00,0.00,0.0,0,26.6,23.3
2021-07-30,0.00,0.00,0.00,0.0,0,27.2,18.7
2021-07-31,0.00,0.00,0.00,0.0,1,28.2,20.5
2021-08-01,0.00,0.00,0.00,0.0,0,27.3,19.6
2021-08-02,0.00,0.00,0.00,0.0,0,28.0,11.3
2021-08-03,0.00,0.00,0.00,0.0,0,28.1,25.6
2021-08-04,0.00,0.00,0.00,0.0,3,27.6,21.9
2021-08-05,0.00,0.00,0.00,0.0,0,28.6,18.6
2021-08-06,0.00,0.00,0.00,0.0,3,29.0,28.1
2021-08-07,7.80,7.80,0.00,12.0,63,24.1,31.4
2021-08-08,0.00,0.00,0.00,0.0,2,24.5,22.9
2021-08-09,0.00,0.00,0.00,0.0,0,23.7,16.2
2021-08-10,0.00,0.00,0.00,0.0,1,24.6,14.2
2021-08-11,2.30,2.30,0.00,4.0,55,25.2,17.9
2021-08-12,0.00,0.00,0.00,0.0,1,25.3,26.3
2021-08-13,0.50,0.50,0.00,2.0,51,24.6,26.4
2021-08-14,0.00,0.00,0.00,0.0,3,24.2,26.5
2021-08-15,0.00,0.00,0.00,0.0,2,23.7,24.2
2021-08-16,0.00,0.00,0.00,0.0,1,23.6,23.0
2021-08-17,0.00,0.00,0.00,0.0,0,24.8,23.2
2021-08-18,0.00,0.00,0.00,0.0,3,25.2,23.7
2021-08-19,1.00,1.00,0.00,6.0,51,23.7,28.0
2021-08-20,0.00,0.00,0.00,0.0,1,23.1,23.4
2021-08-21,0.00,0.00,0.00,0.0,3,22.9,27.3
2021-08-22,0.00,0.00,0.00,0.0,2,24.2,28.4
2021-08-23,0.00,0.00,0.00,0.0,1,24.6,29.5
2021-08-24,0.00,0.00,0.00,0.0,2,24.6,27.7
2021-08-25,0.00,0.00,0.00,0.0,3,24.9,21.6
2021-08-26,0.00,0.00,0.00,0.0,3,24.7,11.7
2021-08-27,0.00,0.00,0.00,0.0,1,26.9,14.3
2021-08-28,0.00,0.00,0.00,0.0,2,26.4,26.9
2021-08-29,0.00,0.00,0.00,0.0,1,25.9,17.0
2021-08-30,0.60,0.60,0.00,5.0,51,24.2,23.9
2021-08-31,0.00,0.00,0.00,0.0,1,24.6,22.4
2021-09-01,0.00,0.00,0.00,0.0,1,24.1,22.6
2021-09-02,1.00,1.00,0.00,4.0,53,22.1,19.6
2021-09-03,0.20,0.20,0.00,1.0,51,20.6,25.7
2021-09-04,0.00,0.00,0.00,0.0,3,20.2,22.6
2021-09-05,0.00,0.00,0.00,0.0,3,21.7,30.2
2021-09-06,1.00,1.00,0.00,8.0,51,21.4,39.2
2021-09-07,0.00,0.00,0.00,0.0,1,21.1,38.8
2021-09-08,0.00,0.00,0.00,0.0,3,21.2,35.6
2021-09-09,0.00,0.00,0.00,0.0,3,21.7,29.4
2021-09-10,8.80,8.80,0.00,12.0,61,19.4,18.8
2021-09-11,0.40,0.40,0.00,4.0,51,19.8,9.6
2021-09-12,0.00,0.00,0.00,0.0,3,19.1,19.8
2021-09-13,0.00,0.00,0.00,0.0,3,20.3,22.8
2021-09-14,0.00,0.00,0.00,0.0,3,20.9,23.1
2021-09-15,0.20,0.20,0.00,1.0,51,21.3,18.2
2021-09-16,0.30,0.30,0.00,2.0,51,21.6,17.9
2021-09-17,0.00,0.00,0.00,0.0,3,21.1,13.0
2021-09-18,1.20,1.20,0.00,2.0,55,23.4,16.6
2021-09-19,4.70,4.70,0.00,1.0,63,22.0,11.7
2021-09-20,0.00,0.00,0.00,0.0,2,23.6,13.5
2021-09-21,0.10,0.10,0.00,1.0,51,19.8,25.9
2021-09-22,0.70,0.70,0.00,3.0,51,17.4,16.1
2021-09-23,10.40,10.40,0.00,19.0,61,14.0,26.2
2021-09-24,0.00,0.00,0.00,0.0,3,15.6,15.1
2021-09-25,0.50,0.50,0.00,2.0,51,19.1,16.9
2021-09-26,0.00,0.00,0.00,0.0,0,18.5,19.1
2021-09-27,0.00,0.00,0.00,0.0,0,18.6,21.9
2021-09-28,0.00,0.00,0.00,0.0,2,18.3,24.0
2021-09-29,0.40,0.40,0.00,2.0,51,17.5,27.6
2021-09-30,0.00,0.00,0.00,0.0,2,16.8,28.8
2021-10-01,1.30,1.30,0.00,12.0,51,15.8,28.2
2021-10-02,1.40,1.40,0.00,9.0,51,15.4,26.3
2021-10-03,0.10,0.10,0.00,1.0,51,15.8,20.8
2021-10-04,0.00,0.00,0.00,0.0,3,16.1,21.4
2021-10-05,0.00,0.00,0.00,0.0,3,15.7,23.0
2021-10-06,0.40,0.40,0.00,2.0,51,15.4,18.2
2021-10-07,0.00,0.00,0.00,0.0,3,15.9,27.6
2021-10-08,0.20,0.20,0.00,2.0,51,16.6,32.3
2021-10-09,5.40,5.40,0.00,16.0,53,16.8,21.4
2021-10-10,0.20,0.20,0.00,2.0,51,16.6,27.5
2021-10-11,0.00,0.00,0.00,0.0,3,18.2,19.7
2021-10-12,2.10,2.10,0.00,4.0,55,17.8,20.6
2021-10-13,8.80,8.80,0.00,9.0,61,14.2,22.2
2021-10-14,0.00,0.00,0.00,0.0,3,15.8,23.0
2021-10-15,0.00,0.00,0.00,0.0,3,17.8,19.5
2021-10-16,5.20,5.20,0.00,6.0,61,17.8,22.2
2021-10-17,6.60,6.60,0.00,14.0,61,15.0,23.4
2021-10-18,0.60,0.60,0.00,3.0,51,14.3,20.0
2021-10-19,0.00,0.00,0.00,0.0,3,14.1,19.8
2021-10-20,0.00,0.00,0.00,0.0,3,13.8,19.6
2021-10-21,0.00,0.00,0.00,0.0,0,13.0,11.0
2021-10-22,0.00,0.00,0.00,0.0,0,15.2,17.1
2021-10-23,0.00,0.00,0.00,0.0,3,15.5,18.1
2021-10-24,5.60,5.60,0.00,11.0,55,13.6,27.6
2021-10-25,0.00,0.00,0.00,0.0,3,12.3,26.7
2021-10-26,0.00,0.00,0.00,0.0,0,12.4,23.2
2021-10-27,0.10,0.10,0.00,1.0,51,13.1,27.4
2021-10-28,0.00,0.00,0.00,0.0,3,13.6,22.7
2021-10-29,0.00,0.00,0.00,0.0,3,13.5,27.2
2021-10-30,0.00,0.00,0.00,0.0,1,14.2,27.3
2021-10-31,0.90,0.90,0.00,2.0,53,14.1,20.8
2021-11-01,7.00,7.00,0.00,15.0,61,13.9,12.5
2021-11-02,7.10,7.10,0.00,6.0,63,14.1,9.9
2021-11-03,1.50,1.50,0.00,6.0,51,16.3,17.9
2021-11-04,0.00,0.00,0.00,0.0,0,17.0,10.1
2021-11-05,0.00,0.00,0.00,0.0,3,15.1,12.5
2021-11-06,0.00,0.00,0.00,0.0,3,15.1,24.4
2021-11-07,0.00,0.00,0.00,0.0,3,15.4,19.9
2021-11-08,0.00,0.00,0.00,0.0,3,14.3,12.5
2021-11-09,4.50,4.50,0.00,3.0,61,14.6,34.5
2021-11-10,2.70,2.70,0.00,8.0,53,10.8,29.4
2021-11-11,0.00,0.00,0.00,0.0,3,10.5,26.4
2021-11-12,0.00,0.00,0.00,0.0,0,10.4,18.2
2021-11-13,0.00,0.00,0.00,0.0,3,9.6,12.5
2021-11-14,0.00,0.00,0.00,0.0,3,10.1,14.8
2021-11-15,0.00,0.00,0.00,0.0,3,12.1,20.3
2021-11-16,0.00,0.00,0.00,0.0,3,12.0,32.0
2021-11-17,0.00,0.00,0.00,0.0,3,10.9,20.6
2021-11-18,0.00,0.00,0.00,0.0,3,10.7,10.2
2021-11-19,0.60,0.60,0.00,3.0,51,9.9,18.7
2021-11-20,0.00,0.00,0.00,0.0,3,8.5,10.1
2021-11-21,0.00,0.00,0.00,0.0,3,9.4,10.4
2021-11-22,0.00,0.00,0.00,0.0,3,11.9,21.0
2021-11-23,16.10,16.10,0.00,14.0,63,13.1,25.3
2021-11-24,0.60,0.60,0.00,5.0,51,10.7,27.5
2021-11-25,0.00,0.00,0.00,0.0,3,9.9,19.8
2021-11-26,1.40,1.40,0.00,2.0,61,10.4,16.1
2021-11-27,9.40,9.40,0.00,4.0,63,15.6,36.7
2021-11-28,5.30,5.30,0.00,6.0,63,14.9,39.0
2021-11-29,11.90,11.90,0.00,8.0,63,16.7,55.7
2021-11-30,10.70,10.70,0.00,8.0,63,11.6,42.5
2021-12-01,0.00,0.00,0.00,0.0,3,8.0,27.9
2021-12-02,0.00,0.00,0.00,0.0,3,11.2,32.5
2021-12-03,0.00,0.00,0.00,0.0,3,14.4,35.8
2021-12-04,6.40,6.40,0.00,13.0,61,12.4,28.5
2021-12-05,0.20,0.20,0.00,2.0,51,11.5,12.0
2021-12-06,0.00,0.00,0.00,0.0,3,13.6,15.0
2021-12-07,4.10,4.10,0.00,5.0,61,12.7,21.1
2021-12-08,2.00,2.00,0.00,6.0,55,9.6,18.4
2021-12-09,0.20,0.20,0.00,2.0,51,10.4,25.1
2021-12-10,6.50,6.50,0.00,4.0,63,12.6,34.6
2021-12-11,0.10,0.10,0.00,1.0,51,13.7,35.4
2021-12-12,12.70,12.70,0.00,10.0,61,13.6,23.3
2021-12-13,13.90,13.90,0.00,15.0,61,11.1,20.6
2021-12-14,10.20,10.20,0.00,10.0,61,10.2,33.7
2021-12-15,9.30,9.30,0.00,24.0,53,6.4,33.0
2021-12-16,6.30,6.30,0.00,19.0,53,5.1,20.0
2021-12-17,7.10,7.10,0.00,22.0,53,5.1,17.9
2021-12-18,3.20,3.20,0.00,17.0,51,5.0,26.4
2021-12-19,2.20,2.20,0.00,9.0,53,4.6,30.1
2021-12-20,1.20,1.20,0.00,6.0,51,4.3,24.5
2021-12-21,0.10,0.10,0.00,1.0,51,2.5,18.8
2021-12-22,0.00,0.00,0.00,0.0,3,1.0,9.7
2021-12-23,0.80,0.30,0.35,5.0,71,1.2,11.0
2021-12-24,0.00,0.00,0.00,0.0,3,4.5,33.2
2021-12-25,0.00,0.00,0.00,0.0,3,9.4,35.2
2021-12-26,0.00,0.00,0.00,0.0,3,12.0,31.6
2021-12-27,0.00,0.00,0.00,0.0,3,13.3,27.5
2021-12-28,0.00,0.00,0.00,0.0,3,13.1,28.0
2021-12-29,4.50,4.50,0.00,8.0,53,11.3,18.1
2021-12-30,2.20,2.20,0.00,7.0,53,11.2,30.1
2021-12-31,0.00,0.00,0.00,0.0,3,8.5,29.8
2022-01-01,1.80,1.80,0.00,7.0,53,7.7,16.6
2022-01-02,0.90,0.90,0.00,4.0,51,8.8,21.0
2022-01-03,0.00,0.00,0.00,0.0,3,8.6,22.9
2022-01-04,0.00,0.00,0.00,0.0,3,10.1,15.7
2022-01-05,0.00,0.00,0.00,0.0,2,12.8,33.3
2022-01-06,0.00,0.00,0.00,0.0,3,14.0,33.9
2022-01-07,0.70,0.70,0.00,5.0,51,10.5,23.2
2022-01-08,0.70,0.70,0.00,2.0,53,9.9,21.3
2022-01-09,0.10,0.10,0.00,1.0,51,10.0,12.6
2022-01-10,0.20,0.20,0.00,1.0,51,9.7,16.5
2022-01-11,2.30,2.30,0.00,14.0,51,8.7,39.3
2022-01-12,18.40,16.50,1.33,21.0,73,3.3,43.4
2022-01-13,0.20,0.00,0.14,2.0,71,1.2,29.8
2022-01-14,0.00,0.00,0.00,0.0,3,2.1,17.2
2022-01-15,0.10,0.10,0.00,1.0,51,4.4,25.6
2022-01-16,0.30,0.20,0.07,1.0,71,2.8,18.5
2022-01-17,0.50,0.50,0.00,1.0,53,4.6,29.6
2022-01-18,6.70,5.60,0.77,9.0,73,4.6,29.8
2022-01-19,1.30,0.00,0.91,5.0,73,1.6,28.0
2022-01-20,0.00,0.00,0.00,0.0,3,4.5,32.7
2022-01-21,30.50,24.30,4.34,16.0,75,5.9,29.5
2022-01-22,3.80,0.90,2.03,12.0,73,0.8,15.1
2022-01-23,3.00,0.00,2.10,17.0,73,-0.3,30.7
2022-01-24,4.60,0.10,3.15,7.0,75,0.1,33.4
2022-01-25,3.70,0.00,2.59,4.0,75,-0.2,31.2
2022-01-26,0.20,0.00,0.14,2.0,71,0.1,18.1
2022-01-27,0.70,0.30,0.28,2.0,73,1.6,11.1
2022-01-28,0.10,0.10,0.00,1.0,51,4.0,25.9
2022-01-29,0.20,0.20,0.00,2.0,51,5.0,17.7
2022-01-30,0.00,0.00,0.00,0.0,3,2.9,17.5
2022-01-31,0.20,0.20,0.00,1.0,51,4.0,17.6
2022-02-01,2.00,2.00,0.00,4.0,61,6.2,20.9
2022-02-02,16.40,16.40,0.00,16.0,63,7.0,22.0
2022-02-03,19.30,18.90,0.28,23.0,73,4.0,28.6
2022-02-04,0.00,0.00,0.00,0.0,3,3.5,20.4
2022-02-05,0.00,0.00,0.00,0.0,2,3.8,20.2
2022-02-06,0.00,0.00,0.00,0.0,3,6.0,12.7
2022-02-07,7.20,7.20,0.00,5.0,61,8.6,34.3
2022-02-08,54.90,54.90,0.00,24.0,63,6.3,40.5
2022-02-09,4.60,4.60,0.00,7.0,55,4.7,34.5
2022-02-10,0.00,0.00,0.00,0.0,2,4.6,18.2
2022-02-11,0.00,0.00,0.00,0.0,0,4.5,12.2
2022-02-12,0.00,0.00,0.00,0.0,3,6.8,24.6
2022-02-13,0.00,0.00,0.00,0.0,3,6.6,29.6
2022-02-14,0.00,0.00,0.00,0.0,3,5.6,17.1
2022-02-15,0.00,0.00,0.00,0.0,1,4.3,11.2
2022-02-16,0.00,0.00,0.00,0.0,3,6.5,11.0
2022-02-17,0.00,0.00,0.00,0.0,3,8.4,16.5
2022-02-18,4.90,4.90,0.00,7.0,63,8.3,24.0
2022-02-19,0.00,0.00,0.00,0.0,3,5.7,10.9
2022-02-20,0.00,0.00,0.00,0.0,3,8.2,10.8
2022-02-21,0.00,0.00,0.00,0.0,3,10.3,11.2
2022-02-22,0.70,0.70,0.00,3.0,51,11.9,16.2
2022-02-23,13.20,13.20,0.00,17.0,63,9.0,24.3
2022-02-24,14.60,14.60,0.00,22.0,61,6.1,32.6
2022-02-25,5.80,5.80,0.00,15.0,53,6.5,35.5
2022-02-26,0.00,0.00,0.00,0.0,3,7.2,18.8
2022-02-27,2.40,2.40,0.00,2.0,61,7.3,28.6
2022-02-28,2.40,2.40,0.00,9.0,53,5.7,26.6
2022-03-01,0.90,0.90,0.00,7.0,51,3.2,20.9
2022-03-02,0.20,0.20,0.00,2.0,51,3.1,20.5
2022-03-03,1.40,1.40,0.00,10.0,51,3.8,22.5
2022-03-04,0.80,0.80,0.00,6.0,51,5.8,15.5
2022-03-05,0.30,0.30,0.00,3.0,51,5.8,22.1
2022-03-06,1.00,1.00,0.00,4.0,53,6.6,33.0
2022-03-07,3.50,3.50,0.00,10.0,55,5.8,19.8
2022-03-08,3.60,3.60,0.00,14.0,53,4.4,24.8
2022-03-09,0.80,0.70,0.07,6.0,71,3.3,26.3
2022-03-10,1.70,0.30,0.98,9.0,73,1.5,35.1
2022-03-11,3.20,0.10,2.17,17.0,73,-0.3,35.4
2022-03-12,5.50,0.00,3.92,13.0,75,-1.5,26.1
2022-03-13,1.30,0.00,0.91,5.0,73,0.5,18.7
2022-03-14,0.20,0.20,0.00,2.0,51,-0.9,15.8
2022-03-15,0.00,0.00,0.00,0.0,3,3.4,15.0
2022-03-16,0.00,0.00,0.00,0.0,3,4.8,13.1
2022-03-17,2.90,2.90,0.00,13.0,53,5.0,33.7
2022-03-18,2.20,0.00,1.54,14.0,73,1.5,35.4
2022-03-19,3.60,0.10,2.45,17.0,73,1.3,28.2
2022-03-20,0.30,0.10,0.14,3.0,71,3.4,31.9
2022-03-21,0.10,0.10,0.00,1.0,51,4.2,30.3
2022-03-22,0.40,0.40,0.00,2.0,51,4.4,20.2
2022-03-23,0.90,0.90,0.00,6.0,51,5.3,29.0
2022-03-24,0.00,0.00,0.00,0.0,3,5.9,16.4
2022-03-25,0.10,0.10,0.00,1.0,51,7.5,17.0
2022-03-26,3.20,2.80,0.28,5.0,73,6.1,15.8
2022-03-27,0.00,0.00,0.00,0.0,0,8.0,21.7
2022-03-28,0.00,0.00,0.00,0.0,3,10.8,10.4
2022-03-29,0.00,0.00,0.00,0.0,3,11.5,18.8
2022-03-30,0.00,0.00,0.00,0.0,3,11.6,20.1
2022-03-31,0.00,0.00,0.00,0.0,3,13.5,25.4
2022-04-01,0.40,0.40,0.00,1.0,51,16.4,28.4
2022-04-02,0.00,0.00,0.00,0.0,3,16.4,36.0
2022-04-03,8.10,8.10,0.00,9.0,63,13.0,38.1
2022-04-04,2.10,2.10,0.00,5.0,53,9.3,21.3
2022-04-05,12.80,12.80,0.00,16.0,61,9.3,13.1
2022-04-06,0.00,0.00,0.00,0.0,3,10.6,17.8
2022-04-07,4.80,4.80,0.00,5.0,61,12.0,24.3
2022-04-08,0.20,0.20,0.00,2.0,51,12.7,23.3
2022-04-09,0.00,0.00,0.00,0.0,2,14.8,13.9
2022-04-10,0.00,0.00,0.00,0.0,3,16.0,19.6
2022-04-11,12.50,12.50,0.00,15.0,61,8.3,30.8
2022-04-12,2.10,2.10,0.00,4.0,61,8.2,12.0
2022-04-13,0.10,0.10,0.00,1.0,51,9.2,14.1
2022-04-14,0.00,0.00,0.00,0.0,0,10.6,12.2
2022-04-15,0.00,0.00,0.00,0.0,0,12.6,16.3
2022-04-16,0.00,0.00,0.00,0.0,3,13.9,12.0
2022-04-17,7.90,7.90,0.00,13.0,61,11.1,33.5
2022-04-18,7.90,7.90,0.00,19.0,55,8.0,32.4
2022-04-19,3.70,3.70,0.00,11.0,53,7.3,21.6
2022-04-20,0.00,0.00,0.00,0.0,1,9.4,12.6
2022-04-21,1.00,1.00,0.00,3.0,53,10.6,19.5
2022-04-22,0.00,0.00,0.00,0.0,3,14.6,13.0
2022-04-23,0.20,0.20,0.00,1.0,51,16.0,12.4
2022-04-24,0.00,0.00,0.00,0.0,1,16.3,21.2
2022-04-25,0.00,0.00,0.00,0.0,3,14.7,17.2
2022-04-26,0.00,0.00,0.00,0.0,3,16.7,19.0
2022-04-27,0.00,0.00,0.00,0.0,0,14.5,23.2
2022-04-28,0.00,0.00,0.00,0.0,0,14.1,29.6
2022-04-29,0.00,0.00,0.00,0.0,3,13.8,26.9
2022-04-30,0.50,0.50,0.00,2.0,51,13.0,27.9
2022-05-01,0.00,0.00,0.00,0.0,3,13.7,26.0
2022-05-02,0.20,0.20,0.00,1.0,51,13.7,35.1
2022-05-03,4.40,4.40,0.00,13.0,61,12.3,23.2
2022-05-04,0.60,0.60,0.00,5.0,51,11.4,21.7
2022-05-05,0.00,0.00,0.00,0.0,3,12.0,16.7
2022-05-06,0.00,0.00,0.00,0.0,1,12.9,24.4
2022-05-07,0.00,0.00,0.00,0.0,3,12.9,23.2
2022-05-08,0.00,0.00,0.00,0.0,3,12.9,27.9
2022-05-09,0.00,0.00,0.00,0.0,3,12.8,27.6
2022-05-10,0.00,0.00,0.00,0.0,0,13.3,27.6
2022-05-11,0.00,0.00,0.00,0.0,3,14.7,19.6
2022-05-12,0.00,0.00,0.00,0.0,0,17.2,13.2
2022-05-13,0.00,0.00,0.00,0.0,3,19.2,16.1
2022-05-14,0.00,0.00,0.00,0.0,3,18.7,15.2
2022-05-15,0.00,0.00,0.00,0.0,3,18.5,18.0
2022-05-16,0.00,0.00,0.00,0.0,3,19.0,15.3
2022-05-17,0.00,0.00,0.00,0.0,3,20.1,11.8
2022-05-18,8.30,8.30,0.00,6.0,63,17.2,37.9
2022-05-19,0.50,0.50,0.00,4.0,51,13.5,27.6
2022-05-20,0.00,0.00,0.00,0.0,0,14.8,22.9
2022-05-21,0.00,0.00,0.00,0.0,0,17.6,10.9
2022-05-22,0.10,0.10,0.00,1.0,51,17.8,16.5
2022-05-23,1.90,1.90,0.00,4.0,53,17.9,17.4
2022-05-24,0.00,0.00,0.00,0.0,3,19.2,17.6
2022-05-25,5.30,5.30,0.00,4.0,63,19.9,20.4
2022-05-26,0.00,0.00,0.00,0.0,3,21.3,12.3
2022-05-27,0.00,0.00,0.00,0.0,3,21.7,18.1
2022-05-28,0.00,0.00,0.00,0.0,3,23.3,11.4
2022-05-29,0.00,0.00,0.00,0.0,3,25.6,19.1
2022-05-30,0.00,0.00,0.00,0.0,1,23.8,21.3
2022-05-31,0.00,0.00,0.00,0.0,0,22.3,19.2
2022-06-01,0.00,0.00,0.00,0.0,2,21.4,22.2
2022-06-02,0.00,0.00,0.00,0.0,3,20.5,24.7
2022-06-03,0.00,0.00,0.00,0.0,3,21.3,26.7
2022-06-04,0.00,0.00,0.00,0.0,2,21.7,30.7
2022-06-05,0.00,0.00,0.00,0.0,3,22.4,19.4
2022-06-06,0.00,0.00,0.00,0.0,3,21.4,24.0
2022-06-07,0.10,0.10,0.00,1.0,51,19.4,19.1
2022-06-08,1.70,1.70,0.00,9.0,51,19.4,19.3
2022-06-09,0.00,0.00,0.00,0.0,3,21.2,13.5
2022-06-10,0.20,0.20,0.00,1.0,51,23.6,23.9
2022-06-11,7.10,7.10,0.00,8.0,63,21.9,17.9
2022-06-12,15.50,15.50,0.00,17.0,63,19.7,26.5
2022-06-13,0.00,0.00,0.00,0.0,3,21.0,24.2
2022-06-14,0.00,0.00,0.00,0.0,0,21.9,19.2
2022-06-15,0.50,0.50,0.00,1.0,53,21.5,26.8
2022-06-16,0.00,0.00,0.00,0.0,3,21.2,28.0
2022-06-17,0.00,0.00,0.00,0.0,3,21.1,24.4
2022-06-18,0.00,0.00,0.00,0.0,3,21.1,30.8
2022-06-19,0.00,0.00,0.00,0.0,1,21.3,26.3
2022-06-20,4.50,4.50,0.00,9.0,61,21.1,23.9
2022-06-21,10.40,10.40,0.00,10.0,63,20.4,15.5
2022-06-22,0.00,0.00,0.00,0.0,3,23.9,14.3
2022-06-23,0.50,0.50,0.00,2.0,51,22.9,16.3
2022-06-24,2.60,2.60,0.00,5.0,55,21.6,20.2
2022-06-25,0.10,0.10,0.00,1.0,51,22.6,16.7
2022-06-26,0.20,0.20,0.00,2.0,51,21.6,20.1
2022-06-27,3.00,3.00,0.00,8.0,53,22.2,23.4
2022-06-28,8.10,8.10,0.00,11.0,63,22.4,26.0
2022-06-29,2.20,2.20,0.00,9.0,53,22.1,22.1
2022-06-30,0.10,0.10,0.00,1.0,51,22.4,22.8
2022-07-01,0.00,0.00,0.00,0.0,0,24.0,20.1
2022-07-02,0.00,0.00,0.00,0.0,2,24.2,25.1
2022-07-03,0.00,0.00,0.00,0.0,0,23.6,32.1
2022-07-04,0.00,0.00,0.00,0.0,0,22.8,31.3
2022-07-05,0.00,0.00,0.00,0.0,0,23.4,30.8
2022-07-06,0.00,0.00,0.00,0.0,1,23.9,28.0
2022-07-07,1.50,1.50,0.00,3.0,55,24.4,24.0
2022-07-08,1.40,1.40,0.00,4.0,53,23.8,24.9
2022-07-09,1.00,1.00,0.00,5.0,51,24.0,29.3
2022-07-10,22.30,22.30,0.00,15.0,63,20.7,24.5
2022-07-11,0.40,0.40,0.00,2.0,51,22.1,19.8
2022-07-12,0.40,0.40,0.00,3.0,51,22.3,21.7
2022-07-13,0.30,0.30,0.00,3.0,51,22.1,22.5
2022-07-14,0.00,0.00,0.00,0.0,1,22.8,28.3
2022-07-15,0.00,0.00,0.00,0.0,1,23.4,26.1
2022-07-16,0.00,0.00,0.00,0.0,0,24.1,22.2
2022-07-17,0.00,0.00,0.00,0.0,1,24.6,22.3
2022-07-18,0.30,0.30,0.00,1.0,51,23.7,34.7
2022-07-19,0.00,0.00,0.00,0.0,3,22.5,33.6
2022-07-20,0.00,0.00,0.00,0.0,3,23.4,31.9
2022-07-21,0.00,0.00,0.00,0.0,0,23.6,21.4
2022-07-22,0.00,0.00,0.00,0.0,3,24.2,18.8
2022-07-23,0.00,0.00,0.00,0.0,0,25.3,16.1
2022-07-24,0.00,0.00,0.00,0.0,0,25.5,18.1
2022-07-25,0.00,0.00,0.00,0.0,3,24.9,24.1
2022-07-26,0.00,0.00,0.00,0.0,0,25.6,23.5
2022-07-27,0.00,0.00,0.00,0.0,0,25.1,26.0
2022-07-28,0.00,0.00,0.00,0.0,0,25.1,34.6
2022-07-29,0.00,0.00,0.00,0.0,1,25.3,30.6
2022-07-30,0.00,0.00,0.00,0.0,2,25.6,26.6
2022-07-31,1.50,1.50,0.00,5.0,53,26.1,25.0
2022-08-01,0.30,0.30,0.00,1.0,51,25.5,22.2
2022-08-02,0.00,0.00,0.00,0.0,0,24.1,23.8
2022-08-03,0.00,0.00,0.00,0.0,1,24.6,27.9
2022-08-04,0.00,0.00,0.00,0.0,2,25.2,29.4
2022-08-05,0.00,0.00,0.00,0.0,1,25.5,24.8
2022-08-06,0.00,0.00,0.00,0.0,1,25.5,28.2
2022-08-07,0.40,0.40,0.00,2.0,51,25.9,27.2
2022-08-08,0.80,0.80,0.00,1.0,53,26.7,35.6
2022-08-09,0.10,0.10,0.00,1.0,51,27.0,28.8
2022-08-10,3.20,3.20,0.00,5.0,61,25.3,30.0
2022-08-11,13.60,13.60,0.00,15.0,65,22.7,23.9
2022-08-12,0.30,0.30,0.00,1.0,51,24.1,22.4
2022-08-13,0.90,0.90,0.00,4.0,53,24.7,24.2
2022-08-14,1.00,1.00,0.00,6.0,51,25.1,16.3
2022-08-15,24.20,24.20,0.00,12.0,63,21.5,19.5
2022-08-16,0.00,0.00,0.00,0.0,2,24.0,17.8
2022-08-17,0.00,0.00,0.00,0.0,2,25.0,12.1
2022-08-18,0.00,0.00,0.00,0.0,3,25.5,16.6
2022-08-19,0.30,0.30,0.00,2.0,51,25.2,19.7
2022-08-20,1.30,1.30,0.00,7.0,51,24.9,21.0
2022-08-21,0.00,0.00,0.00,0.0,3,25.4,23.0
2022-08-22,0.10,0.10,0.00,1.0,51,26.3,21.9
2022-08-23,4.40,4.40,0.00,6.0,61,26.1,21.9
2022-08-24,0.40,0.40,0.00,4.0,51,26.1,29.6
2022-08-25,8.40,8.40,0.00,13.0,63,23.4,16.5
2022-08-26,0.60,0.60,0.00,2.0,53,23.3,7.9
2022-08-27,1.30,1.30,0.00,10.0,51,24.3,8.4
2022-08-28,0.00,0.00,0.00,0.0,3,25.1,18.8
2022-08-29,0.00,0.00,0.00,0.0,1,25.5,23.2
2022-08-30,0.10,0.10,0.00,1.0,51,25.9,24.7
2022-08-31,3.70,3.70,0.00,8.0,61,24.7,17.5
2022-09-01,8.40,8.40,0.00,11.0,63,23.9,17.5
2022-09-02,0.20,0.20,0.00,2.0,51,25.3,20.1
2022-09-03,0.10,0.10,0.00,1.0,51,23.5,20.9
2022-09-04,0.70,0.70,0.00,6.0,51,22.2,26.8
2022-09-05,0.20,0.20,0.00,2.0,51,20.9,32.3
2022-09-06,0.80,0.80,0.00,5.0,51,20.6,32.6
2022-09-07,0.00,0.00,0.00,0.0,2,21.0,30.9
2022-09-08,0.00,0.00,0.00,0.0,0,20.8,22.9
2022-09-09,0.00,0.00,0.00,0.0,0,21.3,15.4
2022-09-10,0.00,0.00,0.00,0.0,0,22.0,8.9
2022-09-11,0.00,0.00,0.00,0.0,1,23.0,17.4
2022-09-12,2.40,2.40,0.00,3.0,61,20.4,28.8
2022-09-13,1.20,1.20,0.00,7.0,51,19.0,20.0
2022-09-14,0.00,0.00,0.00,0.0,3,19.7,10.4
2022-09-15,0.00,0.00,0.00,0.0,3,21.6,20.9
2022-09-16,0.00,0.00,0.00,0.0,3,24.2,16.9
2022-09-17,0.00,0.00,0.00,0.0,3,24.3,15.3
2022-09-18,10.60,10.60,0.00,5.0,63,21.9,25.6
2022-09-19,0.00,0.00,0.00,0.0,3,18.8,20.2
2022-09-20,0.00,0.00,0.00,0.0,1,17.1,26.0
2022-09-21,0.90,0.90,0.00,3.0,51,17.0,21.9
2022-09-22,13.20,13.20,0.00,20.0,61,14.0,26.8
2022-09-23,1.10,1.10,0.00,3.0,53,13.9,18.0
2022-09-24,0.00,0.00,0.00,0.0,2,15.4,15.1
2022-09-25,0.00,0.00,0.00,0.0,2,16.7,11.8
2022-09-26,0.00,0.00,0.00,0.0,3,17.6,17.0
2022-09-27,2.20,2.20,0.00,1.0,61,20.1,33.4
2022-09-28,3.90,3.90,0.00,7.0,61,21.7,28.5
2022-09-29,0.00,0.00,0.00,0.0,0,22.4,20.1
2022-09-30,0.00,0.00,0.00,0.0,2,22.4,13.8
2022-10-01,0.00,0.00,0.00,0.0,3,22.2,11.5
2022-10-02,5.00,5.00,0.00,5.0,63,21.5,30.3
2022-10-03,0.00,0.00,0.00,0.0,3,18.2,14.2
2022-10-04,0.20,0.20,0.00,2.0,51,16.6,18.9
2022-10-05,0.00,0.00,0.00,0.0,2,16.1,23.6
2022-10-06,0.10,0.10,0.00,1.0,51,17.1,30.8
2022-10-07,1.60,1.60,0.00,8.0,51,17.8,32.9
2022-10-08,5.60,5.60,0.00,9.0,63,18.0,25.8
2022-10-09,0.00,0.00,0.00,0.0,3,17.0,14.5
2022-10-10,0.00,0.00,0.00,0.0,3,17.2,23.3
2022-10-11,0.00,0.00,0.00,0.0,3,17.2,25.4
2022-10-12,0.50,0.50,0.00,4.0,51,16.8,24.5
2022-10-13,0.10,0.10,0.00,1.0,51,17.4,24.2
2022-10-14,1.60,1.60,0.00,7.0,53,17.0,31.4
2022-10-15,10.00,10.00,0.00,22.0,61,16.1,32.4
2022-10-16,0.60,0.60,0.00,5.0,51,16.4,33.2
2022-10-17,0.40,0.40,0.00,3.0,51,16.5,32.3
2022-10-18,0.20,0.20,0.00,2.0,51,16.7,29.1
2022-10-19,0.00,0.00,0.00,0.0,3,16.2,16.6
2022-10-20,0.40,0.40,0.00,4.0,51,13.7,27.6
2022-10-21,0.00,0.00,0.00,0.0,1,12.6,21.2
2022-10-22,0.00,0.00,0.00,0.0,1,11.8,11.6
2022-10-23,0.00,0.00,0.00,0.0,3,14.9,22.0
2022-10-24,0.00,0.00,0.00,0.0,2,15.3,9.4
2022-10-25,0.00,0.00,0.00,0.0,3,15.3,11.5
2022-10-26,0.00,0.00,0.00,0.0,3,15.9,19.2
2022-10-27,0.00,0.00,0.00,0.0,3,15.5,19.1
2022-10-28,0.00,0.00,0.00,0.0,1,15.5,26.0
2022-10-29,0.00,0.00,0.00,0.0,2,14.0,23.9
2022-10-30,0.00,0.00,0.00,0.0,0,13.3,14.2
2022-10-31,2.00,2.00,0.00,2.0,55,13.7,17.1
2022-11-01,0.00,0.00,0.00,0.0,3,14.0,14.5
2022-11-02,0.00,0.00,0.00,0.0,0,13.1,13.3
2022-11-03,0.00,0.00,0.00,0.0,3,14.9,19.6
2022-11-04,0.00,0.00,0.00,0.0,3,15.0,14.2
2022-11-05,0.00,0.00,0.00,0.0,3,16.8,11.1
2022-11-06,0.00,0.00,0.00,0.0,3,16.8,17.1
2022-11-07,0.10,0.10,0.00,1.0,51,14.5,27.4
2022-11-08,0.00,0.00,0.00,0.0,3,12.2,17.9
2022-11-09,0.00,0.00,0.00,0.0,3,11.6,16.3
2022-11-10,0.00,0.00,0.00,0.0,0,11.2,17.1
2022-11-11,0.00,0.00,0.00,0.0,3,12.0,17.7
2022-11-12,0.00,0.00,0.00,0.0,3,14.3,27.0
2022-11-13,0.00,0.00,0.00,0.0,3,13.9,21.0
2022-11-14,0.00,0.00,0.00,0.0,3,12.5,22.5
2022-11-15,0.00,0.00,0.00,0.0,3,12.5,17.7
2022-11-16,0.00,0.00,0.00,0.0,3,11.7,23.0
2022-11-17,3.30,3.30,0.00,6.0,61,16.0,35.8
2022-11-18,10.30,10.30,0.00,7.0,63,17.7,33.5
2022-11-19,0.00,0.00,0.00,0.0,3,19.2,35.7
2022-11-20,0.00,0.00,0.00,0.0,3,19.7,27.9
2022-11-21,0.60,0.60,0.00,2.0,53,18.9,39.6
2022-11-22,17.00,17.00,0.00,7.0,63,12.9,31.1
2022-11-23,3.60,3.60,0.00,7.0,55,14.4,30.6
2022-11-24,0.30,0.30,0.00,2.0,51,12.4,9.7
2022-11-25,1.20,1.20,0.00,5.0,53,10.3,22.0
2022-11-26,0.10,0.10,0.00,1.0,51,8.8,21.0
2022-11-27,0.00,0.00,0.00,0.0,3,8.3,19.0
2022-11-28,0.00,0.00,0.00,0.0,3,9.9,25.5
2022-11-29,0.00,0.00,0.00,0.0,3,11.4,14.2
2022-11-30,0.10,0.10,0.00,1.0,51,12.8,26.0
2022-12-01,0.80,0.80,0.00,6.0,51,13.0,24.2
2022-12-02,6.90,6.90,0.00,11.0,63,10.7,18.9
2022-12-03,0.00,0.00,0.00,0.0,3,10.7,20.7
2022-12-04,0.00,0.00,0.00,0.0,3,10.3,23.4
2022-12-05,0.20,0.20,0.00,1.0,51,10.4,17.9
2022-12-06,0.10,0.10,0.00,1.0,51,10.4,16.1
2022-12-07,0.10,0.10,0.00,1.0,51,8.9,15.0
2022-12-08,0.00,0.00,0.00,0.0,3,10.2,12.5
2022-12-09,0.30,0.30,0.00,1.0,51,13.2,19.9
2022-12-10,1.50,1.50,0.00,5.0,51,14.6,27.7
2022-12-11,0.10,0.10,0.00,1.0,51,16.0,43.6
2022-12-12,3.70,3.70,0.00,5.0,63,14.2,31.8
2022-12-13,14.50,14.50,0.00,11.0,63,8.5,29.2
2022-12-14,0.00,0.00,0.00,0.0,3,8.0,22.8
2022-12-15,12.20,12.20,0.00,8.0,63,11.8,26.0
2022-12-16,1.50,1.50,0.00,3.0,53,14.1,18.4
2022-12-17,0.00,0.00,0.00,0.0,3,14.5,16.5
2022-12-18,0.90,0.90,0.00,4.0,51,11.7,27.9
2022-12-19,2.30,2.30,0.00,11.0,51,7.1,35.4
2022-12-20,0.00,0.00,0.00,0.0,3,6.9,32.4
2022-12-21,0.00,0.00,0.00,0.0,3,6.5,15.3
2022-12-22,0.00,0.00,0.00,0.0,0,6.9,14.0
2022-12-23,0.00,0.00,0.00,0.0,3,6.9,13.0
2022-12-24,0.00,0.00,0.00,0.0,3,7.5,17.1
2022-12-25,2.30,2.30,0.00,7.0,53,9.6,13.4
2022-12-26,0.00,0.00,0.00,0.0,3,6.8,11.2
2022-12-27,0.00,0.00,0.00,0.0,3,9.0,20.0
2022-12-28,0.80,0.80,0.00,2.0,53,8.8,20.2
2022-12-29,0.00,0.00,0.00,0.0,3,8.7,15.5
2022-12-30,0.00,0.00,0.00,0.0,3,8.2,13.8
2022-12-31,0.00,0.00,0.00,0.0,3,8.2,12.0
2023-01-01,0.00,0.00,0.00,0.0,0,7.7,11.2
2023-01-02,0.00,0.00,0.00,0.0,0,6.5,12.2
2023-01-03,0.00,0.00,0.00,0.0,3,6.7,17.6
2023-01-04,0.10,0.10,0.00,1.0,51,8.5,15.9
2023-01-05,0.00,0.00,0.00,0.0,3,9.4,13.5
2023-01-06,4.00,4.00,0.00,8.0,61,9.6,19.5
2023-01-07,0.00,0.00,0.00,0.0,3,7.3,7.8
2023-01-08,0.00,0.00,0.00,0.0,3,6.2,12.4
2023-01-09,0.00,0.00,0.00,0.0,3,6.5,20.4
2023-01-10,0.70,0.70,0.00,1.0,53,9.2,26.5
2023-01-11,1.00,1.00,0.00,8.0,51,10.4,24.5
2023-01-12,0.70,0.70,0.00,4.0,51,8.9,19.2
2023-01-13,2.60,2.60,0.00,4.0,55,9.4,20.8
2023-01-14,0.00,0.00,0.00,0.0,3,8.9,18.8
2023-01-15,0.00,0.00,0.00,0.0,3,8.5,21.0
2023-01-16,0.00,0.00,0.00,0.0,3,6.9,13.8
2023-01-17,0.00,0.00,0.00,0.0,3,12.7,36.2
2023-01-18,0.00,0.00,0.00,0.0,3,15.0,39.4
2023-01-19,0.00,0.00,0.00,0.0,3,13.9,30.5
2023-01-20,2.30,2.30,0.00,2.0,55,11.8,31.5
2023-01-21,0.00,0.00,0.00,0.0,3,11.6,27.7
2023-01-22,0.00,0.00,0.00,0.0,3,10.9,11.9
2023-01-23,0.00,0.00,0.00,0.0,3,8.8,22.2
2023-01-24,0.00,0.00,0.00,0.0,3,7.8,20.5
2023-01-25,0.20,0.20,0.00,2.0,51,6.2,25.8
2023-01-26,0.00,0.00,0.00,0.0,3,7.9,23.0
2023-01-27,9.90,9.90,0.00,11.0,63,10.0,27.2
2023-01-28,2.30,2.30,0.00,6.0,53,6.7,20.9
2023-01-29,0.10,0.10,0.00,1.0,51,4.0,23.3
2023-01-30,0.00,0.00,0.00,0.0,3,3.7,17.9
2023-01-31,0.00,0.00,0.00,0.0,3,2.5,17.9
2023-02-01,2.30,1.50,0.56,9.0,73,4.0,18.5
2023-02-02,0.10,0.10,0.00,1.0,51,7.0,28.7
2023-02-03,1.70,1.70,0.00,5.0,53,4.7,30.8
2023-02-04,3.40,3.40,0.00,9.0,53,4.4,30.8
2023-02-05,12.30,10.00,1.61,16.0,73,2.9,47.8
2023-02-06,19.80,7.90,8.33,24.0,75,2.9,49.0
2023-02-07,3.90,0.70,2.24,20.0,73,1.6,39.2
2023-02-08,2.60,1.00,1.12,15.0,73,1.4,34.7
2023-02-09,2.30,2.30,0.00,11.0,51,3.1,28.7
2023-02-10,0.50,0.50,0.00,4.0,51,3.1,22.2
2023-02-11,0.00,0.00,0.00,0.0,3,2.9,19.9
2023-02-12,0.00,0.00,0.00,0.0,3,1.8,14.4
2023-02-13,0.20,0.20,0.00,2.0,51,4.6,17.9
2023-02-14,0.00,0.00,0.00,0.0,3,3.3,13.0
2023-02-15,1.10,1.10,0.00,7.0,51,4.1,25.6
2023-02-16,0.00,0.00,0.00,0.0,3,3.6,21.1
2023-02-17,0.00,0.00,0.00,0.0,3,6.7,24.8
2023-02-18,0.00,0.00,0.00,0.0,3,9.6,28.9
2023-02-19,0.00,0.00,0.00,0.0,3,11.2,28.1
2023-02-20,3.00,3.00,0.00,7.0,55,9.0,24.3
2023-02-21,0.00,0.00,0.00,0.0,3,9.1,22.2
2023-02-22,0.00,0.00,0.00,0.0,3,10.3,15.3
2023-02-23,0.00,0.00,0.00,0.0,3,8.6,28.0
2023-02-24,0.00,0.00,0.00,0.0,3,7.9,24.1
2023-02-25,0.00,0.00,0.00,0.0,3,11.3,28.6
2023-02-26,0.00,0.00,0.00,0.0,3,13.6,25.5
2023-02-27,0.10,0.10,0.00,1.0,51,14.6,21.4
2023-02-28,1.80,1.80,0.00,8.0,51,9.9,24.0
2023-03-01,2.50,2.50,0.00,6.0,53,8.2,29.3
2023-03-02,0.00,0.00,0.00,0.0,3,7.5,23.7
2023-03-03,0.30,0.30,0.00,3.0,51,7.8,19.9
2023-03-04,0.50,0.50,0.00,2.0,51,8.5,11.9
2023-03-05,12.30,12.30,0.00,19.0,61,9.2,13.8
2023-03-06,0.90,0.90,0.00,4.0,51,8.4,10.2
2023-03-07,0.20,0.20,0.00,2.0,51,10.5,23.3
2023-03-08,1.30,1.30,0.00,7.0,53,11.9,23.3
2023-03-09,1.60,1.60,0.00,3.0,55,12.8,26.7
2023-03-10,0.00,0.00,0.00,0.0,3,14.0,26.8
2023-03-11,22.60,22.60,0.00,7.0,65,13.9,33.4
2023-03-12,2.50,2.50,0.00,7.0,53,9.2,27.0
2023-03-13,0.30,0.30,0.00,3.0,51,7.4,33.2
2023-03-14,0.00,0.00,0.00,0.0,3,7.3,23.5
2023-03-15,0.00,0.00,0.00,0.0,3,8.7,10.4
2023-03-16,5.60,5.60,0.00,13.0,61,10.1,19.7
2023-03-17,20.00,20.00,0.00,24.0,61,7.6,29.6
2023-03-18,8.80,8.80,0.00,24.0,61,7.2,25.1
2023-03-19,3.40,3.40,0.00,13.0,53,8.5,28.0
2023-03-20,0.00,0.00,0.00,0.0,3,9.3,13.8
2023-03-21,0.00,0.00,0.00,0.0,3,9.8,22.7
2023-03-22,8.50,8.50,0.00,15.0,55,8.7,20.9
2023-03-23,1.00,1.00,0.00,4.0,51,9.2,17.4
2023-03-24,0.00,0.00,0.00,0.0,3,9.1,14.6
2023-03-25,0.00,0.00,0.00,0.0,3,8.8,12.2
2023-03-26,7.50,7.50,0.00,6.0,63,10.3,13.6
2023-03-27,0.10,0.10,0.00,1.0,51,13.8,36.2
2023-03-28,20.70,20.70,0.00,17.0,63,9.6,40.6
2023-03-29,14.40,13.80,0.42,21.0,73,4.7,29.6
2023-03-30,1.80,0.30,1.05,2.0,75,4.4,20.0
2023-03-31,0.30,0.30,0.00,1.0,51,8.3,23.1
2023-04-01,1.30,1.30,0.00,1.0,61,13.9,34.9
2023-04-02,10.10,10.10,0.00,13.0,63,13.5,32.9
2023-04-03,3.70,3.70,0.00,10.0,53,13.5,30.1
2023-04-04,5.20,5.20,0.00,7.0,63,13.4,23.5
2023-04-05,1.70,1.70,0.00,9.0,51,8.5,22.0
2023-04-06,5.60,5.60,0.00,7.0,61,9.6,13.4
2023-04-07,2.90,2.90,0.00,12.0,53,8.9,18.9
2023-04-08,0.10,0.10,0.00,1.0,51,9.8,23.0
2023-04-09,0.00,0.00,0.00,0.0,3,10.2,27.4
2023-04-10,4.70,4.70,0.00,19.0,53,9.7,29.1
2023-04-11,5.60,5.60,0.00,21.0,53,9.5,26.3
2023-04-12,17.80,17.80,0.00,19.0,63,10.0,30.8
2023-04-13,0.00,0.00,0.00,0.0,2,11.6,16.3
2023-04-14,0.00,0.00,0.00,0.0,3,15.1,19.3
2023-04-15,0.00,0.00,0.00,0.0,3,16.3,12.6
2023-04-16,0.30,0.30,0.00,2.0,51,15.4,8.8
2023-04-17,0.60,0.60,0.00,2.0,53,14.3,15.3
2023-04-18,0.70,0.70,0.00,3.0,51,12.9,19.7
2023-04-19,3.10,3.10,0.00,7.0,61,12.1,16.0
2023-04-20,0.30,0.30,0.00,2.0,51,11.9,18.8
2023-04-21,0.80,0.80,0.00,2.0,53,12.4,18.5
2023-04-22,0.00,0.00,0.00,0.0,3,13.4,20.7
2023-04-23,0.00,0.00,0.00,0.0,3,11.7,19.9
2023-04-24,0.00,0.00,0.00,0.0,3,12.0,11.7
2023-04-25,0.10,0.10,0.00,1.0,51,14.8,23.7
2023-04-26,17.70,17.70,0.00,15.0,63,14.1,16.9
2023-04-27,18.90,18.90,0.00,19.0,61,10.9,29.6
2023-04-28,0.00,0.00,0.00,0.0,3,10.6,22.6
2023-04-29,0.10,0.10,0.00,1.0,51,10.7,15.9
2023-04-30,0.00,0.00,0.00,0.0,2,12.3,17.1
2023-05-01,0.00,0.00,0.00,0.0,1,13.9,16.1
2023-05-02,0.00,0.00,0.00,0.0,3,14.8,28.7
2023-05-03,0.00,0.00,0.00,0.0,3,15.5,23.5
2023-05-04,6.40,6.40,0.00,4.0,63,14.8,22.0
2023-05-05,1.90,1.90,0.00,4.0,55,12.8,28.1
2023-05-06,19.50,19.50,0.00,8.0,65,12.9,24.9
2023-05-07,0.00,0.00,0.00,0.0,3,14.0,24.2
2023-05-08,0.00,0.00,0.00,0.0,3,13.7,22.3
2023-05-09,0.50,0.50,0.00,3.0,51,12.7,25.3
2023-05-10,0.70,0.70,0.00,4.0,51,12.1,26.3
2023-05-11,0.00,0.00,0.00,0.0,3,12.2,31.8
2023-05-12,0.40,0.40,0.00,4.0,51,12.4,27.5
2023-05-13,0.00,0.00,0.00,0.0,3,13.3,16.4
2023-05-14,0.20,0.20,0.00,2.0,51,14.0,18.9
2023-05-15,0.00,0.00,0.00,0.0,3,17.4,18.1
2023-05-16,0.00,0.00,0.00,0.0,3,19.0,24.7
2023-05-17,7.50,7.50,0.00,5.0,63,15.7,26.2
2023-05-18,7.60,7.60,0.00,17.0,55,14.4,19.8
2023-05-19,1.30,1.30,0.00,8.0,51,14.9,22.3
2023-05-20,1.90,1.90,0.00,5.0,53,15.1,22.6
2023-05-21,0.10,0.10,0.00,1.0,51,16.0,21.1
2023-05-22,0.00,0.00,0.00,0.0,3,16.3,29.5
2023-05-23,2.10,2.10,0.00,9.0,51,16.1,18.6
2023-05-24,1.40,1.40,0.00,9.0,51,16.2,15.5
2023-05-25,0.70,0.70,0.00,4.0,51,17.3,16.2
2023-05-26,2.30,2.30,0.00,2.0,61,17.7,16.3
2023-05-27,0.00,0.00,0.00,0.0,3,17.7,22.8
2023-05-28,1.40,1.40,0.00,10.0,51,17.5,27.8
2023-05-29,0.60,0.60,0.00,6.0,51,18.2,23.7
2023-05-30,2.20,2.20,0.00,11.0,53,18.8,20.9
2023-05-31,9.80,9.80,0.00,8.0,63,19.2,13.0
2023-06-01,0.00,0.00,0.00,0.0,3,19.0,21.9
2023-06-02,0.00,0.00,0.00,0.0,3,19.7,27.8
2023-06-03,2.90,2.90,0.00,5.0,61,19.2,24.2
2023-06-04,6.10,6.10,0.00,12.0,61,18.8,24.4
2023-06-05,0.00,0.00,0.00,0.0,3,18.4,22.4
2023-06-06,0.00,0.00,0.00,0.0,3,19.1,27.1
2023-06-07,0.00,0.00,0.00,0.0,1,18.9,27.3
2023-06-08,0.00,0.00,0.00,0.0,3,19.3,25.3
2023-06-09,0.10,0.10,0.00,1.0,51,19.5,19.1
2023-06-10,0.00,0.00,0.00,0.0,3,19.2,13.5
2023-06-11,0.00,0.00,0.00,0.0,3,20.4,20.3
2023-06-12,1.40,1.40,0.00,6.0,53,19.4,28.0
2023-06-13,0.00,0.00,0.00,0.0,3,19.3,25.6
2023-06-14,1.50,1.50,0.00,11.0,51,19.8,18.5
2023-06-15,0.00,0.00,0.00,0.0,3,20.9,23.2
2023-06-16,0.00,0.00,0.00,0.0,3,22.1,24.6
2023-06-17,5.10,5.10,0.00,10.0,61,21.4,23.6
2023-06-18,1.50,1.50,0.00,5.0,55,21.2,19.1
2023-06-19,15.30,15.30,0.00,16.0,63,20.8,16.0
2023-06-20,10.00,10.00,0.00,16.0,63,20.8,16.7
2023-06-21,0.10,0.10,0.00,1.0,51,22.2,11.5
2023-06-22,0.10,0.10,0.00,1.0,51,22.6,18.3
2023-06-23,0.00,0.00,0.00,0.0,1,23.3,23.1
2023-06-24,0.00,0.00,0.00,0.0,0,23.8,22.4
2023-06-25,0.00,0.00,0.00,0.0,0,22.9,18.7
2023-06-26,0.10,0.10,0.00,1.0,51,23.2,17.4
2023-06-27,0.30,0.30,0.00,2.0,51,23.7,22.4
2023-06-28,0.00,0.00,0.00,0.0,0,24.2,15.2
2023-06-29,1.60,1.60,0.00,3.0,55,20.4,23.0
2023-06-30,0.00,0.00,0.00,0.0,3,20.8,14.0
2023-07-01,0.00,0.00,0.00,0.0,0,23.0,16.6
2023-07-02,0.00,0.00,0.00,0.0,0,25.1,12.2
2023-07-03,0.40,0.40,0.00,2.0,51,25.5,25.5
2023-07-04,0.00,0.00,0.00,0.0,0,25.1,23.6
2023-07-05,0.00,0.00,0.00,0.0,3,24.7,25.0
2023-07-06,1.00,1.00,0.00,2.0,53,25.7,22.9
2023-07-07,0.90,0.90,0.00,3.0,53,26.1,15.3
2023-07-08,21.60,21.60,0.00,19.0,63,22.5,23.0
2023-07-09,0.40,0.40,0.00,3.0,51,22.5,30.1
2023-07-10,0.00,0.00,0.00,0.0,0,23.5,9.9
2023-07-11,0.00,0.00,0.00,0.0,2,24.5,17.1
2023-07-12,0.30,0.30,0.00,1.0,51,26.5,14.3
2023-07-13,0.00,0.00,0.00,0.0,1,27.9,9.8
2023-07-14,0.00,0.00,0.00,0.0,3,29.1,20.3
2023-07-15,0.00,0.00,0.00,0.0,0,26.3,26.0
2023-07-16,0.00,0.00,0.00,0.0,0,24.6,25.3
2023-07-17,0.00,0.00,0.00,0.0,0,24.6,27.7
2023-07-18,0.00,0.00,0.00,0.0,0,24.7,24.8
2023-07-19,0.00,0.00,0.00,0.0,0,25.5,23.8
2023-07-20,0.00,0.00,0.00,0.0,2,27.9,11.0
2023-07-21,0.00,0.00,0.00,0.0,1,26.8,20.9
2023-07-22,0.00,0.00,0.00,0.0,3,28.3,13.8
2023-07-23,0.20,0.20,0.00,1.0,51,28.8,24.8
2023-07-24,0.00,0.00,0.00,0.0,1,26.0,22.7
2023-07-25,0.00,0.00,0.00,0.0,0,27.0,11.3
2023-07-26,0.00,0.00,0.00,0.0,0,30.6,17.1
2023-07-27,0.60,0.60,0.00,3.0,51,25.4,33.6
2023-07-28,0.00,0.00,0.00,0.0,1,22.4,21.2
2023-07-29,0.00,0.00,0.00,0.0,0,22.9,24.0
2023-07-30,0.00,0.00,0.00,0.0,1,23.5,24.2
2023-07-31,0.00,0.00,0.00,0.0,3,23.8,27.7
2023-08-01,0.60,0.60,0.00,5.0,51,24.7,21.0
2023-08-02,0.00,0.00,0.00,0.0,3,25.5,13.8
2023-08-03,0.00,0.00,0.00,0.0,3,29.0,20.0
2023-08-04,0.00,0.00,0.00,0.0,0,29.3,28.3
2023-08-05,0.00,0.00,0.00,0.0,3,27.2,19.4
2023-08-06,0.00,0.00,0.00,0.0,2,28.2,33.8
2023-08-07,0.00,0.00,0.00,0.0,2,27.3,20.4
2023-08-08,0.00,0.00,0.00,0.0,2,25.0,31.9
2023-08-09,0.00,0.00,0.00,0.0,3,23.4,32.4
2023-08-10,1.60,1.60,0.00,3.0,53,24.2,19.4
2023-08-11,1.50,1.50,0.00,8.0,53,23.1,24.3
2023-08-12,0.00,0.00,0.00,0.0,1,24.4,31.3
2023-08-13,0.30,0.30,0.00,2.0,51,25.0,38.7
2023-08-14,0.40,0.40,0.00,4.0,51,25.8,34.7
2023-08-15,0.10,0.10,0.00,1.0,51,26.4,17.5
2023-08-16,0.00,0.00,0.00,0.0,3,25.8,32.7
2023-08-17,0.00,0.00,0.00,0.0,2,26.1,32.4
2023-08-18,0.00,0.00,0.00,0.0,3,26.3,35.1
2023-08-19,0.00,0.00,0.00,0.0,2,25.7,37.4
2023-08-20,0.00,0.00,0.00,0.0,3,25.9,27.0
2023-08-21,0.00,0.00,0.00,0.0,3,26.3,23.8
2023-08-22,0.00,0.00,0.00,0.0,0,26.8,27.0
2023-08-23,0.00,0.00,0.00,0.0,0,26.2,30.0
2023-08-24,0.00,0.00,0.00,0.0,1,26.2,26.6
2023-08-25,0.00,0.00,0.00,0.0,1,26.0,29.1
2023-08-26,0.00,0.00,0.00,0.0,0,26.2,32.9
2023-08-27,0.00,0.00,0.00,0.0,3,25.5,30.5
2023-08-28,0.00,0.00,0.00,0.0,3,25.3,24.2
2023-08-29,0.00,0.00,0.00,0.0,0,25.7,22.8
2023-08-30,0.00,0.00,0.00,0.0,0,26.4,16.3
2023-08-31,0.00,0.00,0.00,0.0,3,27.3,15.7
2023-09-01,6.40,6.40,0.00,4.0,63,24.5,20.7
2023-09-02,0.40,0.40,0.00,1.0,51,25.1,28.7
2023-09-03,0.70,0.70,0.00,7.0,51,24.9,30.9
2023-09-04,0.80,0.80,0.00,2.0,53,24.2,25.3
2023-09-05,0.80,0.80,0.00,6.0,51,23.4,33.4
2023-09-06,0.10,0.10,0.00,1.0,51,24.2,33.9
2023-09-07,0.00,0.00,0.00,0.0,3,24.8,32.6
2023-09-08,0.10,0.10,0.00,1.0,51,23.8,32.8
2023-09-09,0.00,0.00,0.00,0.0,2,23.0,30.1
2023-09-10,0.00,0.00,0.00,0.0,1,22.9,31.1
2023-09-11,0.00,0.00,0.00,0.0,3,21.8,30.1
2023-09-12,0.00,0.00,0.00,0.0,1,21.6,23.3
2023-09-13,0.00,0.00,0.00,0.0,0,21.2,21.7
2023-09-14,0.00,0.00,0.00,0.0,2,21.9,21.4
2023-09-15,0.00,0.00,0.00,0.0,3,21.5,18.3
2023-09-16,0.00,0.00,0.00,0.0,3,22.1,26.6
2023-09-17,0.00,0.00,0.00,0.0,3,22.8,29.3
2023-09-18,0.00,0.00,0.00,0.0,3,21.8,31.1
2023-09-19,0.00,0.00,0.00,0.0,2,21.8,26.2
2023-09-20,0.00,0.00,0.00,0.0,3,20.4,20.2
2023-09-21,0.00,0.00,0.00,0.0,3,20.3,18.3
2023-09-22,0.00,0.00,0.00,0.0,2,21.5,12.0
2023-09-23,0.00,0.00,0.00,0.0,0,24.7,16.6
2023-09-24,0.00,0.00,0.00,0.0,0,23.3,23.7
2023-09-25,0.00,0.00,0.00,0.0,3,22.9,33.1
2023-09-26,0.00,0.00,0.00,0.0,3,22.9,33.1
2023-09-27,0.20,0.20,0.00,1.0,51,22.6,31.1
2023-09-28,13.80,13.80,0.00,14.0,63,20.9,21.4
2023-09-29,0.90,0.90,0.00,7.0,51,20.1,12.6
2023-09-30,19.70,19.70,0.00,15.0,63,19.3,12.9
2023-10-01,21.60,21.60,0.00,24.0,63,18.2,26.3
2023-10-02,3.90,3.90,0.00,12.0,53,19.0,25.7
2023-10-03,0.00,0.00,0.00,0.0,2,18.8,23.3
2023-10-04,0.00,0.00,0.00,0.0,1,17.6,15.3
2023-10-05,0.00,0.00,0.00,0.0,3,17.8,21.5
2023-10-06,0.00,0.00,0.00,0.0,3,18.8,19.2
2023-10-07,0.00,0.00,0.00,0.0,3,19.1,19.5
2023-10-08,0.00,0.00,0.00,0.0,0,18.0,19.6
2023-10-09,0.50,0.50,0.00,5.0,51,16.9,31.5
2023-10-10,0.00,0.00,0.00,0.0,3,15.6,17.6
2023-10-11,0.10,0.10,0.00,1.0,51,16.0,29.3
2023-10-12,0.00,0.00,0.00,0.0,1,17.5,20.1
2023-10-13,0.00,0.00,0.00,0.0,3,15.8,8.2
2023-10-14,0.00,0.00,0.00,0.0,3,17.4,18.3
2023-10-15,0.10,0.10,0.00,1.0,51,16.6,11.8
2023-10-16,4.10,4.10,0.00,11.0,53,16.1,30.0
2023-10-17,0.00,0.00,0.00,0.0,3,15.5,23.5
2023-10-18,12.40,12.40,0.00,21.0,61,14.8,22.2
2023-10-19,0.30,0.30,0.00,3.0,51,15.5,17.1
2023-10-20,0.00,0.00,0.00,0.0,0,18.3,27.1
2023-10-21,0.00,0.00,0.00,0.0,0,20.3,20.1
2023-10-22,0.00,0.00,0.00,0.0,3,19.3,11.2
2023-10-23,0.00,0.00,0.00,0.0,3,19.4,10.8
2023-10-24,0.00,0.00,0.00,0.0,3,18.6,11.5
2023-10-25,0.00,0.00,0.00,0.0,3,19.0,24.7
2023-10-26,0.00,0.00,0.00,0.0,3,22.1,29.6
2023-10-27,0.00,0.00,0.00,0.0,3,21.5,30.1
2023-10-28,0.00,0.00,0.00,0.0,3,22.0,32.0
2023-10-29,0.40,0.40,0.00,2.0,51,19.8,16.1
2023-10-30,0.00,0.00,0.00,0.0,3,19.5,21.9
2023-10-31,0.10,0.10,0.00,1.0,51,18.2,13.7
2023-11-01,0.00,0.00,0.00,0.0,3,19.5,18.9
2023-11-02,17.00,17.00,0.00,16.0,63,17.1,24.6
2023-11-03,0.70,0.70,0.00,5.0,51,19.7,34.0
2023-11-04,1.20,1.20,0.00,1.0,55,23.0,37.0
2023-11-05,8.70,8.70,0.00,2.0,63,19.7,33.3
2023-11-06,0.40,0.40,0.00,4.0,51,20.2,34.5
2023-11-07,0.20,0.20,0.00,2.0,51,18.7,10.0
2023-11-08,0.00,0.00,0.00,0.0,3,18.1,18.5
2023-11-09,10.70,10.70,0.00,7.0,63,14.5,25.0
2023-11-10,0.00,0.00,0.00,0.0,3,14.1,15.5
2023-11-11,12.90,12.90,0.00,9.0,63,18.4,44.6
2023-11-12,0.40,0.40,0.00,2.0,51,16.2,32.8
2023-11-13,27.60,27.60,0.00,16.0,63,14.4,26.7
2023-11-14,0.00,0.00,0.00,0.0,3,12.3,13.6
2023-11-15,0.40,0.40,0.00,2.0,51,16.5,24.2
2023-11-16,33.20,33.20,0.00,13.0,63,13.0,23.5
2023-11-17,0.00,0.00,0.00,0.0,3,12.6,18.7
2023-11-18,57.60,57.60,0.00,20.0,65,11.6,34.1
2023-11-19,26.20,24.90,0.91,18.0,73,5.5,31.1
2023-11-20,3.70,3.70,0.00,5.0,61,9.3,21.0
2023-11-21,0.10,0.10,0.00,1.0,51,12.7,16.7
2023-11-22,0.00,0.00,0.00,0.0,3,15.4,21.6
2023-11-23,4.40,4.40,0.00,12.0,53,12.6,20.8
2023-11-24,2.90,2.90,0.00,8.0,55,13.8,26.8
2023-11-25,0.20,0.20,0.00,2.0,51,16.6,38.5
2023-11-26,7.50,7.50,0.00,4.0,63,8.9,47.6
2023-11-27,0.00,0.00,0.00,0.0,3,4.3,22.7
2023-11-28,1.60,1.60,0.00,7.0,51,10.3,45.4
2023-11-29,30.60,30.60,0.00,20.0,63,14.3,52.9
2023-11-30,14.40,14.40,0.00,4.0,63,11.2,28.4
2023-12-01,0.00,0.00,0.00,0.0,3,15.6,33.3
2023-12-02,0.00,0.00,0.00,0.0,3,17.5,41.4
2023-12-03,0.00,0.00,0.00,0.0,3,18.1,40.0
2023-12-04,3.50,3.50,0.00,12.0,53,10.4,29.0
2023-12-05,0.00,0.00,0.00,0.0,3,10.3,23.0
2023-12-06,2.00,2.00,0.00,5.0,53,10.5,15.0
2023-12-07,4.30,4.30,0.00,17.0,53,10.4,15.4
2023-12-08,5.60,5.60,0.00,20.0,61,8.0,28.7
2023-12-09,13.00,13.00,0.00,23.0,63,6.7,30.6
2023-12-10,0.40,0.40,0.00,2.0,51,6.6,12.7
2023-12-11,0.00,0.00,0.00,0.0,3,7.8,12.7
2023-12-12,0.00,0.00,0.00,0.0,3,8.7,15.3
2023-12-13,0.00,0.00,0.00,0.0,3,9.4,12.1
2023-12-14,0.00,0.00,0.00,0.0,3,14.6,37.3
2023-12-15,7.10,7.10,0.00,7.0,61,11.8,28.0
2023-12-16,23.30,23.30,0.00,24.0,63,8.1,39.0
2023-12-17,3.30,3.30,0.00,4.0,55,6.6,30.8
2023-12-18,0.00,0.00,0.00,0.0,2,5.8,9.0
2023-12-19,0.00,0.00,0.00,0.0,3,7.3,10.7
2023-12-20,0.00,0.00,0.00,0.0,3,6.8,13.3
2023-12-21,2.30,2.30,0.00,9.0,53,9.9,16.1
2023-12-22,9.30,9.30,0.00,13.0,63,9.7,30.0
2023-12-23,1.40,1.40,0.00,1.0,61,9.6,38.5
2023-12-24,0.80,0.80,0.00,1.0,53,11.6,28.3
2023-12-25,0.00,0.00,0.00,0.0,3,13.1,23.9
2023-12-26,0.00,0.00,0.00,0.0,0,13.2,21.3
2023-12-27,0.20,0.20,0.00,2.0,51,12.8,22.1
2023-12-28,0.00,0.00,0.00,0.0,3,9.0,10.9
2023-12-29,0.00,0.00,0.00,0.0,3,7.8,14.5
2023-12-30,0.00,0.00,0.00,0.0,3,9.2,11.5
2023-12-31,0.30,0.30,0.00,3.0,51,10.6,10.6
2024-01-01,0.00,0.00,0.00,0.0,3,11.3,20.6
2024-01-02,6.90,6.90,0.00,6.0,61,11.2,23.4
2024-01-03,2.50,2.50,0.00,5.0,53,10.9,23.4
2024-01-04,0.40,0.40,0.00,2.0,51,12.7,23.9
2024-01-05,1.40,1.40,0.00,4.0,53,10.9,28.9
2024-01-06,0.00,0.00,0.00,0.0,3,11.1,17.3
2024-01-07,3.20,3.20,0.00,2.0,61,12.6,37.7
2024-01-08,1.60,1.60,0.00,3.0,61,12.0,37.8
2024-01-09,17.70,17.60,0.07,17.0,71,4.5,33.0
2024-01-10,13.40,13.40,0.00,18.0,61,4.5,34.8
2024-01-11,0.00,0.00,0.00,0.0,3,4.2,19.0
2024-01-12,0.50,0.50,0.00,5.0,51,2.7,27.0
2024-01-13,0.00,0.00,0.00,0.0,3,1.8,24.0
2024-01-14,0.00,0.00,0.00,0.0,3,2.8,21.9
2024-01-15,0.00,0.00,0.00,0.0,3,9.2,30.3
2024-01-16,10.40,10.40,0.00,14.0,63,10.2,31.3
2024-01-17,0.00,0.00,0.00,0.0,3,7.3,13.0
2024-01-18,0.60,0.60,0.00,3.0,51,11.8,34.7
2024-01-19,10.10,10.10,0.00,6.0,63,14.3,43.1
2024-01-20,20.60,20.60,0.00,16.0,63,8.5,34.4
2024-01-21,5.00,5.00,0.00,9.0,53,5.3,33.8
2024-01-22,0.20,0.20,0.00,2.0,51,5.3,29.1
2024-01-23,0.00,0.00,0.00,0.0,2,5.2,18.1
2024-01-24,0.10,0.10,0.00,1.0,51,5.5,19.8
2024-01-25,1.30,1.30,0.00,2.0,55,6.0,24.2
2024-01-26,2.70,2.70,0.00,6.0,61,5.9,18.3
2024-01-27,5.00,5.00,0.00,8.0,61,5.0,19.7
2024-01-28,1.50,1.50,0.00,6.0,53,4.6,23.1
2024-01-29,4.40,4.10,0.21,19.0,71,3.5,25.3
2024-01-30,2.80,2.60,0.14,13.0,71,4.0,34.5
2024-01-31,0.30,0.30,0.00,3.0,51,5.5,31.8
2024-02-01,0.00,0.00,0.00,0.0,3,5.7,17.8
2024-02-02,0.20,0.20,0.00,2.0,51,5.0,15.9
2024-02-03,0.00,0.00,0.00,0.0,3,5.6,15.3
2024-02-04,0.30,0.30,0.00,2.0,51,7.8,22.8
2024-02-05,0.00,0.00,0.00,0.0,3,10.5,27.1
2024-02-06,0.00,0.00,0.00,0.0,2,11.8,20.3
2024-02-07,0.00,0.00,0.00,0.0,3,12.6,27.8
2024-02-08,0.40,0.40,0.00,3.0,51,13.6,28.0
2024-02-09,0.00,0.00,0.00,0.0,3,12.3,23.4
2024-02-10,0.00,0.00,0.00,0.0,3,13.6,31.9
2024-02-11,0.00,0.00,0.00,0.0,3,14.5,33.1
2024-02-12,3.40,3.40,0.00,11.0,53,13.5,21.2
2024-02-13,3.40,3.40,0.00,7.0,55,10.5,18.6
2024-02-14,0.70,0.70,0.00,5.0,51,7.9,27.5
2024-02-15,13.90,13.90,0.00,22.0,61,6.9,27.0
2024-02-16,6.20,6.20,0.00,14.0,61,7.2,18.9
2024-02-17,0.20,0.20,0.00,2.0,51,6.8,20.6
2024-02-18,0.00,0.00,0.00,0.0,3,6.1,14.8
2024-02-19,0.00,0.00,0.00,0.0,3,6.3,16.3
2024-02-20,0.00,0.00,0.00,0.0,2,5.6,16.4
2024-02-21,0.00,0.00,0.00,0.0,3,5.8,12.5
2024-02-22,0.00,0.00,0.00,0.0,3,6.6,10.2
2024-02-23,0.00,0.00,0.00,0.0,3,9.5,18.5
2024-02-24,0.00,0.00,0.00,0.0,0,12.4,20.0
2024-02-25,0.00,0.00,0.00,0.0,3,12.5,12.5
2024-02-26,0.00,0.00,0.00,0.0,3,11.3,16.3
2024-02-27,0.00,0.00,0.00,0.0,3,9.0,16.6
2024-02-28,0.00,0.00,0.00,0.0,3,8.7,15.3
2024-02-29,0.00,0.00,0.00,0.0,3,9.4,19.5
2024-03-01,0.00,0.00,0.00,0.0,3,9.6,19.2
2024-03-02,0.00,0.00,0.00,0.0,3,9.3,14.6
2024-03-03,0.60,0.60,0.00,3.0,51,8.1,14.1
2024-03-04,0.00,0.00,0.00,0.0,3,8.5,10.4
2024-03-05,1.90,1.90,0.00,6.0,55,10.0,13.3
2024-03-06,1.70,1.70,0.00,8.0,53,8.2,18.1
2024-03-07,0.00,0.00,0.00,0.0,3,7.2,16.1
2024-03-08,16.10,16.10,0.00,22.0,61,6.5,18.6
2024-03-09,2.80,2.80,0.00,9.0,53,6.4,15.6
2024-03-10,0.00,0.00,0.00,0.0,3,6.1,13.3
2024-03-11,0.00,0.00,0.00,0.0,3,10.6,12.2
2024-03-12,4.80,4.80,0.00,6.0,61,12.7,17.7
2024-03-13,9.10,9.10,0.00,10.0,61,11.3,23.8
2024-03-14,1.60,1.60,0.00,5.0,53,9.7,15.0
2024-03-15,5.90,5.90,0.00,13.0,61,8.0,16.8
2024-03-16,0.30,0.30,0.00,3.0,51,7.4,13.7
2024-03-17,0.00,0.00,0.00,0.0,3,8.0,16.2
2024-03-18,0.00,0.00,0.00,0.0,2,7.8,12.7
2024-03-19,0.10,0.10,0.00,1.0,51,9.9,21.2
2024-03-20,6.10,6.10,0.00,15.0,61,6.4,26.6
2024-03-21,0.40,0.40,0.00,2.0,51,5.8,14.1
2024-03-22,3.40,3.30,0.07,9.0,71,5.9,22.5
2024-03-23,0.00,0.00,0.00,0.0,3,6.7,13.1
2024-03-24,0.00,0.00,0.00,0.0,3,9.2,19.7
2024-03-25,8.70,8.70,0.00,9.0,63,10.4,34.7
2024-03-26,0.00,0.00,0.00,0.0,3,9.8,17.1
2024-03-27,6.20,6.20,0.00,8.0,63,14.2,15.0
2024-03-28,1.30,1.30,0.00,2.0,55,16.2,23.0
2024-03-29,0.00,0.00,0.00,0.0,1,14.5,14.2
2024-03-30,0.00,0.00,0.00,0.0,3,16.6,10.7
2024-03-31,0.00,0.00,0.00,0.0,3,15.9,14.1
2024-04-01,0.00,0.00,0.00,0.0,3,16.5,15.0
2024-04-02,0.00,0.00,0.00,0.0,3,17.6,16.6
2024-04-03,0.00,0.00,0.00,0.0,3,15.3,22.3
2024-04-04,0.00,0.00,0.00,0.0,3,14.1,16.4
2024-04-05,0.00,0.00,0.00,0.0,3,13.0,10.6
2024-04-06,0.00,0.00,0.00,0.0,3,14.0,12.5
2024-04-07,1.30,1.30,0.00,6.0,51,12.4,22.8
2024-04-08,0.00,0.00,0.00,0.0,0,12.5,26.1
2024-04-09,0.00,0.00,0.00,0.0,0,13.0,20.6
2024-04-10,0.00,0.00,0.00,0.0,3,13.1,20.0
2024-04-11,0.00,0.00,0.00,0.0,3,14.0,19.8
2024-04-12,0.00,0.00,0.00,0.0,0,15.2,19.9
2024-04-13,0.00,0.00,0.00,0.0,3,15.4,19.2
2024-04-14,0.00,0.00,0.00,0.0,1,16.0,11.4
2024-04-15,0.00,0.00,0.00,0.0,3,17.2,11.8
2024-04-16,0.00,0.00,0.00,0.0,3,19.9,19.6
2024-04-17,0.40,0.40,0.00,2.0,51,20.4,30.7
2024-04-18,0.60,0.60,0.00,3.0,51,16.5,28.7
2024-04-19,4.90,4.90,0.00,17.0,53,13.1,22.7
2024-04-20,31.90,31.90,0.00,22.0,63,12.5,32.3
2024-04-21,0.00,0.00,0.00,0.0,3,12.9,18.8
2024-04-22,2.30,2.30,0.00,3.0,61,15.7,25.3
2024-04-23,0.40,0.40,0.00,2.0,51,16.4,23.9
2024-04-24,0.00,0.00,0.00,0.0,3,20.5,26.3
2024-04-25,0.40,0.40,0.00,4.0,51,18.4,11.2
2024-04-26,1.40,1.40,0.00,7.0,51,15.7,16.3
2024-04-27,0.00,0.00,0.00,0.0,3,14.2,31.4
2024-04-28,22.60,22.60,0.00,7.0,65,14.5,25.0
2024-04-29,0.60,0.60,0.00,4.0,51,14.1,21.1
2024-04-30,0.70,0.70,0.00,6.0,51,14.7,24.1
2024-05-01,15.10,15.10,0.00,14.0,65,14.0,25.0
2024-05-02,0.40,0.40,0.00,3.0,51,13.7,16.0
2024-05-03,3.60,3.60,0.00,7.0,55,14.5,15.4
2024-05-04,1.80,1.80,0.00,8.0,53,13.9,16.8
2024-05-05,6.80,6.80,0.00,3.0,63,13.4,27.1
2024-05-06,0.00,0.00,0.00,0.0,0,12.3,10.5
2024-05-07,0.00,0.00,0.00,0.0,1,15.2,10.9
2024-05-08,0.00,0.00,0.00,0.0,3,17.7,21.4
2024-05-09,0.00,0.00,0.00,0.0,3,15.7,23.1
2024-05-10,19.80,19.80,0.00,12.0,63,14.9,38.4
2024-05-11,10.20,10.20,0.00,12.0,63,13.9,34.6
2024-05-12,0.10,0.10,0.00,1.0,51,13.9,19.4
2024-05-13,5.60,5.60,0.00,6.0,61,12.8,27.2
2024-05-14,0.00,0.00,0.00,0.0,3,12.2,17.3
2024-05-15,0.00,0.00,0.00,0.0,3,13.3,21.1
2024-05-16,0.20,0.20,0.00,1.0,51,14.2,20.0
2024-05-17,4.40,4.40,0.00,7.0,61,15.4,24.5
2024-05-18,0.00,0.00,0.00,0.0,3,16.6,15.6
2024-05-19,2.30,2.30,0.00,2.0,61,15.7,26.2
2024-05-20,0.00,0.00,0.00,0.0,3,16.4,20.2
2024-05-21,0.00,0.00,0.00,0.0,3,16.7,18.4
2024-05-22,0.00,0.00,0.00,0.0,1,18.2,18.4
2024-05-23,3.60,3.60,0.00,5.0,61,16.9,20.5
2024-05-24,7.70,7.70,0.00,11.0,61,17.3,17.7
2024-05-25,0.00,0.00,0.00,0.0,3,17.7,24.5
2024-05-26,0.00,0.00,0.00,0.0,3,17.2,30.1
2024-05-27,0.70,0.70,0.00,5.0,51,16.3,19.2
2024-05-28,1.90,1.90,0.00,9.0,51,16.1,10.0
2024-05-29,0.00,0.00,0.00,0.0,3,18.1,9.9
2024-05-30,0.00,0.00,0.00,0.0,1,19.8,13.8
2024-05-31,0.00,0.00,0.00,0.0,1,21.6,12.2
2024-06-01,0.00,0.00,0.00,0.0,3,23.0,12.7
2024-06-02,0.00,0.00,0.00,0.0,3,24.6,14.3
2024-06-03,0.00,0.00,0.00,0.0,3,26.0,18.1
2024-06-04,0.00,0.00,0.00,0.0,3,26.2,13.6
2024-06-05,0.00,0.00,0.00,0.0,2,25.2,19.4
2024-06-06,0.00,0.00,0.00,0.0,3,24.1,24.2
2024-06-07,0.00,0.00,0.00,0.0,3,23.8,23.5
2024-06-08,0.00,0.00,0.00,0.0,3,23.2,25.3
2024-06-09,0.00,0.00,0.00,0.0,0,23.6,22.7
2024-06-10,0.00,0.00,0.00,0.0,2,25.0,15.5
2024-06-11,0.00,0.00,0.00,0.0,3,27.8,13.0
2024-06-12,0.00,0.00,0.00,0.0,2,27.8,21.5
2024-06-13,0.00,0.00,0.00,0.0,3,28.2,18.6
2024-06-14,9.40,9.40,0.00,7.0,63,25.3,35.8
2024-06-15,0.20,0.20,0.00,2.0,51,21.8,17.0
2024-06-16,0.00,0.00,0.00,0.0,1,22.6,19.6
2024-06-17,0.00,0.00,0.00,0.0,0,23.8,20.1
2024-06-18,0.00,0.00,0.00,0.0,0,24.1,31.1
2024-06-19,0.00,0.00,0.00,0.0,0,24.2,29.6
2024-06-20,0.00,0.00,0.00,0.0,0,24.3,27.4
2024-06-21,0.00,0.00,0.00,0.0,2,24.5,30.0
2024-06-22,0.00,0.00,0.00,0.0,1,23.5,31.7
2024-06-23,0.00,0.00,0.00,0.0,0,23.5,32.8
2024-06-24,0.00,0.00,0.00,0.0,3,23.8,25.5
2024-06-25,0.00,0.00,0.00,0.0,2,24.1,29.4
2024-06-26,0.00,0.00,0.00,0.0,1,23.6,27.6
2024-06-27,0.00,0.00,0.00,0.0,0,23.3,29.5
2024-06-28,0.00,0.00,0.00,0.0,3,23.7,34.6
2024-06-29,0.00,0.00,0.00,0.0,1,24.1,32.1
2024-06-30,0.00,0.00,0.00,0.0,0,24.8,24.3
2024-07-01,0.00,0.00,0.00,0.0,3,24.4,25.5
2024-07-02,0.00,0.00,0.00,0.0,3,26.3,16.9
2024-07-03,0.00,0.00,0.00,0.0,2,25.1,26.5
2024-07-04,5.20,5.20,0.00,8.0,63,24.0,20.2
2024-07-05,2.60,2.60,0.00,3.0,61,22.7,21.3
2024-07-06,1.00,1.00,0.00,4.0,51,23.8,32.2
2024-07-07,0.00,0.00,0.00,0.0,0,25.2,27.7
2024-07-08,0.00,0.00,0.00,0.0,1,25.7,25.9
2024-07-09,0.00,0.00,0.00,0.0,0,26.9,26.6
2024-07-10,0.00,0.00,0.00,0.0,3,27.6,27.8
2024-07-11,13.30,13.30,0.00,13.0,63,24.7,25.0
2024-07-12,3.30,3.30,0.00,7.0,55,26.1,25.5
2024-07-13,0.00,0.00,0.00,0.0,2,26.6,27.3
2024-07-14,0.00,0.00,0.00,0.0,0,26.7,23.3
2024-07-15,0.00,0.00,0.00,0.0,1,26.7,26.2
2024-07-16,0.00,0.00,0.00,0.0,3,27.6,26.9
2024-07-17,0.90,0.90,0.00,1.0,53,28.8,23.5
2024-07-18,0.00,0.00,0.00,0.0,3,28.8,24.5
2024-07-19,0.00,0.00,0.00,0.0,2,28.5,28.1
2024-07-20,0.40,0.40,0.00,4.0,51,28.3,26.5
2024-07-21,0.00,0.00,0.00,0.0,0,28.0,24.5
2024-07-22,0.00,0.00,0.00,0.0,2,28.3,22.2
2024-07-23,0.90,0.90,0.00,2.0,53,27.1,25.9
2024-07-24,0.70,0.70,0.00,2.0,53,26.4,25.8
2024-07-25,0.60,0.60,0.00,3.0,51,26.6,26.9
2024-07-26,2.50,2.50,0.00,9.0,53,23.6,26.2
2024-07-27,1.70,1.70,0.00,8.0,51,23.9,22.9
2024-07-28,0.10,0.10,0.00,1.0,51,25.6,28.9
2024-07-29,0.00,0.00,0.00,0.0,0,26.8,29.2
2024-07-30,3.30,3.30,0.00,7.0,61,25.5,31.3
2024-07-31,0.00,0.00,0.00,0.0,1,24.5,27.0
2024-08-01,0.00,0.00,0.00,0.0,1,24.1,25.0
2024-08-02,0.00,0.00,0.00,0.0,0,24.6,22.2
2024-08-03,0.00,0.00,0.00,0.0,0,25.8,11.0
2024-08-04,0.00,0.00,0.00,0.0,2,26.6,19.5
2024-08-05,0.20,0.20,0.00,2.0,51,24.9,23.3
2024-08-06,0.00,0.00,0.00,0.0,1,25.6,15.0
2024-08-07,0.40,0.40,0.00,2.0,51,23.8,22.3
2024-08-08,0.10,0.10,0.00,1.0,51,24.0,21.6
2024-08-09,0.10,0.10,0.00,1.0,51,25.6,23.8
2024-08-10,0.20,0.20,0.00,2.0,51,25.8,24.1
2024-08-11,0.00,0.00,0.00,0.0,0,26.3,26.6
2024-08-12,0.00,0.00,0.00,0.0,1,26.1,27.1
2024-08-13,0.00,0.00,0.00,0.0,0,26.4,26.3
2024-08-14,0.00,0.00,0.00,0.0,0,27.2,34.4
2024-08-15,0.00,0.00,0.00,0.0,0,25.9,27.8
2024-08-16,0.00,0.00,0.00,0.0,1,24.9,30.4
2024-08-17,0.00,0.00,0.00,0.0,1,25.2,29.9
2024-08-18,0.00,0.00,0.00,0.0,3,25.0,24.3
2024-08-19,1.20,1.20,0.00,5.0,53,24.5,17.7
2024-08-20,0.00,0.00,0.00,0.0,0,24.2,19.2
2024-08-21,1.30,1.30,0.00,4.0,53,24.1,18.7
2024-08-22,0.00,0.00,0.00,0.0,1,25.4,19.6
2024-08-23,0.00,0.00,0.00,0.0,0,25.7,23.4
2024-08-24,0.00,0.00,0.00,0.0,1,25.9,24.2
2024-08-25,0.00,0.00,0.00,0.0,3,25.2,26.8
2024-08-26,0.10,0.10,0.00,1.0,51,25.9,26.6
2024-08-27,1.70,1.70,0.00,4.0,61,24.8,24.1
2024-08-28,0.00,0.00,0.00,0.0,3,24.0,17.4
2024-08-29,4.70,4.70,0.00,7.0,61,23.8,17.5
2024-08-30,3.30,3.30,0.00,9.0,53,22.9,18.7
2024-08-31,0.70,0.70,0.00,4.0,51,23.4,14.3
2024-09-01,4.60,4.60,0.00,10.0,61,23.2,17.9
2024-09-02,20.20,20.20,0.00,13.0,63,22.0,14.8
2024-09-03,1.60,1.60,0.00,10.0,51,23.6,11.0
2024-09-04,0.50,0.50,0.00,2.0,51,24.2,25.1
2024-09-05,0.00,0.00,0.00,0.0,0,23.6,16.1
2024-09-06,0.00,0.00,0.00,0.0,2,23.2,17.4
2024-09-07,1.10,1.10,0.00,5.0,51,22.6,17.8
2024-09-08,2.20,2.20,0.00,13.0,51,21.7,25.7
2024-09-09,1.70,1.70,0.00,5.0,53,22.3,18.6
2024-09-10,0.20,0.20,0.00,1.0,51,24.0,17.1
2024-09-11,0.40,0.40,0.00,2.0,51,23.6,16.4
2024-09-12,0.90,0.90,0.00,7.0,51,23.9,18.8
2024-09-13,0.00,0.00,0.00,0.0,2,24.8,13.5
2024-09-14,0.00,0.00,0.00,0.0,2,26.4,24.0
2024-09-15,4.70,4.70,0.00,7.0,63,21.9,21.8
2024-09-16,0.90,0.90,0.00,5.0,53,20.1,18.1
2024-09-17,3.10,3.10,0.00,6.0,61,20.1,20.7
2024-09-18,3.40,3.40,0.00,12.0,55,20.1,22.3
2024-09-19,0.40,0.40,0.00,3.0,51,19.9,22.5
2024-09-20,2.60,2.60,0.00,8.0,55,19.6,21.0
2024-09-21,7.00,7.00,0.00,10.0,63,19.3,22.4
2024-09-22,1.60,1.60,0.00,7.0,53,20.2,27.3
2024-09-23,1.00,1.00,0.00,5.0,51,19.1,17.3
2024-09-24,0.10,0.10,0.00,1.0,51,19.9,11.7
2024-09-25,0.00,0.00,0.00,0.0,2,20.8,18.7
2024-09-26,0.00,0.00,0.00,0.0,3,20.9,19.1
2024-09-27,0.00,0.00,0.00,0.0,3,21.2,18.7
2024-09-28,0.00,0.00,0.00,0.0,3,22.2,17.8
2024-09-29,1.80,1.80,0.00,1.0,61,22.1,15.4
2024-09-30,34.00,34.00,0.00,14.0,65,16.8,27.6
2024-10-01,0.40,0.40,0.00,4.0,51,16.0,19.1
2024-10-02,0.20,0.20,0.00,1.0,51,17.6,14.7
2024-10-03,0.00,0.00,0.00,0.0,3,18.2,9.9
2024-10-04,0.00,0.00,0.00,0.0,0,21.3,16.0
2024-10-05,0.00,0.00,0.00,0.0,3,24.1,10.1
2024-10-06,0.10,0.10,0.00,1.0,51,22.2,15.4
2024-10-07,1.30,1.30,0.00,7.0,51,19.1,20.3
2024-10-08,0.00,0.00,0.00,0.0,3,18.4,19.5
2024-10-09,0.50,0.50,0.00,1.0,53,19.0,19.2
2024-10-10,0.30,0.30,0.00,2.0,51,21.2,17.4
2024-10-11,0.00,0.00,0.00,0.0,3,22.5,20.5
2024-10-12,2.30,2.30,0.00,10.0,53,19.6,22.7
2024-10-13,0.00,0.00,0.00,0.0,3,16.6,16.7
2024-10-14,0.00,0.00,0.00,0.0,3,15.9,14.1
2024-10-15,0.00,0.00,0.00,0.0,3,16.3,20.1
2024-10-16,0.80,0.80,0.00,8.0,51,14.9,28.5
2024-10-17,1.60,1.60,0.00,11.0,53,13.3,28.6
2024-10-18,1.20,1.20,0.00,6.0,53,12.5,22.4
2024-10-19,1.00,1.00,0.00,4.0,53,12.1,16.8
2024-10-20,0.10,0.10,0.00,1.0,51,12.0,21.5
2024-10-21,0.30,0.30,0.00,1.0,51,12.8,18.4
2024-10-22,0.00,0.00,0.00,0.0,3,13.2,18.5
2024-10-23,0.00,0.00,0.00,0.0,3,13.5,18.8
2024-10-24,0.00,0.00,0.00,0.0,3,14.1,19.4
2024-10-25,0.30,0.30,0.00,3.0,51,14.4,22.6
2024-10-26,0.00,0.00,0.00,0.0,1,13.5,21.7
2024-10-27,0.00,0.00,0.00,0.0,2,14.4,19.7
2024-10-28,0.00,0.00,0.00,0.0,3,14.3,11.2
2024-10-29,0.00,0.00,0.00,0.0,3,14.2,19.0
2024-10-30,0.20,0.20,0.00,1.0,51,14.9,21.6
2024-10-31,0.00,0.00,0.00,0.0,3,14.8,22.2
2024-11-01,0.00,0.00,0.00,0.0,3,13.8,18.3
2024-11-02,0.00,0.00,0.00,0.0,3,13.7,12.7
2024-11-03,0.90,0.90,0.00,2.0,53,12.7,32.3
2024-11-04,0.00,0.00,0.00,0.0,3,11.1,9.8
2024-11-05,0.00,0.00,0.00,0.0,3,11.2,22.9
2024-11-06,0.00,0.00,0.00,0.0,3,11.3,24.9
2024-11-07,0.00,0.00,0.00,0.0,1,12.5,27.7
2024-11-08,0.00,0.00,0.00,0.0,2,13.4,24.7
2024-11-09,0.00,0.00,0.00,0.0,3,12.5,27.8
2024-11-10,0.10,0.10,0.00,1.0,51,11.4,24.3
2024-11-11,0.00,0.00,0.00,0.0,3,13.0,18.0
2024-11-12,0.20,0.20,0.00,2.0,51,13.4,20.2
2024-11-13,1.00,1.00,0.00,7.0,51,13.1,12.4
2024-11-14,0.00,0.00,0.00,0.0,3,13.0,12.6
2024-11-15,3.90,3.90,0.00,12.0,53,12.3,19.4
2024-11-16,2.10,2.10,0.00,7.0,53,10.4,23.5
2024-11-17,0.10,0.10,0.00,1.0,51,11.6,19.6
2024-11-18,1.80,1.80,0.00,5.0,61,11.0,7.2
2024-11-19,0.00,0.00,0.00,0.0,3,10.0,5.4
2024-11-20,0.00,0.00,0.00,0.0,3,13.1,26.7
2024-11-21,23.60,23.60,0.00,7.0,63,14.2,35.3
2024-11-22,0.00,0.00,0.00,0.0,3,12.0,31.6
2024-11-23,38.70,38.70,0.00,10.0,65,10.1,38.0
2024-11-24,1.60,1.00,0.42,4.0,73,5.4,24.1
2024-11-25,0.30,0.30,0.00,1.0,51,6.0,16.5
2024-11-26,0.00,0.00,0.00,0.0,3,7.8,7.6
2024-11-27,0.30,0.30,0.00,1.0,51,9.4,13.5
2024-11-28,0.00,0.00,0.00,0.0,3,9.5,5.4
2024-11-29,0.00,0.00,0.00,0.0,3,8.9,6.9
2024-11-30,0.00,0.00,0.00,0.0,3,11.1,17.6
2024-12-01,0.10,0.10,0.00,1.0,51,11.3,24.5
2024-12-02,6.80,6.80,0.00,8.0,63,10.9,18.8
2024-12-03,3.40,3.40,0.00,14.0,53,10.3,14.7
2024-12-04,7.40,7.40,0.00,21.0,55,9.3,12.7
2024-12-05,0.10,0.10,0.00,1.0,51,9.7,13.1
2024-12-06,0.00,0.00,0.00,0.0,3,9.4,12.4
2024-12-07,0.20,0.20,0.00,1.0,51,12.0,16.1
2024-12-08,2.50,2.50,0.00,6.0,55,12.1,14.3
2024-12-09,23.60,23.60,0.00,15.0,63,14.0,21.0
2024-12-10,31.00,31.00,0.00,11.0,65,13.5,21.7
2024-12-11,7.90,7.90,0.00,9.0,63,9.8,14.8
2024-12-12,0.80,0.80,0.00,2.0,53,7.7,12.7
2024-12-13,0.30,0.30,0.00,2.0,51,6.4,17.7
2024-12-14,0.00,0.00,0.00,0.0,3,5.4,9.8
2024-12-15,11.40,11.40,0.00,19.0,63,8.8,20.5
2024-12-16,1.30,1.30,0.00,5.0,53,7.3,19.0
2024-12-17,0.00,0.00,0.00,0.0,0,8.6,17.1
2024-12-18,0.00,0.00,0.00,0.0,1,9.5,10.7
2024-12-19,0.00,0.00,0.00,0.0,3,8.1,7.8
2024-12-20,0.00,0.00,0.00,0.0,3,9.8,12.1
2024-12-21,16.80,16.80,0.00,14.0,63,10.8,19.4
2024-12-22,4.40,4.40,0.00,10.0,55,6.9,18.9
2024-12-23,0.00,0.00,0.00,0.0,3,8.7,12.4
2024-12-24,7.90,7.90,0.00,15.0,61,10.7,16.4
2024-12-25,2.80,2.80,0.00,7.0,55,11.1,17.3
2024-12-26,4.80,4.80,0.00,18.0,53,10.7,24.9
2024-12-27,6.60,6.60,0.00,21.0,53,6.6,25.1
2024-12-28,1.70,1.70,0.00,12.0,51,6.7,23.3
2024-12-29,4.80,4.80,0.00,20.0,53,7.0,21.2
2024-12-30,0.00,0.00,0.00,0.0,3,6.6,17.0
2024-12-31,0.00,0.00,0.00,0.0,2,5.9,7.4
